tijd,Large City,Medium City,Small City
2025-01-01 00:00:00,1364.3591105839005,462.19734366587466,89.20126375920958
2025-01-01 01:00:00,928.6406022752818,322.9355523779064,64.95781615619997
2025-01-01 02:00:00,690.8851633972702,219.656078815685,48.867195797269645
2025-01-01 03:00:00,565.5745339292735,192.6599706685772,30.93626418827041
2025-01-01 04:00:00,563.3146191636622,172.2478400698636,27.865832125780916
2025-01-01 05:00:00,827.9934569970824,291.52110877714455,54.58560957500262
2025-01-01 06:00:00,1296.2382311438398,420.77992078614767,86.07902807854457
2025-01-01 07:00:00,1773.7229882266536,643.1536942124775,121.2560166050923
2025-01-01 08:00:00,2180.354380302105,763.539734641982,134.32938468337878
2025-01-01 09:00:00,2432.6759693020817,774.4502954740918,112.53157845212716
2025-01-01 10:00:00,2679.781325895768,773.6196690438748,156.71882689077717
2025-01-01 11:00:00,2489.799173838808,822.1550359092308,159.04836497049897
2025-01-01 12:00:00,2318.4843234790496,787.4447739410971,167.07196819619315
2025-01-01 13:00:00,2502.936006680178,888.4327557056714,165.72621119115897
2025-01-01 14:00:00,2329.2606971943637,803.6054602150788,155.2720648999619
2025-01-01 15:00:00,2318.14200137169,823.128237633912,129.67635328534394
2025-01-01 16:00:00,2333.1987413911,756.4427147662761,119.84763186319107
2025-01-01 17:00:00,2057.985096502355,727.7593233621105,136.534050455658
2025-01-01 18:00:00,2009.2472451121832,708.3612192499801,114.05117920182413
2025-01-01 19:00:00,2000.4381613515557,751.7873321604122,145.4852693304839
2025-01-01 20:00:00,2106.608961806246,745.20655924862,105.27979881879708
2025-01-01 21:00:00,2180.8436865664057,696.590803774911,136.99375623857904
2025-01-01 22:00:00,1941.1885020645245,703.1125803701487,118.58871677790039
2025-01-01 23:00:00,1624.1013946914766,541.4192377158779,94.40223117572286
2025-01-02 00:00:00,1188.1183246816747,406.7691634664304,70.09837198072431
2025-01-02 01:00:00,837.6309031561152,259.8805976603659,43.811143276567485
2025-01-02 02:00:00,668.7317601448606,231.4209238775299,39.631218804459415
2025-01-02 03:00:00,524.1111420612954,179.46624583112,31.586502219542634
2025-01-02 04:00:00,526.3929771034544,175.6102745361677,36.66439426712617
2025-01-02 05:00:00,796.8811682942656,257.6901072837727,45.049534721784894
2025-01-02 06:00:00,1184.5582220175775,385.7530235328915,77.94761454001092
2025-01-02 07:00:00,1670.0839195418896,540.0856398133067,88.58923638288644
2025-01-02 08:00:00,2023.9149715668868,691.3945951892732,133.22008524958602
2025-01-02 09:00:00,2294.9702015910416,783.9719427641743,107.94280651317092
2025-01-02 10:00:00,2328.5846311850596,789.8153961942826,183.48339950893168
2025-01-02 11:00:00,2352.089941160716,831.403222705569,146.59360387957304
2025-01-02 12:00:00,2331.152973167498,776.623325809865,101.86664810184861
2025-01-02 13:00:00,2313.3158976298414,741.9126473679248,131.35663138979558
2025-01-02 14:00:00,2202.845885459277,756.1657244751503,126.97712285855164
2025-01-02 15:00:00,2213.559679915706,685.4201145037842,127.64838356993813
2025-01-02 16:00:00,2109.1060483573565,722.5679979305631,128.5326343715692
2025-01-02 17:00:00,2027.1328911991557,632.8802155969744,118.895713225057
2025-01-02 18:00:00,2011.0401206148183,628.0731695042916,112.84361847401483
2025-01-02 19:00:00,1866.8490979054754,599.8447229164559,108.88827238896248
2025-01-02 20:00:00,1960.168236144843,678.1063584154494,139.45987525542688
2025-01-02 21:00:00,1949.6195098136461,737.1506459894218,144.71513123655313
2025-01-02 22:00:00,1688.414357822427,603.8985523107712,110.60550556041619
2025-01-02 23:00:00,1492.7031087951507,527.56476269333,95.63234760396344
2025-01-03 00:00:00,1361.4557471673402,481.48889977743784,88.6717731336145
2025-01-03 01:00:00,957.7385694540039,319.0792744179027,73.66138000210852
2025-01-03 02:00:00,723.9810162904103,224.76544090786777,55.8734515601903
2025-01-03 03:00:00,590.177370629958,180.03438723080433,42.33870259668421
2025-01-03 04:00:00,581.2661422447136,181.69886514036415,44.25693293390674
2025-01-03 05:00:00,841.084567176096,264.8200863526873,65.93928815118201
2025-01-03 06:00:00,1320.283273174198,401.27491633406567,85.34433594861612
2025-01-03 07:00:00,1767.5582650824806,598.761593042958,150.71976315809067
2025-01-03 08:00:00,2117.2560094387145,737.6776046902382,160.46690366742922
2025-01-03 09:00:00,2397.445198084774,727.3441863905932,218.05062657231383
2025-01-03 10:00:00,2454.7447520455667,797.2303170136652,202.7028339850428
2025-01-03 11:00:00,2485.1436046057484,807.5629188648516,234.09291155197351
2025-01-03 12:00:00,2474.280473157302,833.6733486808125,213.29729742493333
2025-01-03 13:00:00,2492.630243505725,834.0042114404454,189.13084894248203
2025-01-03 14:00:00,2516.497317129349,880.1070911802838,167.5869698275449
2025-01-03 15:00:00,2261.227441721776,745.2842745423775,164.57609052001638
2025-01-03 16:00:00,2315.7977356286888,727.6370870341358,183.44532193903953
2025-01-03 17:00:00,2128.7843947341566,730.9834033332787,168.5822156195484
2025-01-03 18:00:00,2146.966539143617,664.2125273549043,150.21543517729333
2025-01-03 19:00:00,2123.343973366562,686.1474462410921,175.907100059348
2025-01-03 20:00:00,2080.38800805848,696.4779711882767,166.7083220161765
2025-01-03 21:00:00,2249.3428232097062,620.6114747371549,181.07816841752486
2025-01-03 22:00:00,1914.184751375181,634.9531609674009,131.87387294962835
2025-01-03 23:00:00,1615.8552836970864,527.053408018268,137.62893598485357
2025-01-04 00:00:00,1435.2103010181509,528.2476822715864,102.99938558543721
2025-01-04 01:00:00,1051.9677748971992,360.54428987694484,79.9353743826296
2025-01-04 02:00:00,809.1965224770582,252.6575285134371,58.3940841697042
2025-01-04 03:00:00,633.1318158885507,211.4320242273948,41.649824672331384
2025-01-04 04:00:00,628.6181259591181,188.3371269842094,40.40233885264641
2025-01-04 05:00:00,945.0513600605733,296.281304881548,73.70644641833891
2025-01-04 06:00:00,1463.4924366888447,489.3748505113106,90.28553834947967
2025-01-04 07:00:00,1936.5300139935305,649.8392753314038,139.58430579105035
2025-01-04 08:00:00,2304.7443417442983,844.7101083613151,152.2111362552673
2025-01-04 09:00:00,2783.5601447816002,822.7265067017165,142.56237006334007
2025-01-04 10:00:00,2812.665955839567,943.768052149766,162.60172969058308
2025-01-04 11:00:00,2913.3035126126665,928.5341689663795,194.78765162454027
2025-01-04 12:00:00,2800.641074428597,975.200807178427,196.88208638401477
2025-01-04 13:00:00,2693.095304599707,938.8264120102115,186.4154958178833
2025-01-04 14:00:00,2688.140773760499,923.3385268520864,197.6137761794469
2025-01-04 15:00:00,2749.924644488472,942.63252122352,179.5176744836447
2025-01-04 16:00:00,2687.179150612802,839.1451080437382,153.6736459804239
2025-01-04 17:00:00,2435.797918244818,870.5854912035848,170.87743257462023
2025-01-04 18:00:00,2360.026293012947,750.4110587199265,158.01572894039953
2025-01-04 19:00:00,2434.1400154608064,753.3431760825983,146.3507743340282
2025-01-04 20:00:00,2373.669693805244,847.5492118458493,168.76245139339096
2025-01-04 21:00:00,2453.7015129681004,758.2463637221618,161.9347016896155
2025-01-04 22:00:00,2157.619809723529,746.4306262372379,133.26691462064562
2025-01-04 23:00:00,1835.2444123655512,614.9754934803419,117.84006918536187
2025-01-05 00:00:00,1276.1823837801533,536.3054649511593,105.25782652158557
2025-01-05 01:00:00,904.4270049141876,368.26674291501917,76.01078665761924
2025-01-05 02:00:00,665.4500596267932,276.382515003602,50.360267597401986
2025-01-05 03:00:00,544.7371837210463,224.82442865592554,39.53302426592778
2025-01-05 04:00:00,543.230186152668,207.85112448903445,32.49063308098452
2025-01-05 05:00:00,819.6269902549965,311.4654377278796,68.4834775436425
2025-01-05 06:00:00,1314.0123038329689,497.6095574082518,96.86816273824965
2025-01-05 07:00:00,1780.1048454280497,672.8781813809534,130.47179836643798
2025-01-05 08:00:00,2065.888897949543,812.1045360446736,111.84095498509663
2025-01-05 09:00:00,2410.2215319365832,927.7599308893857,167.53294525373917
2025-01-05 10:00:00,2478.5875302202785,1053.8004494773852,172.77416541179528
2025-01-05 11:00:00,2475.2702618110793,952.7865141755252,187.22095389901168
2025-01-05 12:00:00,2459.731624217404,933.1097390834699,162.64693925592795
2025-01-05 13:00:00,2428.318978242928,854.5535879341527,162.6142125836749
2025-01-05 14:00:00,2328.750204506911,915.5564967855048,175.28468092140946
2025-01-05 15:00:00,2371.432559978818,927.2542071531562,147.4574412391608
2025-01-05 16:00:00,2171.4468042981566,910.6787190677051,146.99683615258257
2025-01-05 17:00:00,2147.321574040811,842.1823306322036,153.15475371032144
2025-01-05 18:00:00,2225.444532927459,847.1261217069791,165.97534601213553
2025-01-05 19:00:00,2099.918656377933,843.1793615990533,158.575587009842
2025-01-05 20:00:00,2232.8781847818505,882.9013223337618,167.46812829076168
2025-01-05 21:00:00,2152.429102940634,877.6875974475905,151.04509827063103
2025-01-05 22:00:00,1937.7713043247118,800.6142214762054,154.7880315408655
2025-01-05 23:00:00,1604.1693981934236,621.8393398525709,91.12490434880831
2025-01-06 00:00:00,1215.5043297317482,407.8827145708709,136.76144205235119
2025-01-06 01:00:00,865.1303940002184,325.7514286214464,100.17045691026784
2025-01-06 02:00:00,667.689553211568,244.34530110997503,63.613371354636094
2025-01-06 03:00:00,512.50198990563,201.5861735644387,52.578622792702404
2025-01-06 04:00:00,523.3062925844146,194.7130204559628,47.01030319214218
2025-01-06 05:00:00,795.4738102225504,301.4670876832176,69.33053279592163
2025-01-06 06:00:00,1177.0886084991926,428.2901578647742,99.98214278826393
2025-01-06 07:00:00,1601.4997506167683,582.525150128907,147.54653756025033
2025-01-06 08:00:00,2010.2004991885049,660.9557260564062,193.35393937865786
2025-01-06 09:00:00,2212.87522337463,808.4688946491837,214.403355024742
2025-01-06 10:00:00,2405.685212718061,814.3166693317664,261.6957330583511
2025-01-06 11:00:00,2213.8585785846303,841.1894879399646,216.70127807108463
2025-01-06 12:00:00,2266.825408879249,818.7908836455472,176.38968190498554
2025-01-06 13:00:00,2108.011258155016,814.7745183789563,241.5657217597827
2025-01-06 14:00:00,2106.629710033505,780.8782277426576,175.31650104203956
2025-01-06 15:00:00,2235.5280477607216,803.3007865275523,185.89297937281697
2025-01-06 16:00:00,2149.7803694300324,649.9000613563599,198.36996456299264
2025-01-06 17:00:00,1967.1567732346532,723.0180423550655,192.77347749704995
2025-01-06 18:00:00,1858.696558068946,732.6597236649919,150.38832023612156
2025-01-06 19:00:00,1789.7790009003284,759.3890705272706,164.81412854261714
2025-01-06 20:00:00,1977.023584637107,741.800710909534,154.9066670890716
2025-01-06 21:00:00,2143.1990641160514,774.8255757946126,196.85428582513077
2025-01-06 22:00:00,1804.5270941460528,641.4700696240748,184.7800378993442
2025-01-06 23:00:00,1478.6201471848522,536.1408062460451,119.77351254751801
2025-01-07 00:00:00,1315.1960966281472,417.6976769725709,104.58115156126686
2025-01-07 01:00:00,899.2369169128006,294.88957023802857,75.2557554557742
2025-01-07 02:00:00,695.6640332055314,211.7190325927699,47.374857002919754
2025-01-07 03:00:00,559.7976745360771,170.74924675248272,31.88947309746535
2025-01-07 04:00:00,544.996172695194,162.14990195888495,35.12366219503813
2025-01-07 05:00:00,838.9871300237105,264.07230164967996,55.84840044192583
2025-01-07 06:00:00,1250.5702813997202,388.7596943634996,105.09327672741162
2025-01-07 07:00:00,1748.154192353767,528.9402312108831,123.19740659294484
2025-01-07 08:00:00,2069.4727100027176,643.7440527139788,136.7291068194498
2025-01-07 09:00:00,2432.142825613285,762.4486640043904,175.29543723977653
2025-01-07 10:00:00,2605.389355461662,811.2213342258226,155.8256909787475
2025-01-07 11:00:00,2412.883976086018,735.4204547157009,190.38207593472433
2025-01-07 12:00:00,2372.0314463661116,715.4609494164471,158.1715922224809
2025-01-07 13:00:00,2461.1646156433358,778.6302297255214,156.99909941503327
2025-01-07 14:00:00,2324.351015749759,684.2706535122351,176.8339970348606
2025-01-07 15:00:00,2378.839006461847,737.0711885844966,197.97360680620628
2025-01-07 16:00:00,2201.853189236273,754.0309495804476,200.66004611874482
2025-01-07 17:00:00,2220.6285741087468,721.8079368524294,137.7215799126835
2025-01-07 18:00:00,2069.86430746264,670.0008962386884,140.2894918608791
2025-01-07 19:00:00,2089.1872295728867,672.964219987622,159.2464252174253
2025-01-07 20:00:00,2227.164714935695,742.2939621941892,174.79340548247168
2025-01-07 21:00:00,2112.351918650603,593.7888509419766,118.85180479350784
2025-01-07 22:00:00,1845.362124241243,581.1354035049006,139.11675813456253
2025-01-07 23:00:00,1576.749922354385,521.4364289047551,109.99563804054101
2025-01-08 00:00:00,1290.0350248671698,411.50214184513794,66.22452760142043
2025-01-08 01:00:00,882.2899809268715,321.1382505948393,51.806972202302234
2025-01-08 02:00:00,700.6893422916754,225.63213061883292,42.41726687498473
2025-01-08 03:00:00,539.6662634947999,181.06549506231468,36.196877696048695
2025-01-08 04:00:00,553.3893398823532,173.73409939148962,39.03757214433695
2025-01-08 05:00:00,751.6699563921363,257.8296668865772,54.90679861735101
2025-01-08 06:00:00,1188.6912731790474,388.53851059482747,87.96268271448723
2025-01-08 07:00:00,1604.4896335892468,560.1656819752427,110.85379795500492
2025-01-08 08:00:00,2022.4616495092798,654.3365146377506,125.53941647686882
2025-01-08 09:00:00,2343.958358177398,799.6510746659025,149.77682490418437
2025-01-08 10:00:00,2432.7201367815055,828.22683528112,172.5761246724175
2025-01-08 11:00:00,2416.0295110052166,841.5057611575828,177.57293560207555
2025-01-08 12:00:00,2375.798116356543,740.8368146380327,154.15196127593265
2025-01-08 13:00:00,2341.0797124812957,701.562993521949,137.45640460439833
2025-01-08 14:00:00,2228.1472760654437,752.7161206493606,155.97241272377414
2025-01-08 15:00:00,2290.222089339705,840.9017237358937,155.0555440820417
2025-01-08 16:00:00,2227.816233861041,762.2550656112178,162.73547067041864
2025-01-08 17:00:00,2116.1674592169375,669.0593881321914,127.34887877841757
2025-01-08 18:00:00,2054.842135914153,678.070771484209,123.2327188717018
2025-01-08 19:00:00,2051.9500556824764,691.7924378612298,144.52297848417834
2025-01-08 20:00:00,2212.649242365424,641.9903337940066,131.38255992439247
2025-01-08 21:00:00,2088.5606886627857,733.0477542088814,130.7544467995879
2025-01-08 22:00:00,1843.5025580212105,605.6473410820753,138.6240026301562
2025-01-08 23:00:00,1533.7246830375504,512.2032654680601,87.59513909781298
2025-01-09 00:00:00,1252.583267810559,453.0983837036771,93.72298343672746
2025-01-09 01:00:00,901.703387858311,345.94857735602824,51.85215175951258
2025-01-09 02:00:00,679.804177958097,235.67856057431857,45.324807658385225
2025-01-09 03:00:00,553.7750255232822,178.62629686479315,32.596234943860104
2025-01-09 04:00:00,548.0869721203829,193.52089350443143,33.2272837816871
2025-01-09 05:00:00,816.8049844243876,257.9130112849914,47.10773285398421
2025-01-09 06:00:00,1204.1924017474994,425.49226834215403,79.92476463643987
2025-01-09 07:00:00,1747.483115750338,632.4937504165912,97.52509673653836
2025-01-09 08:00:00,2139.061224704992,756.0083799881245,116.86335879496836
2025-01-09 09:00:00,2346.0443339310914,868.6062192035574,167.5626609928655
2025-01-09 10:00:00,2429.950199376068,894.5665276559102,147.59958453080338
2025-01-09 11:00:00,2500.958765541712,965.1241832139779,135.72532057325967
2025-01-09 12:00:00,2428.500000280522,823.585908870438,120.45926309466931
2025-01-09 13:00:00,2261.2432158491674,842.8368358458908,168.3541752259236
2025-01-09 14:00:00,2316.585472587561,797.1728796335486,129.73506978490497
2025-01-09 15:00:00,2290.2180594821666,834.7215866685724,165.2957142349987
2025-01-09 16:00:00,2158.6742833784465,774.685795099242,137.30933845132373
2025-01-09 17:00:00,2130.725857553069,805.5643724519481,127.9408101308476
2025-01-09 18:00:00,1965.142003520441,700.314292387604,124.00285393577835
2025-01-09 19:00:00,2137.105074281837,772.1379140795353,151.8256146463551
2025-01-09 20:00:00,2193.359509565926,765.0652456992177,96.1173528145731
2025-01-09 21:00:00,2104.5407188803356,742.5582210983362,128.91463714174296
2025-01-09 22:00:00,1901.5329131971728,677.873305703635,108.69122291671901
2025-01-09 23:00:00,1479.3428783495526,563.5931937050788,92.11262671236182
2025-01-10 00:00:00,1204.0126615549189,407.3087287422479,106.50281222188428
2025-01-10 01:00:00,893.8407238550199,287.13853473474524,73.73298896001627
2025-01-10 02:00:00,652.4564253422942,209.11269168323423,57.81202044915657
2025-01-10 03:00:00,546.0950449384114,169.51681719211973,44.987767593419335
2025-01-10 04:00:00,553.2089289015495,154.90075764190738,37.86825919992815
2025-01-10 05:00:00,761.0567066423074,263.56434467276574,69.02374753641767
2025-01-10 06:00:00,1159.2705141191793,359.19324142626516,107.73989260086677
2025-01-10 07:00:00,1655.1250393925675,523.6112528549514,130.39414791848878
2025-01-10 08:00:00,2112.5296409758957,670.9880147102828,204.7026294864495
2025-01-10 09:00:00,2195.4697770563866,761.236944719849,219.14420797252785
2025-01-10 10:00:00,2403.994615359692,702.3666242293715,219.47113958727914
2025-01-10 11:00:00,2496.813613523999,761.2479220385711,218.1575659651089
2025-01-10 12:00:00,2222.7339182231008,766.6068717414157,196.9360743746573
2025-01-10 13:00:00,2191.743625764848,733.374016190362,215.12195715578244
2025-01-10 14:00:00,2212.28813163956,767.3409954145877,220.63537834342506
2025-01-10 15:00:00,2161.1613016692636,677.7222491817137,200.88734402968134
2025-01-10 16:00:00,2184.3600929358913,619.2510066011173,168.82686275427295
2025-01-10 17:00:00,2058.2293231508547,683.7418744082988,171.4823069474785
2025-01-10 18:00:00,1877.8930264639007,619.3560989830297,176.77152202419722
2025-01-10 19:00:00,2015.8773104710774,585.1507698081389,182.5761075422771
2025-01-10 20:00:00,2011.4548419199639,652.9062314564989,170.77822435008494
2025-01-10 21:00:00,2117.1992713128266,697.1167804314152,161.66266410136467
2025-01-10 22:00:00,1783.9654808345683,548.6595800148642,179.1722413694621
2025-01-10 23:00:00,1502.7901084394,548.0321090692065,113.9362633473345
2025-01-11 00:00:00,1494.8608292633369,450.828681083598,88.13276605612874
2025-01-11 01:00:00,1089.8955756808052,341.9376231261451,60.90009188623673
2025-01-11 02:00:00,806.8309827305573,239.26396625432378,47.6777948434868
2025-01-11 03:00:00,604.8009946356523,202.9186408101358,47.99631145008811
2025-01-11 04:00:00,630.4982430258948,196.9164070343728,47.124197507793745
2025-01-11 05:00:00,905.0852948100712,275.9545286138314,61.60488311204249
2025-01-11 06:00:00,1414.2630049138552,509.5938878490535,98.64711194110647
2025-01-11 07:00:00,1868.2646648832915,605.9283452118771,129.49530723786663
2025-01-11 08:00:00,2421.432890457658,744.8565207580009,138.8137099974375
2025-01-11 09:00:00,2628.375524744843,898.1981347033778,222.16007414034735
2025-01-11 10:00:00,2722.9341056896546,980.1851954730798,216.1597390263441
2025-01-11 11:00:00,2866.6157052072112,945.6562600342369,194.45654621180373
2025-01-11 12:00:00,2775.127532994312,828.4351602874922,166.67050989226422
2025-01-11 13:00:00,2642.841113082849,866.8577096937717,174.81286714173095
2025-01-11 14:00:00,2755.742686275184,768.1366330407095,163.2534144001953
2025-01-11 15:00:00,2562.417190352034,863.9009343909592,174.69307791349578
2025-01-11 16:00:00,2529.036269814867,742.4593564619574,174.00991752473345
2025-01-11 17:00:00,2436.8158710447524,741.7491361189727,155.21484352828182
2025-01-11 18:00:00,2297.1067448402173,745.7445739603727,131.25451635116164
2025-01-11 19:00:00,2382.012029981231,766.320997951811,192.7869870379454
2025-01-11 20:00:00,2382.6166670122175,761.9927671831828,165.30206835794337
2025-01-11 21:00:00,2390.845112485143,828.4435260830423,169.12087403748163
2025-01-11 22:00:00,2230.111074993171,709.4702168513609,136.6100453883864
2025-01-11 23:00:00,1757.8626869509226,595.6970963158781,100.25468890371357
2025-01-12 00:00:00,1367.3163678106573,435.04515104414395,94.4252702504575
2025-01-12 01:00:00,1110.331545725722,362.7810451891989,66.64030569097643
2025-01-12 02:00:00,849.9661051624721,240.61302656711314,55.526192043743805
2025-01-12 03:00:00,624.8847373027943,216.1665222688696,45.10255135074175
2025-01-12 04:00:00,585.1246008323955,214.2527859559212,43.52919946335451
2025-01-12 05:00:00,919.9525821622447,300.0417114699679,66.75868041473545
2025-01-12 06:00:00,1387.6647100900004,463.3641055296757,108.64891678752626
2025-01-12 07:00:00,1926.6836657923013,519.9692151274984,131.19299338927567
2025-01-12 08:00:00,2306.8648417926393,744.0807764112252,173.1346760923737
2025-01-12 09:00:00,2720.1889257693583,889.5685947514705,183.26491628699196
2025-01-12 10:00:00,2852.571493714184,926.6519907946667,145.1630308905388
2025-01-12 11:00:00,2681.1595758757117,830.6563703961289,178.80100457245908
2025-01-12 12:00:00,2797.7103389879003,853.461780862576,161.60423335544476
2025-01-12 13:00:00,2830.320616888691,740.9220131391352,178.32658800630028
2025-01-12 14:00:00,2649.1642708776358,848.4261950551655,156.68785030509454
2025-01-12 15:00:00,2558.3596438673458,740.5973618950229,178.84802726066724
2025-01-12 16:00:00,2505.451221045741,837.0083150876754,180.82737165633645
2025-01-12 17:00:00,2449.1787881087894,803.1169599603861,176.85754848439092
2025-01-12 18:00:00,2214.60848527808,717.3419613123992,177.72908627970423
2025-01-12 19:00:00,2351.2869935332246,757.0538844473626,124.53713780171418
2025-01-12 20:00:00,2381.5477561840653,751.6773456580644,136.19049837974444
2025-01-12 21:00:00,2532.0644849348128,768.5445776607335,206.04294626538388
2025-01-12 22:00:00,2128.345801704567,637.3212651520528,154.17744397509856
2025-01-12 23:00:00,1886.3900888770204,585.7847986517468,119.98543403615892
2025-01-13 00:00:00,1252.9094224318203,394.8012603853906,95.95988665623396
2025-01-13 01:00:00,951.9994348406685,283.2067030483486,68.85915338074307
2025-01-13 02:00:00,705.4598095259352,230.58512013245357,40.90438352232231
2025-01-13 03:00:00,543.2599971246568,182.81123019215266,37.74518200161534
2025-01-13 04:00:00,547.6024644996447,183.14172029017564,39.820098167248844
2025-01-13 05:00:00,845.6281706088807,262.8070745095539,55.819244668408544
2025-01-13 06:00:00,1222.2523448153875,446.48042308945804,85.4633159979439
2025-01-13 07:00:00,1627.5149929298302,571.0759040044288,161.33541409201845
2025-01-13 08:00:00,2098.9404445118867,704.4712791189667,151.11136453513706
2025-01-13 09:00:00,2301.618690231696,790.7300343378049,179.9124276591558
2025-01-13 10:00:00,2456.1244995687043,862.5455127520191,188.2516106490913
2025-01-13 11:00:00,2462.3400468744926,841.5102230602191,194.2011605432753
2025-01-13 12:00:00,2305.17794315194,820.1150589352252,169.80510263477404
2025-01-13 13:00:00,2254.5860428852325,811.1426994593239,198.2163152190636
2025-01-13 14:00:00,2356.8239753798043,703.353430065844,180.2772765261289
2025-01-13 15:00:00,2244.77528323997,690.3727616971345,145.04986549221744
2025-01-13 16:00:00,2059.7553487965824,733.2945164531726,162.21240040593466
2025-01-13 17:00:00,2170.262684822414,697.7628079639195,154.17076022199694
2025-01-13 18:00:00,2068.1005158865614,699.968785196062,148.24450042255066
2025-01-13 19:00:00,2023.200232981034,685.4730328104231,161.1178316559536
2025-01-13 20:00:00,2045.608081623641,724.3288147273425,167.88158257126938
2025-01-13 21:00:00,2173.285455699589,662.0505560023701,165.87523875775508
2025-01-13 22:00:00,1904.7013466949418,625.4164383527799,144.64906675266292
2025-01-13 23:00:00,1695.2995520707036,493.08807472236947,118.67034530902093
2025-01-14 00:00:00,1365.5244636498085,407.82120427412605,75.54165927575622
2025-01-14 01:00:00,988.5487647613415,263.716313285193,77.33734657697333
2025-01-14 02:00:00,726.7380823004737,220.21599697551997,56.071892923256186
2025-01-14 03:00:00,594.7152536409318,160.20864096327747,37.89496613674708
2025-01-14 04:00:00,578.9951905985133,165.6573382404368,42.76864389887224
2025-01-14 05:00:00,883.9073173787258,264.2859730175484,66.66291882903548
2025-01-14 06:00:00,1268.9821848374586,386.1544826111679,105.83074076380942
2025-01-14 07:00:00,1761.679873704412,486.854435402234,137.26396465032042
2025-01-14 08:00:00,2162.9309632002182,629.0965940196082,165.47258799528908
2025-01-14 09:00:00,2519.3027142692786,678.0043105422778,198.2065535778674
2025-01-14 10:00:00,2697.1059123267482,704.9047103488273,182.5710766884117
2025-01-14 11:00:00,2543.3662336418993,768.528857567172,196.30345729738778
2025-01-14 12:00:00,2496.8419893634555,769.7918869053166,171.93030400714616
2025-01-14 13:00:00,2486.4850451110865,746.6845317464973,201.38672620942847
2025-01-14 14:00:00,2411.028330342148,741.067398757018,146.24948072608169
2025-01-14 15:00:00,2441.3609220254357,704.968896594287,188.79196820963656
2025-01-14 16:00:00,2170.512361776229,677.9136000288036,169.2717424341008
2025-01-14 17:00:00,2165.858039783906,623.4624030229558,178.6044886555468
2025-01-14 18:00:00,2095.8796836868187,622.015932094446,143.0988157072991
2025-01-14 19:00:00,2015.4335875982829,598.3628998735937,158.7284464060744
2025-01-14 20:00:00,2157.3792961937565,630.7120917423794,162.77809075386722
2025-01-14 21:00:00,2160.381260943395,660.4258530725797,169.30719897405396
2025-01-14 22:00:00,1958.1688835862715,580.7634975923628,127.36490292805784
2025-01-14 23:00:00,1711.039026517954,565.1819325983766,129.3754262602283
2025-01-15 00:00:00,1304.6964235313633,349.4748050015915,75.07728681852741
2025-01-15 01:00:00,924.5458869703428,269.23893106819094,63.06603653177606
2025-01-15 02:00:00,709.6638237452366,188.32715747496692,42.17652941620923
2025-01-15 03:00:00,582.6878799355261,158.062254189249,44.04521517906208
2025-01-15 04:00:00,538.9406968525478,155.0058798016317,41.27510755180959
2025-01-15 05:00:00,810.2304409476174,246.23593498707808,62.294742029750324
2025-01-15 06:00:00,1272.9505084280017,348.8969021341966,103.76423591617014
2025-01-15 07:00:00,1724.9735343433126,489.32664576430676,119.70732185007998
2025-01-15 08:00:00,2172.2049581608107,594.4849500877708,162.40263686150828
2025-01-15 09:00:00,2397.9807598347697,636.3434693229972,172.52253522153305
2025-01-15 10:00:00,2568.846287584979,694.3022122484413,178.2313008129353
2025-01-15 11:00:00,2434.9310403384397,700.3038310442806,204.35390325835715
2025-01-15 12:00:00,2458.3543788332786,702.2606656854564,215.14861256048997
2025-01-15 13:00:00,2384.779357923075,701.0628111046784,163.30463927946568
2025-01-15 14:00:00,2282.4882146515906,664.6835300794792,183.93106775690887
2025-01-15 15:00:00,2213.426520606472,650.5549433832457,170.97688439349784
2025-01-15 16:00:00,2297.373013316381,588.0394019648443,166.73202650323935
2025-01-15 17:00:00,2136.588619713257,630.0154138847136,158.19827606485558
2025-01-15 18:00:00,2025.8512267536146,573.4229453633905,143.5476280680589
2025-01-15 19:00:00,2091.814500740922,618.3996375037764,91.6951878103569
2025-01-15 20:00:00,2225.714884506193,653.0840544548942,179.65815958759288
2025-01-15 21:00:00,2020.2952357844792,608.4037640504861,142.50024119603617
2025-01-15 22:00:00,1836.4697476792624,518.3674451918262,133.28243484220604
2025-01-15 23:00:00,1573.5042809277793,459.2156500299316,112.58457930948674
2025-01-16 00:00:00,1292.3864740563495,455.5854878092462,90.10102585704503
2025-01-16 01:00:00,906.9703773611122,319.72978256087265,73.19875554779954
2025-01-16 02:00:00,686.371716385322,235.8415589314267,53.02093905204207
2025-01-16 03:00:00,518.1897310621845,198.3842291539792,39.14625249498468
2025-01-16 04:00:00,507.4594691294806,193.55770862740792,42.20249396988545
2025-01-16 05:00:00,795.7491989514192,278.82096707977814,62.08781435712119
2025-01-16 06:00:00,1186.667901220129,393.2677809815557,103.35737041245645
2025-01-16 07:00:00,1665.6757184453647,604.9958487065397,111.20963600113687
2025-01-16 08:00:00,2005.9943916790276,700.5976277548742,145.9522477833457
2025-01-16 09:00:00,2284.862992937168,826.538454508447,193.8581291060677
2025-01-16 10:00:00,2391.714651487312,865.4530102162586,175.72597165199215
2025-01-16 11:00:00,2421.280923254248,776.9281993338815,169.52670351553013
2025-01-16 12:00:00,2376.6095312892257,841.9028328255455,172.50711263269935
2025-01-16 13:00:00,2164.6789942153864,838.4177186694825,177.79237694004414
2025-01-16 14:00:00,2092.912662179302,830.5556329926155,175.18447304840802
2025-01-16 15:00:00,2248.6865364895325,793.7575429473857,169.49307064996353
2025-01-16 16:00:00,2201.1844522775277,695.1963651114626,150.1218396141491
2025-01-16 17:00:00,1981.222991694306,781.2851723364479,175.2091617492859
2025-01-16 18:00:00,1868.6069113082635,725.2991327202586,178.68358656253952
2025-01-16 19:00:00,1987.862430793722,673.635768803163,124.69180486082598
2025-01-16 20:00:00,2092.370511434136,707.7878546910025,134.51715968128568
2025-01-16 21:00:00,2141.737524349603,744.0583070048792,179.22638582368006
2025-01-16 22:00:00,1837.5767277075033,675.0921419679679,168.00515955346077
2025-01-16 23:00:00,1510.737072555745,537.8121321834809,93.15850259134906
2025-01-17 00:00:00,1274.988076177708,480.225419278181,100.52572459815515
2025-01-17 01:00:00,947.9979523463076,305.65701029969955,78.81271222124802
2025-01-17 02:00:00,701.8395629175774,237.34176320947793,45.3361873362219
2025-01-17 03:00:00,547.8079740242284,179.22187725667868,46.63550383855325
2025-01-17 04:00:00,583.3669652504574,186.4084639867752,38.23180926369442
2025-01-17 05:00:00,868.9928389057583,313.63824096877454,60.466017741576096
2025-01-17 06:00:00,1287.2043303308842,484.459629204973,81.28298013347678
2025-01-17 07:00:00,1683.0717192875954,616.9949387946111,135.2562685015788
2025-01-17 08:00:00,2174.1057703076217,726.7266931981176,163.55081584516805
2025-01-17 09:00:00,2429.9809767792667,834.0552982667543,200.1208036187701
2025-01-17 10:00:00,2538.293414332361,905.7368485903023,204.73407547686497
2025-01-17 11:00:00,2582.396418152535,814.5987736952114,176.11031804935348
2025-01-17 12:00:00,2490.74665839488,840.343256295894,231.025674851072
2025-01-17 13:00:00,2436.6742963612533,901.614466272101,193.2994296691738
2025-01-17 14:00:00,2393.1684304128103,788.3794747486909,175.82623328679625
2025-01-17 15:00:00,2325.278017317816,783.9638514307494,145.17284433810033
2025-01-17 16:00:00,2131.6199767251383,792.7588654374164,132.25710134502913
2025-01-17 17:00:00,2152.40929981771,768.745958560215,127.99376104928547
2025-01-17 18:00:00,2043.1736750220318,710.7789545924311,131.8132589499421
2025-01-17 19:00:00,2012.7969011015207,739.9196743408345,169.4377580405815
2025-01-17 20:00:00,2248.2586125162734,780.6609891705999,159.6988471715626
2025-01-17 21:00:00,2251.088083578719,830.313931625762,141.6408052950949
2025-01-17 22:00:00,1979.8631861049298,669.5097572478828,132.77461246747964
2025-01-17 23:00:00,1618.9875534553948,566.5699981219661,110.40020860904889
2025-01-18 00:00:00,1411.6177247231647,443.7664343739861,112.19664050446168
2025-01-18 01:00:00,986.6074750163717,291.6513234869662,67.75132652206646
2025-01-18 02:00:00,741.0957344259357,209.5205420566767,58.05551245880545
2025-01-18 03:00:00,569.3739745452248,180.57259094349476,46.029715882104746
2025-01-18 04:00:00,581.2156330950058,183.7161187297842,39.629543917029764
2025-01-18 05:00:00,863.0517799166247,266.3074891037501,76.63818251669164
2025-01-18 06:00:00,1250.7459036043704,392.44576524629076,95.37845780594105
2025-01-18 07:00:00,1794.1054411911703,507.55287363558705,121.7399088740306
2025-01-18 08:00:00,2203.19089867709,668.884439601367,183.0803147460957
2025-01-18 09:00:00,2607.0207612623794,799.085544705125,189.5491149962509
2025-01-18 10:00:00,2672.1824919830415,744.6962014346204,206.64553386257364
2025-01-18 11:00:00,2595.43509024393,778.8570599530518,171.71762955602566
2025-01-18 12:00:00,2562.416468216488,758.5490928463493,210.14553857495278
2025-01-18 13:00:00,2485.461852825208,728.650534486782,232.71835368831114
2025-01-18 14:00:00,2431.137626567837,751.6471350941933,160.2469299182272
2025-01-18 15:00:00,2322.717019732775,743.1924286183439,188.7793264001754
2025-01-18 16:00:00,2322.943312029892,723.4900006863669,162.03927788818336
2025-01-18 17:00:00,2186.512310585353,646.2998756207371,218.82470743230436
2025-01-18 18:00:00,2082.872673389091,603.4261781265833,185.79906873085073
2025-01-18 19:00:00,2201.697278072109,667.7858624024867,169.80598820277527
2025-01-18 20:00:00,2257.444517318494,661.7518498858014,146.99663358692058
2025-01-18 21:00:00,2121.61419433106,738.6762866791743,151.43031948604062
2025-01-18 22:00:00,1976.892669668716,657.538402460042,162.73680590474297
2025-01-18 23:00:00,1718.4932902376718,556.8299568741526,108.21595586603354
2025-01-19 00:00:00,1512.3955904137606,465.39602034753295,71.4439074581402
2025-01-19 01:00:00,1095.6328507193102,363.26949763978325,60.57453551549813
2025-01-19 02:00:00,796.7665075884219,275.3046042844779,45.873300833648635
2025-01-19 03:00:00,619.4004361978838,218.2842564365778,37.524713386319945
2025-01-19 04:00:00,602.1188229423192,202.55898972495285,33.6011018077466
2025-01-19 05:00:00,939.4648470112052,327.9646643421231,58.13069320411908
2025-01-19 06:00:00,1416.4838679832742,465.2402080348018,72.21304846408505
2025-01-19 07:00:00,2009.8196722287962,647.93545411939,117.70030151417032
2025-01-19 08:00:00,2457.520531134439,732.5136933837468,138.60472093136136
2025-01-19 09:00:00,2670.512423662537,917.4273885611846,162.18730941276178
2025-01-19 10:00:00,2717.200388447206,922.5874170725886,180.38968986487353
2025-01-19 11:00:00,2776.5901346518403,950.7963799441889,151.33633785395637
2025-01-19 12:00:00,2764.385159828585,922.3907651987031,144.9534654920099
2025-01-19 13:00:00,2665.28312267669,897.4656460550552,124.479935008996
2025-01-19 14:00:00,2597.4194069507807,874.337304852997,117.24049651625954
2025-01-19 15:00:00,2604.4509831872456,891.0662758790806,144.14230194004793
2025-01-19 16:00:00,2483.428959998325,828.020174315118,141.45073070267793
2025-01-19 17:00:00,2368.9007797256745,743.9839307407187,120.90271749556632
2025-01-19 18:00:00,2350.701727384271,794.8026093066186,119.93201296491763
2025-01-19 19:00:00,2317.57651361651,747.5356502134769,155.1179150866847
2025-01-19 20:00:00,2427.633631145347,749.0530182936275,149.9754141737714
2025-01-19 21:00:00,2429.593230244565,760.7454727062678,118.30172397276367
2025-01-19 22:00:00,2073.8165549718346,720.7075663067382,115.87774287588432
2025-01-19 23:00:00,1781.1942081401287,596.4681528098629,107.08569920182796
2025-01-20 00:00:00,1335.46538405033,417.1278854408641,103.72135649697621
2025-01-20 01:00:00,900.5374179571099,330.9155765653853,73.60076516447923
2025-01-20 02:00:00,654.198666755497,266.12732817032406,58.048629924084416
2025-01-20 03:00:00,525.2262708578148,196.32413741872074,53.675372988879765
2025-01-20 04:00:00,542.7039610771606,194.86864171824084,52.99609759119977
2025-01-20 05:00:00,813.7251306970385,309.386869865186,64.8498650134157
2025-01-20 06:00:00,1221.0252914886385,460.86552063691335,111.44822130768495
2025-01-20 07:00:00,1753.446169094728,644.7383304517697,146.8637219739988
2025-01-20 08:00:00,1928.8198593713823,653.8312370402185,160.9314342501191
2025-01-20 09:00:00,2369.318727063516,920.1139652749362,196.54829046731095
2025-01-20 10:00:00,2568.4537961511223,919.018937506951,184.11031395823045
2025-01-20 11:00:00,2372.2074681343634,992.9593264899261,238.95756149867728
2025-01-20 12:00:00,2376.784764633716,837.3153116811769,243.13231684966098
2025-01-20 13:00:00,2294.130651688618,776.5088001369966,194.05520517573416
2025-01-20 14:00:00,2250.438399812102,836.4240219882884,185.9706551010242
2025-01-20 15:00:00,2240.3982817954447,808.1629698147917,218.28313785606565
2025-01-20 16:00:00,2289.9334424200833,822.9755113354635,215.93529867035832
2025-01-20 17:00:00,2216.133222212455,803.3412509268445,160.65130431819168
2025-01-20 18:00:00,2018.2144380585146,734.9295434677905,173.72274967808946
2025-01-20 19:00:00,2158.124722253351,733.6673243071564,176.43803800702855
2025-01-20 20:00:00,2110.0567242967945,782.9428487526018,167.4411459992886
2025-01-20 21:00:00,2211.205876745424,754.1650526972094,190.29737581665333
2025-01-20 22:00:00,1867.639574821803,667.1855193919728,149.9824544449028
2025-01-20 23:00:00,1583.9910774397902,600.4099158045817,128.77192907433408
2025-01-21 00:00:00,1289.2966756842345,477.14219146136384,68.01214619744563
2025-01-21 01:00:00,1007.4268216483295,343.14933376703755,41.82458202669424
2025-01-21 02:00:00,707.7222804743857,241.61517809843951,28.961667102193292
2025-01-21 03:00:00,540.0093460018835,174.03080314300595,32.63047074809458
2025-01-21 04:00:00,553.7832836350801,188.63954129680525,26.72543955199534
2025-01-21 05:00:00,800.1153535809198,274.3816559559324,53.6074096444305
2025-01-21 06:00:00,1201.1146803737042,426.428723537469,79.60865297826241
2025-01-21 07:00:00,1728.5350662558735,574.7477388490618,85.85333737607087
2025-01-21 08:00:00,2073.6448620199453,729.3503136736099,139.87565006967148
2025-01-21 09:00:00,2347.3604954949114,779.5198014097514,138.22788564325586
2025-01-21 10:00:00,2447.1905639030165,808.6069439428321,122.60407957987738
2025-01-21 11:00:00,2457.4206981464977,908.6288104535622,94.54107422327161
2025-01-21 12:00:00,2416.07604053543,801.9308050289972,138.22855800809296
2025-01-21 13:00:00,2203.2347973825836,820.7965805644233,125.92520702110971
2025-01-21 14:00:00,2336.8481163754013,845.7423143774048,129.37668912198998
2025-01-21 15:00:00,2185.7046952222677,826.9494455334683,118.09047755371655
2025-01-21 16:00:00,2100.6734302520513,800.9669335166751,103.3439332399836
2025-01-21 17:00:00,2091.827398590724,749.145335738511,107.67820507562854
2025-01-21 18:00:00,2029.797192489934,738.5835958886896,117.45022667661954
2025-01-21 19:00:00,1997.2982892906432,765.3859258242834,105.53427133882502
2025-01-21 20:00:00,2143.8749591028563,753.5082082591834,108.49157951615145
2025-01-21 21:00:00,2016.7053583775134,672.7115825755974,94.33915747225844
2025-01-21 22:00:00,1840.0986224850158,639.1044387990896,101.27436750317251
2025-01-21 23:00:00,1543.1358236359983,571.4259627720576,74.35930433988867
2025-01-22 00:00:00,1247.5545452920705,405.26285551041275,99.23282557092746
2025-01-22 01:00:00,912.7665319349026,326.7746537478423,60.24927896935224
2025-01-22 02:00:00,657.6850968050717,225.72464548414976,47.336172178352975
2025-01-22 03:00:00,550.2575199212463,181.19490948183983,48.09518602091966
2025-01-22 04:00:00,528.8274972335149,186.229813609273,36.88056457546485
2025-01-22 05:00:00,749.4159200487707,262.38002134131006,54.448533936513265
2025-01-22 06:00:00,1126.7358880755073,402.18912340653077,91.58401157339405
2025-01-22 07:00:00,1649.324007516708,576.0170482373021,96.19777701261785
2025-01-22 08:00:00,2015.192108655402,630.0982817097976,166.34387321287056
2025-01-22 09:00:00,2272.9973718513315,752.1592447286082,182.42994175708532
2025-01-22 10:00:00,2392.1997408243456,833.1168237085087,182.80713573953375
2025-01-22 11:00:00,2397.63124617533,799.689000283531,109.2758205358848
2025-01-22 12:00:00,2398.673589592205,837.3323416315075,164.11901994617722
2025-01-22 13:00:00,2208.842867520151,704.5432066605033,142.04165919359838
2025-01-22 14:00:00,2171.745264528942,689.7824018127648,181.96551939549778
2025-01-22 15:00:00,2132.2796789036283,763.2698672687372,177.02407028434496
2025-01-22 16:00:00,2159.4801129945126,746.7368619862333,161.28981063433994
2025-01-22 17:00:00,2121.9019006550857,679.6616478773375,128.89193937593254
2025-01-22 18:00:00,1958.0346303668514,675.9353798971708,166.35874511011895
2025-01-22 19:00:00,1854.0855795157802,690.9642020775118,139.95237344352918
2025-01-22 20:00:00,1953.0153908400378,659.0648046928902,177.11058121504226
2025-01-22 21:00:00,2002.8952563582839,662.6164012298782,152.42838919305657
2025-01-22 22:00:00,1793.2507132924757,615.058952746655,138.84497531987304
2025-01-22 23:00:00,1517.8902813172385,536.1695322908339,105.42290440980211
2025-01-23 00:00:00,1352.7831279234706,378.71403999915725,77.52955475080978
2025-01-23 01:00:00,971.3211650109184,288.23434102430747,52.00268005705473
2025-01-23 02:00:00,753.6608081604744,214.89848226567807,42.15030752935743
2025-01-23 03:00:00,572.5939737954448,176.840377973138,29.61898948393512
2025-01-23 04:00:00,557.4731023010825,169.58679731727366,28.29959424073308
2025-01-23 05:00:00,867.476184688708,247.5307237877067,45.36971114799842
2025-01-23 06:00:00,1234.1139996241243,406.0925118977663,74.22459377324274
2025-01-23 07:00:00,1804.1381478379215,516.2416747992469,98.64314829491957
2025-01-23 08:00:00,2199.618449175452,642.2271935956059,110.84977325305557
2025-01-23 09:00:00,2455.597600334048,675.9600596194225,98.11622293691744
2025-01-23 10:00:00,2704.4448556028815,742.56651139543,140.2506563877951
2025-01-23 11:00:00,2532.408905548844,784.5479929262784,108.36013388142034
2025-01-23 12:00:00,2673.1079159812557,762.3713850340266,126.34120536194737
2025-01-23 13:00:00,2450.22691539325,753.5787183471081,121.24422809333632
2025-01-23 14:00:00,2341.987246792363,740.5322887099161,102.3864187870456
2025-01-23 15:00:00,2383.7194793739095,777.9559558429969,123.23887483420057
2025-01-23 16:00:00,2247.512311904721,663.3113337865423,142.2697562056057
2025-01-23 17:00:00,2171.531453613967,607.1794938268586,106.7153225889163
2025-01-23 18:00:00,2167.57810982775,604.363595986592,115.59399944318683
2025-01-23 19:00:00,2189.6455658869786,618.6007907835556,134.72496708371537
2025-01-23 20:00:00,2179.5592061085267,627.7373531844862,120.75565662912472
2025-01-23 21:00:00,2279.2693467919553,661.771846042728,102.74607910826626
2025-01-23 22:00:00,2034.151209831859,620.6963145381267,100.63380205449918
2025-01-23 23:00:00,1727.5137704815115,530.0321437738843,87.00468197020905
2025-01-24 00:00:00,1295.6785461874324,443.8227636513117,97.64340759961307
2025-01-24 01:00:00,961.1430433025952,346.7217932348296,69.35010235261646
2025-01-24 02:00:00,655.5980170127206,230.74813179393206,32.08602040974303
2025-01-24 03:00:00,546.6816970909634,172.3853078904423,33.1363263052177
2025-01-24 04:00:00,526.8090818575502,192.5299221002893,35.47321722666831
2025-01-24 05:00:00,811.609042516803,250.07460037421322,47.67436414681326
2025-01-24 06:00:00,1198.8706235997117,398.3091471159105,48.37833931043768
2025-01-24 07:00:00,1678.3743296944215,586.5695454380717,102.87598237278291
2025-01-24 08:00:00,2181.1320809931103,699.6734887522446,137.1408440439728
2025-01-24 09:00:00,2318.49850346421,783.175598370355,145.46872396703313
2025-01-24 10:00:00,2474.785054283026,782.7504080590898,144.50936615880687
2025-01-24 11:00:00,2419.0201341375086,825.76793816569,161.9247901535654
2025-01-24 12:00:00,2393.07575907572,849.6648172347193,163.97140852175554
2025-01-24 13:00:00,2329.932011300988,791.2408233339509,146.41442745757175
2025-01-24 14:00:00,2323.1780367083893,747.3017060143931,174.44832537485865
2025-01-24 15:00:00,2320.8114750408845,716.6663082663916,149.73988211702047
2025-01-24 16:00:00,2289.8973954550875,713.7553376159923,131.27556101862564
2025-01-24 17:00:00,2113.7193438026784,724.5897693367317,121.8669268308506
2025-01-24 18:00:00,2058.764321719028,698.7027407037118,131.00762155798603
2025-01-24 19:00:00,1971.6360050018109,664.4809788818113,151.11431742554748
2025-01-24 20:00:00,2090.4550972702805,635.048182355745,126.38187660926016
2025-01-24 21:00:00,2150.630451283537,725.5418760912903,147.6858774179672
2025-01-24 22:00:00,1906.6804322076991,604.2789026030175,124.51530220328537
2025-01-24 23:00:00,1578.5020811943214,550.2312135633205,126.29352942239338
2025-01-25 00:00:00,1423.1962116654909,464.8564306913618,89.38659671610539
2025-01-25 01:00:00,1021.265874704786,333.28592110964445,57.51667312997573
2025-01-25 02:00:00,778.4686309928408,263.62336489792125,50.21992958304372
2025-01-25 03:00:00,605.5297952801849,232.4885173567805,40.18432888137537
2025-01-25 04:00:00,582.1226919106267,211.67264472637183,34.750407687810025
2025-01-25 05:00:00,888.5951511603516,307.8637723388761,47.52035702123703
2025-01-25 06:00:00,1216.7873022333006,468.41480934817304,86.58633117237203
2025-01-25 07:00:00,1853.341642558836,583.1128998260612,114.02008196334992
2025-01-25 08:00:00,2023.6348121521487,740.3189837479063,116.32208135956982
2025-01-25 09:00:00,2410.971598381297,773.0956365760921,160.72474441969356
2025-01-25 10:00:00,2693.570137624508,1001.4767759834241,152.95036011720734
2025-01-25 11:00:00,2682.602437141368,987.6820261566521,136.68257321944938
2025-01-25 12:00:00,2512.155237764623,919.2032747195302,154.2365272344909
2025-01-25 13:00:00,2482.51503699251,885.7318183924458,178.12445397006135
2025-01-25 14:00:00,2590.2451406329933,801.6777830776476,174.19511044800086
2025-01-25 15:00:00,2410.8681703151647,840.0583222508262,166.37885314149727
2025-01-25 16:00:00,2529.453869691066,898.6865501938042,151.27902441688732
2025-01-25 17:00:00,2278.5281620729265,796.6848714321662,149.78656176654738
2025-01-25 18:00:00,2227.4766917532907,744.2545215800119,137.4590093402952
2025-01-25 19:00:00,2315.117193382665,704.1228742291731,120.4420439195809
2025-01-25 20:00:00,2286.9888062502228,844.511139779683,126.93532813955423
2025-01-25 21:00:00,2214.861930270827,788.9684307875505,131.47606372419958
2025-01-25 22:00:00,2018.207878702309,643.556202672644,143.96762042850253
2025-01-25 23:00:00,1704.916150548413,566.4051354196664,117.66597199723255
2025-01-26 00:00:00,1339.8100376688712,447.6444670373535,85.29939536271499
2025-01-26 01:00:00,1003.274381340747,343.93353691461306,70.47008390351381
2025-01-26 02:00:00,739.895421318182,261.40776924037664,50.10718806711279
2025-01-26 03:00:00,618.1508243601206,201.3908156551876,41.08158485589304
2025-01-26 04:00:00,590.4176090072,209.64380962783977,38.52733234201669
2025-01-26 05:00:00,876.051410993103,303.6287238938432,70.53654226894196
2025-01-26 06:00:00,1325.2246429136312,478.69562711856247,91.97297842121596
2025-01-26 07:00:00,1850.5012695184298,619.0689882825492,130.4964859521564
2025-01-26 08:00:00,2298.615228768765,888.0710824967646,160.48246080320172
2025-01-26 09:00:00,2469.198320794329,846.3450516787947,156.5462612224368
2025-01-26 10:00:00,2589.9883163952018,873.8389699045397,187.1365154587484
2025-01-26 11:00:00,2736.7486762956464,864.2537974958898,205.2330443745646
2025-01-26 12:00:00,2573.868137643547,882.8350011739635,209.3056337751717
2025-01-26 13:00:00,2439.606427781391,797.729066689647,154.2592914763872
2025-01-26 14:00:00,2532.8897802603333,869.2167889800638,144.97947622987272
2025-01-26 15:00:00,2482.608958889415,762.1625043692965,171.08154076887044
2025-01-26 16:00:00,2285.1047842381395,824.1028701183241,185.37881005007696
2025-01-26 17:00:00,2299.827952629044,731.6108233670515,164.61257331460914
2025-01-26 18:00:00,2254.0757128413825,742.6239364740843,164.41575462313318
2025-01-26 19:00:00,2244.6752198793943,783.1979334891786,131.36727100330077
2025-01-26 20:00:00,2325.5161565277244,870.0208989073218,148.6462203400604
2025-01-26 21:00:00,2195.559261504809,741.9576709165501,120.81045686026057
2025-01-26 22:00:00,2049.0150323652706,690.3925353641969,138.60301871867063
2025-01-26 23:00:00,1697.1068755354238,565.7635843832804,90.8949152693423
2025-01-27 00:00:00,1294.9425813295732,406.85338737460495,103.64345408149167
2025-01-27 01:00:00,975.2551606663429,297.4137501324862,76.75523848385976
2025-01-27 02:00:00,741.1545259074912,239.47773858653107,49.86515569954149
2025-01-27 03:00:00,595.9767107335822,179.29926557655543,32.757798354947376
2025-01-27 04:00:00,575.9163112349153,199.3038178261123,39.89430634115623
2025-01-27 05:00:00,829.3782381163345,274.59957291429924,68.95667329614498
2025-01-27 06:00:00,1264.8912958339206,385.4812813011187,90.88685452967081
2025-01-27 07:00:00,1770.386308932189,550.8764278864223,134.94442592398434
2025-01-27 08:00:00,2137.0633695828624,662.4164437985452,139.26822322141047
2025-01-27 09:00:00,2402.991788401739,804.6778707870635,149.6570621673038
2025-01-27 10:00:00,2572.2736788577427,749.0855752208523,172.19090662943808
2025-01-27 11:00:00,2498.265331770425,757.1705252908056,136.7017777906835
2025-01-27 12:00:00,2404.347486026679,771.4138601738945,210.85365871600266
2025-01-27 13:00:00,2366.5330248652135,800.2887562638058,167.7232297876262
2025-01-27 14:00:00,2399.9441825166928,808.542629676764,177.9970949831045
2025-01-27 15:00:00,2310.31608433452,797.3932851371989,151.4636132255378
2025-01-27 16:00:00,2271.412532997346,746.6910897316608,129.3581296033924
2025-01-27 17:00:00,2194.199509574131,694.1298971646016,171.56444923209807
2025-01-27 18:00:00,2059.9902009721636,699.4851325773251,126.19607113908103
2025-01-27 19:00:00,2138.0246241082373,639.9737526664318,149.94569010605164
2025-01-27 20:00:00,2176.6801984710014,634.7359493319113,155.7642047786583
2025-01-27 21:00:00,2079.6109005459048,711.6445596030261,149.82930959710419
2025-01-27 22:00:00,1990.613823854433,589.0324641561429,120.84646033889871
2025-01-27 23:00:00,1590.528773314206,520.2903579649139,109.51770041245632
2025-01-28 00:00:00,1243.0462386730376,398.72263085343496,65.03915478921178
2025-01-28 01:00:00,917.8060254186121,291.01848455685547,57.18495011346609
2025-01-28 02:00:00,686.6494729074169,224.74557211896334,41.742494305895576
2025-01-28 03:00:00,564.4697927912202,178.3487962928403,31.277267603680258
2025-01-28 04:00:00,547.4991170034696,169.40223589818706,28.799828531047936
2025-01-28 05:00:00,818.3305822419277,245.90695791680096,56.42067079593753
2025-01-28 06:00:00,1265.1655146967978,380.25692152175964,59.42871942024023
2025-01-28 07:00:00,1737.1638648452436,508.3375298938985,79.72059080336578
2025-01-28 08:00:00,2133.1737280161965,637.0700585788468,116.56472940455559
2025-01-28 09:00:00,2404.1693592649244,814.5832735046063,128.51534233387545
2025-01-28 10:00:00,2539.214818292561,765.9924260003824,155.32411621492258
2025-01-28 11:00:00,2338.072892639864,772.1303610898308,147.83413997630504
2025-01-28 12:00:00,2411.8110796968563,715.8638180839718,135.95590971917767
2025-01-28 13:00:00,2232.229752013077,758.6901705454953,139.36040739964113
2025-01-28 14:00:00,2343.531606150672,738.3171819210845,137.00615521308504
2025-01-28 15:00:00,2293.158257385269,723.5074130348714,156.58528329031586
2025-01-28 16:00:00,2299.033945542347,686.5318592005024,127.64812562046887
2025-01-28 17:00:00,2209.2960906494295,682.9787853588444,110.17308324468166
2025-01-28 18:00:00,2078.4953556259456,667.3396763344601,117.42204650733669
2025-01-28 19:00:00,2049.671695620614,640.9543545108654,82.86835102640957
2025-01-28 20:00:00,2167.343407450168,646.8328183489446,118.51499163892566
2025-01-28 21:00:00,2106.8409327673,678.5858041583714,132.99598167528887
2025-01-28 22:00:00,1899.7010154502116,552.591246157961,112.54709987909514
2025-01-28 23:00:00,1645.6406684060717,470.2278454793093,91.95303454178257
2025-01-29 00:00:00,1285.1200636449578,442.15040550996304,91.36264512717474
2025-01-29 01:00:00,968.3560218454859,294.4990285436677,69.32060320788973
2025-01-29 02:00:00,721.5027576535754,250.0776080604579,53.44367702533243
2025-01-29 03:00:00,549.6829321411092,182.83684901762993,38.71757432961028
2025-01-29 04:00:00,567.8309785490536,183.4312540085392,34.91288586141819
2025-01-29 05:00:00,843.7221360068461,278.120519317309,40.574941893959625
2025-01-29 06:00:00,1249.2672048209138,423.8130735591669,90.08044833431005
2025-01-29 07:00:00,1686.904568527813,575.5531227828847,118.99249065239675
2025-01-29 08:00:00,2067.031197383309,716.8146486760884,140.7794569648373
2025-01-29 09:00:00,2344.9371573716912,806.0770383365335,144.09370710710664
2025-01-29 10:00:00,2538.042692330945,830.6185120301271,180.56071378024603
2025-01-29 11:00:00,2421.800541750632,813.3185132099717,158.18396708107284
2025-01-29 12:00:00,2470.240380998251,872.0458546291188,158.99211894322056
2025-01-29 13:00:00,2298.122766776536,726.1147624165017,154.73725046770576
2025-01-29 14:00:00,2331.480746317257,788.314793581614,160.7974921125512
2025-01-29 15:00:00,2304.091059106279,762.3184782970833,131.5485307129906
2025-01-29 16:00:00,2390.105761523476,775.1176232825919,155.2076304805991
2025-01-29 17:00:00,2059.360729039543,676.1089661395933,129.13414205534485
2025-01-29 18:00:00,2155.1665209892653,685.9366814805877,125.32587614734072
2025-01-29 19:00:00,2090.723800844198,703.4872010898077,149.18553645939417
2025-01-29 20:00:00,2166.3403758693835,764.9180143472938,124.98111883488103
2025-01-29 21:00:00,2148.8249013075806,738.9585546031287,153.4385863388269
2025-01-29 22:00:00,1926.4397897097963,609.1443426230196,125.79440179110165
2025-01-29 23:00:00,1597.2457525759733,531.8694232870636,86.1966079175741
2025-01-30 00:00:00,1359.089428875575,463.72729518327316,120.6609162466721
2025-01-30 01:00:00,935.4741842825379,303.8723323273348,78.84218802003303
2025-01-30 02:00:00,730.96156746272,240.32256148057775,59.473594878367585
2025-01-30 03:00:00,554.986297150959,192.33273327411518,50.454552824730115
2025-01-30 04:00:00,552.2761558811062,184.8341556823751,51.757708536678685
2025-01-30 05:00:00,803.2644650284558,318.6898869212462,68.11155407862272
2025-01-30 06:00:00,1262.1400487441272,415.8536108915051,107.03192121266565
2025-01-30 07:00:00,1793.8913062481536,599.8403536082084,144.38686219197783
2025-01-30 08:00:00,2114.068182521798,694.5912960020775,164.23463407163175
2025-01-30 09:00:00,2368.447993389254,831.5382506560139,158.88700509177218
2025-01-30 10:00:00,2423.186191027033,887.3927102082545,206.02553858747603
2025-01-30 11:00:00,2473.1529883458265,823.3520952295775,230.27086063799243
2025-01-30 12:00:00,2332.6937193227504,828.981705512465,208.9354726610855
2025-01-30 13:00:00,2320.8252783424673,775.7226542906313,169.58818127261944
2025-01-30 14:00:00,2360.550827422375,754.421251252025,211.256530061809
2025-01-30 15:00:00,2382.5439523864243,821.5964157312152,178.79804092123499
2025-01-30 16:00:00,2413.7425786460926,741.5943883420357,139.40785533736394
2025-01-30 17:00:00,2107.4451150326845,644.2982483249345,191.47525803669689
2025-01-30 18:00:00,2153.8571549457924,765.2651646019871,149.66435161911096
2025-01-30 19:00:00,2096.9745724725863,681.6102291287959,199.97069346204606
2025-01-30 20:00:00,2133.494850285235,720.7734357999112,193.8982374294773
2025-01-30 21:00:00,2168.430812037198,787.3697080071023,168.2341511666523
2025-01-30 22:00:00,1906.8386703523934,643.6523213097197,160.85809184942275
2025-01-30 23:00:00,1609.7471134368047,542.065046623281,163.06610840729752
2025-01-31 00:00:00,1381.6562784350986,410.2071955981799,74.7734047270036
2025-01-31 01:00:00,974.4553349202902,291.4087937671027,50.219041860874256
2025-01-31 02:00:00,725.6618236669957,234.73903405781877,48.05470514932506
2025-01-31 03:00:00,615.9745099748718,192.08300789536526,29.57740708789193
2025-01-31 04:00:00,587.5771054886651,187.5114813534326,30.387886770058582
2025-01-31 05:00:00,871.4498294681146,270.1005468037671,38.45250553169549
2025-01-31 06:00:00,1333.9875081131647,416.5778567357865,52.72472705014367
2025-01-31 07:00:00,1886.024787789419,524.5808187952555,86.30517618938464
2025-01-31 08:00:00,2278.3793517820445,723.1483297908084,109.90184686259525
2025-01-31 09:00:00,2501.535132682582,801.3785668446425,127.40805483397897
2025-01-31 10:00:00,2767.724627922644,914.7909212456879,109.35754439999481
2025-01-31 11:00:00,2780.7506938547963,831.3760221446263,137.77039854575912
2025-01-31 12:00:00,2648.2287836673386,777.9478626734474,114.78520376443386
2025-01-31 13:00:00,2617.519031750179,793.218984130246,131.1270683483937
2025-01-31 14:00:00,2596.928455047976,770.7825354078738,133.4288386866096
2025-01-31 15:00:00,2536.3341782044376,783.3776203911148,113.62741868877488
2025-01-31 16:00:00,2435.880873339246,748.2685032920075,103.56587149267813
2025-01-31 17:00:00,2330.8398720942996,671.7795002369966,129.16227717250334
2025-01-31 18:00:00,2247.97981370316,636.7320728914406,117.07906013450459
2025-01-31 19:00:00,2160.3056410400395,704.2775927211048,109.36416693091543
2025-01-31 20:00:00,2337.3946936466646,763.243944863478,128.26172104746726
2025-01-31 21:00:00,2205.7210647296192,718.1264533327492,111.67844537943081
2025-01-31 22:00:00,1991.6325554856244,660.5965758028868,91.73664954476928
2025-01-31 23:00:00,1779.7321685316613,562.1074517136125,73.92293285975205
2025-02-01 00:00:00,1419.6702905521079,482.92397649474606,80.30668428787935
2025-02-01 01:00:00,1048.5613081021636,332.3961073348301,63.895102698621216
2025-02-01 02:00:00,747.4396700701601,261.31447235342034,50.74999646709188
2025-02-01 03:00:00,581.6617974241203,218.6340566280425,35.29479057154618
2025-02-01 04:00:00,584.3724572014171,207.39747137765696,38.98469729159906
2025-02-01 05:00:00,882.4548393936755,313.39641620329877,50.35053146649025
2025-02-01 06:00:00,1326.6436278678652,444.8005166327916,70.98502217251823
2025-02-01 07:00:00,1888.8659028780644,623.14248669662,92.09517417452457
2025-02-01 08:00:00,2226.6185990514746,768.6776799076781,124.54442862655759
2025-02-01 09:00:00,2553.1158453927524,866.8367953498522,127.77614564519003
2025-02-01 10:00:00,2581.7434677894876,964.1342347330622,189.33202878324806
2025-02-01 11:00:00,2675.6046597414565,805.0972495668321,162.13865589448625
2025-02-01 12:00:00,2591.880127990296,892.1009853231346,150.24277569562665
2025-02-01 13:00:00,2475.3139105054497,865.6531197493382,175.68466312091584
2025-02-01 14:00:00,2473.8191151756537,799.1352022627277,125.32342823832828
2025-02-01 15:00:00,2426.9551344458296,865.7358777010578,140.7803710522613
2025-02-01 16:00:00,2358.1789644232967,788.0757988546843,169.29232049385678
2025-02-01 17:00:00,2387.2022179529044,768.3309808621783,131.16878107827134
2025-02-01 18:00:00,2192.551382708759,823.2683127847579,162.87402503453424
2025-02-01 19:00:00,2196.2131935823536,797.1764707001662,140.53822544688313
2025-02-01 20:00:00,2141.425055247177,803.5611286692707,152.06660609360637
2025-02-01 21:00:00,2217.864880432167,796.2350002930822,152.48412425570712
2025-02-01 22:00:00,2006.236467205532,689.1392371734014,118.4108313002333
2025-02-01 23:00:00,1671.4611618440383,642.3712792426953,94.55079114376576
2025-02-02 00:00:00,1433.7078623477594,551.0097031884541,106.12281306913931
2025-02-02 01:00:00,997.3485577051196,371.04071528978056,69.67429158211569
2025-02-02 02:00:00,776.623565722634,268.5399396808909,57.942401425975945
2025-02-02 03:00:00,599.2893719426874,236.1813518471162,46.551175105480695
2025-02-02 04:00:00,586.2514831964342,224.4223720286134,53.921627738734976
2025-02-02 05:00:00,873.6340854546581,313.26302460158985,72.55525696786385
2025-02-02 06:00:00,1317.4988025246116,516.6837772678393,128.76244481803235
2025-02-02 07:00:00,1909.4528856090458,690.9811108929727,108.7066464629407
2025-02-02 08:00:00,2093.307656027386,882.1395375118387,151.31004291474477
2025-02-02 09:00:00,2375.2234549528284,987.3652154730486,188.3273523676303
2025-02-02 10:00:00,2601.939154913947,985.3130782810549,238.8805215580564
2025-02-02 11:00:00,2630.469459910899,1041.2655310761766,202.26824695852176
2025-02-02 12:00:00,2628.644754250608,967.0785397733628,168.89037582020296
2025-02-02 13:00:00,2549.1014512516504,946.4651770827147,190.66238132021238
2025-02-02 14:00:00,2451.4204114309196,927.649161032462,167.919545177994
2025-02-02 15:00:00,2496.6386553189673,983.8065367316105,160.49289642745967
2025-02-02 16:00:00,2432.5008072165692,896.2063634875708,223.8669966505064
2025-02-02 17:00:00,2275.1799751904837,927.4998651685823,169.51118940632867
2025-02-02 18:00:00,2246.671076286256,913.1990202671121,173.5102544989294
2025-02-02 19:00:00,2217.220905713193,815.3047680362414,169.5799800938223
2025-02-02 20:00:00,2228.048855854773,746.8610863145087,171.4193826077734
2025-02-02 21:00:00,2307.6584595571667,913.7026413697179,160.18968509534034
2025-02-02 22:00:00,2017.4414741875642,760.0213984635863,151.30979740392164
2025-02-02 23:00:00,1695.8966672958036,624.3132552683518,136.8333431908263
2025-02-03 00:00:00,1288.6479447902993,398.34678746454244,100.03978232177003
2025-02-03 01:00:00,836.7893357107021,291.60097763293646,69.39509002689883
2025-02-03 02:00:00,645.3659863171903,236.57276136082268,40.87783417116935
2025-02-03 03:00:00,518.4133659913774,178.9977653689728,41.58964767410328
2025-02-03 04:00:00,519.5495017152787,184.67168480146563,38.67074473878379
2025-02-03 05:00:00,779.5408267862582,266.30619482133886,51.29802417478436
2025-02-03 06:00:00,1131.4316029448357,385.4286532897641,84.39682505491785
2025-02-03 07:00:00,1588.8110445762077,530.997270358748,121.5686464866678
2025-02-03 08:00:00,1958.9071024152024,682.9774540606348,141.3629517507402
2025-02-03 09:00:00,2410.9380611918646,777.0393171377108,166.3027826487581
2025-02-03 10:00:00,2488.469549614412,822.7068294551035,150.52275509056454
2025-02-03 11:00:00,2330.8188098477635,771.2313605180874,200.84238213627873
2025-02-03 12:00:00,2289.1895839932477,772.6132373807947,128.2366975845563
2025-02-03 13:00:00,2183.6867008295,768.4932033514068,167.97188824964218
2025-02-03 14:00:00,2103.7306793359285,722.4602910166351,161.88924758027508
2025-02-03 15:00:00,2169.785052885502,681.5481707475309,163.14879573274874
2025-02-03 16:00:00,2061.225159644621,675.002537613685,137.19177814584376
2025-02-03 17:00:00,2024.9835895035972,664.5703756144175,160.22079686806944
2025-02-03 18:00:00,1874.2225843920953,670.7392939824402,135.86988388474907
2025-02-03 19:00:00,1931.2261471274717,693.477789971569,120.52741226931785
2025-02-03 20:00:00,2038.2192149641896,628.3025206841538,125.38940684307336
2025-02-03 21:00:00,2050.553760877884,652.9807366195374,144.15145603806016
2025-02-03 22:00:00,1824.5175867580774,587.1004387560902,104.55144741106072
2025-02-03 23:00:00,1464.5315339517686,523.0983645945644,127.30480485241353
2025-02-04 00:00:00,1345.4707311374505,457.2908896565482,97.68199468627898
2025-02-04 01:00:00,932.463046870854,333.52360460504383,76.25562382612166
2025-02-04 02:00:00,726.1746480541641,237.41535007861893,56.50688346630907
2025-02-04 03:00:00,569.263714558288,208.10537417679222,36.567874092682075
2025-02-04 04:00:00,535.9945632695304,197.50686902031805,33.713828230900205
2025-02-04 05:00:00,826.30859954028,288.2930092194005,39.534925631904336
2025-02-04 06:00:00,1266.8453398767776,442.2115609569832,80.04061469879427
2025-02-04 07:00:00,1764.1741900150414,653.1683991444871,137.9072021836425
2025-02-04 08:00:00,2122.4475942669346,723.954191846101,129.51490590241247
2025-02-04 09:00:00,2497.537660751894,820.4826162317354,156.2627600154469
2025-02-04 10:00:00,2585.956643730681,952.6064884090409,157.83934674493835
2025-02-04 11:00:00,2485.2303371985263,897.184818776403,173.88815366572086
2025-02-04 12:00:00,2506.564131912122,905.156808911717,186.7032257951198
2025-02-04 13:00:00,2524.4287483344697,871.927729550462,133.27254709206758
2025-02-04 14:00:00,2488.208819227672,840.9980961612079,134.5286178370121
2025-02-04 15:00:00,2231.741601657539,811.3765971561083,179.08924627383922
2025-02-04 16:00:00,2192.6990451445827,836.1700288660863,162.18689698109606
2025-02-04 17:00:00,2244.2248611900463,812.7893842912456,139.82063860406288
2025-02-04 18:00:00,2021.2352447773092,782.7955718357329,164.72042123044324
2025-02-04 19:00:00,2017.430593246464,705.1773057613993,119.19900947287712
2025-02-04 20:00:00,2125.599438140629,818.0966479323423,158.34685833685901
2025-02-04 21:00:00,2180.149613666058,756.1980149143773,142.7949076821248
2025-02-04 22:00:00,1909.167924489958,658.765887862887,136.20607198789747
2025-02-04 23:00:00,1585.0412387757233,571.786701213244,79.94588708209972
2025-02-05 00:00:00,1315.9903439518068,422.7096539704113,96.988271004262
2025-02-05 01:00:00,954.1888670270142,302.68085971479275,78.21625764111587
2025-02-05 02:00:00,710.5389970181823,217.97427993650163,53.83160583855202
2025-02-05 03:00:00,618.4019016600413,183.27714542743735,49.13272594104699
2025-02-05 04:00:00,573.828789427179,173.59295063623662,47.94348498264086
2025-02-05 05:00:00,872.0701014083644,250.68864656241237,56.75725538769539
2025-02-05 06:00:00,1262.4809706628391,374.5221753883167,103.73149992287556
2025-02-05 07:00:00,1761.021777259575,546.984642550781,117.5790389892046
2025-02-05 08:00:00,2131.3346301312035,656.2539065140278,162.76373508367075
2025-02-05 09:00:00,2263.289454451191,691.3024214914403,194.7905509165363
2025-02-05 10:00:00,2468.0855092460306,809.5841373309378,173.74513979341015
2025-02-05 11:00:00,2425.435723625723,756.0178358369719,206.27041852456563
2025-02-05 12:00:00,2348.158082860609,817.6129677788044,176.25073417806158
2025-02-05 13:00:00,2362.708427538433,690.3177928255199,170.45777905556102
2025-02-05 14:00:00,2496.6305013329593,723.0624703847207,192.83940134128247
2025-02-05 15:00:00,2355.5897144611076,690.3890624882879,159.6289039338612
2025-02-05 16:00:00,2380.035690517029,663.1767536938784,154.5408249367214
2025-02-05 17:00:00,2224.4276082235438,650.6206417471461,182.0713805261833
2025-02-05 18:00:00,2172.104899245555,699.1906063883515,160.02758189899794
2025-02-05 19:00:00,2084.1125910161086,652.2360200828008,134.06071178106507
2025-02-05 20:00:00,2231.3661143538084,640.7926027267798,178.7876562969983
2025-02-05 21:00:00,2243.942653972877,607.3707761006015,156.44518154617583
2025-02-05 22:00:00,1922.5896402026112,542.7440248151785,123.33624640073324
2025-02-05 23:00:00,1673.4006394618832,486.25231152817315,89.3517807425406
2025-02-06 00:00:00,1294.3417072543323,449.4252761464255,81.83844143960417
2025-02-06 01:00:00,910.7645868668536,332.91555216905124,49.08566333436865
2025-02-06 02:00:00,670.4360438467368,224.1656945111384,35.04857152259952
2025-02-06 03:00:00,534.1768428122722,200.1259178766513,34.55928507706808
2025-02-06 04:00:00,542.1122546329577,206.5646002657109,34.400551021952495
2025-02-06 05:00:00,815.9347305238956,317.3010596701379,43.280608718285194
2025-02-06 06:00:00,1189.0731083249761,401.9110884398179,78.17105188631032
2025-02-06 07:00:00,1682.8792860565998,588.1700791219939,120.26211050782483
2025-02-06 08:00:00,2098.70277042497,720.611568192546,138.47564038217612
2025-02-06 09:00:00,2361.977348763155,850.8156577448717,153.35639666847263
2025-02-06 10:00:00,2543.9803121053646,834.8681969034827,147.51270193988344
2025-02-06 11:00:00,2513.2039739161114,954.8369526109201,135.16947602059005
2025-02-06 12:00:00,2313.5367068020796,867.8625277764754,138.41776177694163
2025-02-06 13:00:00,2431.0648887740517,839.8273343569679,142.33061911305407
2025-02-06 14:00:00,2253.052151021124,896.2661486485625,115.60960754049708
2025-02-06 15:00:00,2305.780892736494,814.5767008987516,120.1769741052146
2025-02-06 16:00:00,2186.3402457017714,809.4061761726992,107.96222466068508
2025-02-06 17:00:00,2065.021549447154,732.5365324760945,125.34106942559424
2025-02-06 18:00:00,1917.2788834108076,686.019547307573,119.20623220425571
2025-02-06 19:00:00,2021.1318886117085,717.1467893596749,110.43671858903265
2025-02-06 20:00:00,1998.086764158228,840.5610210150644,133.07970187313074
2025-02-06 21:00:00,2145.504788556652,783.42075908113,108.42053602322656
2025-02-06 22:00:00,1934.8805619107536,684.3977130402995,100.50508172450868
2025-02-06 23:00:00,1530.3836414984728,542.6332930321911,99.31308084525541
2025-02-07 00:00:00,1245.2998214020097,487.9782798986707,86.21630795673637
2025-02-07 01:00:00,878.3366834760268,317.02023667034246,51.98141695561744
2025-02-07 02:00:00,659.1318118113657,234.67505746523392,43.63296692914667
2025-02-07 03:00:00,547.1377215767011,197.2149324222551,31.115009039126853
2025-02-07 04:00:00,523.7096240393764,217.18610470282132,32.55168561217531
2025-02-07 05:00:00,821.7802701030877,323.84552558768104,50.49431958023257
2025-02-07 06:00:00,1162.6156874903775,436.29494212647967,79.2990090147922
2025-02-07 07:00:00,1675.1534100442043,596.6772729906755,106.94305384558088
2025-02-07 08:00:00,2007.340818849412,697.5503826308322,130.75949023673508
2025-02-07 09:00:00,2300.0514083096214,854.8053303870581,126.09739524724863
2025-02-07 10:00:00,2333.3317532317,901.2900256090113,156.20224322491643
2025-02-07 11:00:00,2348.305575126702,924.0051804236396,158.083571562314
2025-02-07 12:00:00,2299.002283119024,911.3926227187311,157.23267289407312
2025-02-07 13:00:00,2197.5063637072553,843.4582042475062,131.64030632098314
2025-02-07 14:00:00,2257.185532527669,861.3445371913492,154.52820434692637
2025-02-07 15:00:00,2210.515603374731,793.8578964248156,118.11555536203322
2025-02-07 16:00:00,2149.7452935198535,821.1545940295496,127.91092717458201
2025-02-07 17:00:00,2111.353440204758,747.4096429846397,124.61033677796964
2025-02-07 18:00:00,2035.982647789832,757.0557290678507,107.19240399165179
2025-02-07 19:00:00,1947.4470466623306,758.5026358279679,120.93373379302005
2025-02-07 20:00:00,2045.5458845302885,768.7599957738026,131.51500773349852
2025-02-07 21:00:00,1989.1952127987026,795.658886765426,103.07313834236805
2025-02-07 22:00:00,1800.0359771616377,629.1090967114008,109.25353713606899
2025-02-07 23:00:00,1491.4661889022864,544.5282747479722,78.03559717432255
2025-02-08 00:00:00,1420.9757720789555,455.8716506805117,102.92453966959513
2025-02-08 01:00:00,997.2014563437733,311.9953591850602,62.626739935234696
2025-02-08 02:00:00,734.4803371076695,246.14178544845697,46.45161989199738
2025-02-08 03:00:00,609.7340595323333,196.85285746546356,37.51139560539261
2025-02-08 04:00:00,542.6354850789435,208.70413579832692,38.16567532612952
2025-02-08 05:00:00,814.5283724350562,295.2698618245872,59.18676752106237
2025-02-08 06:00:00,1326.2538736222796,462.77539638938504,66.85172006268976
2025-02-08 07:00:00,1796.8342138429125,618.3757550282684,127.007914824992
2025-02-08 08:00:00,2218.736371361864,729.2258750560931,155.0523204766709
2025-02-08 09:00:00,2384.6044346883864,846.8285600969849,152.46811930859005
2025-02-08 10:00:00,2598.7481269299365,914.7266834046659,159.19503919880825
2025-02-08 11:00:00,2732.8387139465885,930.0973372673434,106.63148828795093
2025-02-08 12:00:00,2596.8172147072473,856.9483510955471,136.23624767853642
2025-02-08 13:00:00,2488.075447301437,774.3311186392243,162.18890086146098
2025-02-08 14:00:00,2409.2007493285805,759.8719601519393,170.905264464918
2025-02-08 15:00:00,2363.1390278471927,799.0518108281075,159.8652246895929
2025-02-08 16:00:00,2189.0212922938204,701.3564495520143,143.15307477443508
2025-02-08 17:00:00,2244.177058163317,822.7967127617142,166.96309302612826
2025-02-08 18:00:00,2204.5413368087948,752.8886277606681,148.08251564330135
2025-02-08 19:00:00,2070.777621824014,713.3441403048441,128.60818676537778
2025-02-08 20:00:00,2186.985327890445,716.420211636733,170.79289840799984
2025-02-08 21:00:00,2156.116928133408,794.7085254152387,121.79482366637693
2025-02-08 22:00:00,1926.5693562426934,636.4880010205692,103.23857412062769
2025-02-08 23:00:00,1672.2018040833755,539.3737282287115,98.83047186398
2025-02-09 00:00:00,1361.8522099125064,509.06863712612494,81.49133010422648
2025-02-09 01:00:00,1068.126605131806,386.02992959337143,61.9246775863915
2025-02-09 02:00:00,802.716201127548,296.0456670949734,52.43156185443822
2025-02-09 03:00:00,623.3934000267988,242.7582555461067,38.40063992190841
2025-02-09 04:00:00,572.0178436320224,236.04967923216245,37.69821309920857
2025-02-09 05:00:00,892.5874177826342,335.6754396366316,56.72585222850743
2025-02-09 06:00:00,1427.5642169604762,529.4388536548486,63.53400488741318
2025-02-09 07:00:00,1759.9112640335572,674.8845524016816,97.93580388296219
2025-02-09 08:00:00,2320.706484593088,781.2811482286224,137.87533087790152
2025-02-09 09:00:00,2546.9949433728148,931.630773579932,146.9535798395884
2025-02-09 10:00:00,2827.9147092897592,971.7032063914805,165.54165122229296
2025-02-09 11:00:00,2700.669964347696,975.5500082547575,194.65449486647833
2025-02-09 12:00:00,2730.238440898046,941.2094265286314,164.41290416610187
2025-02-09 13:00:00,2675.387303185995,941.4132499932279,138.5716084471889
2025-02-09 14:00:00,2727.239617352323,976.8618431070058,145.6029413414004
2025-02-09 15:00:00,2527.007439497579,1006.208903443279,184.89379970538528
2025-02-09 16:00:00,2501.422831344206,829.4612987750901,177.16570859773162
2025-02-09 17:00:00,2271.5560730996526,812.4246925443861,154.8695734389463
2025-02-09 18:00:00,2366.818524481844,805.3837430986343,116.86291495401036
2025-02-09 19:00:00,2254.9258641366173,873.4693031706419,146.13476584098402
2025-02-09 20:00:00,2332.7320685202485,857.8049195145071,151.5304131354037
2025-02-09 21:00:00,2368.3737609450645,836.0465539129885,145.89396589526163
2025-02-09 22:00:00,2013.9788974860337,796.5908070871195,121.31615813594323
2025-02-09 23:00:00,1787.3125128700299,679.3150905322302,104.75516857941078
2025-02-10 00:00:00,1354.2715204116528,442.7973091221983,96.85752036455993
2025-02-10 01:00:00,965.3698078072097,309.1237339243248,66.20295326506331
2025-02-10 02:00:00,684.9904028780356,244.06803625608785,64.92234150745193
2025-02-10 03:00:00,570.3772115283981,190.19994925812327,49.476833438540346
2025-02-10 04:00:00,571.9313564810044,186.12941674216523,42.85369714564573
2025-02-10 05:00:00,793.2584563033096,274.4001251038725,68.57992630918693
2025-02-10 06:00:00,1220.6830686771789,441.8971094788083,103.49467620262415
2025-02-10 07:00:00,1782.5267679259823,591.8652158761759,172.09870870680177
2025-02-10 08:00:00,2153.270149731995,754.2894227014265,184.56616748348605
2025-02-10 09:00:00,2429.5962539995103,859.4924352097489,206.6605212175549
2025-02-10 10:00:00,2653.3203331281156,866.5846215413524,199.8620293710294
2025-02-10 11:00:00,2543.141314984647,823.045397746902,188.7859520737957
2025-02-10 12:00:00,2507.383233033681,869.1790714599542,223.35431630251037
2025-02-10 13:00:00,2583.8051134478683,825.4911475825032,202.9188666063061
2025-02-10 14:00:00,2351.722284035438,895.3079337411193,169.94407456066642
2025-02-10 15:00:00,2266.055002027428,790.6719104201103,191.87558484159854
2025-02-10 16:00:00,2284.489685773671,784.3662009479141,194.28336336991381
2025-02-10 17:00:00,2187.719959405733,736.5983425931435,131.8852669525366
2025-02-10 18:00:00,2058.2714499657086,698.7538178620598,148.401958190132
2025-02-10 19:00:00,2040.4584552476465,697.3249844836357,172.30484628844144
2025-02-10 20:00:00,2300.644038962948,736.7325689667035,135.04663044606014
2025-02-10 21:00:00,2180.9507705830447,744.7065529533423,137.96744583444308
2025-02-10 22:00:00,1881.208259746552,681.5256678731245,147.1174784321381
2025-02-10 23:00:00,1660.9929573389668,552.4727187668954,134.59967858686474
2025-02-11 00:00:00,1303.5574423717626,392.22895711179245,65.46850754400467
2025-02-11 01:00:00,942.8469092969314,286.758609756805,52.62079578341735
2025-02-11 02:00:00,722.0567099711701,204.17434756842297,33.93693477136721
2025-02-11 03:00:00,547.2145763106058,188.19301857417116,25.779191801392766
2025-02-11 04:00:00,561.23762681829,166.0690399447829,22.57854903935195
2025-02-11 05:00:00,874.5786745585863,266.67154269270645,37.649639759528384
2025-02-11 06:00:00,1264.125096010888,388.02726356339906,63.565227454322425
2025-02-11 07:00:00,1707.071404449479,537.1457577526922,88.27830576149108
2025-02-11 08:00:00,2088.9765298283305,646.5060149564005,103.13483534350581
2025-02-11 09:00:00,2354.220482079365,702.9066948877742,119.35576931115105
2025-02-11 10:00:00,2483.1050564982456,731.418078503885,134.670733538043
2025-02-11 11:00:00,2462.6481274706243,827.564189030925,118.72761240126322
2025-02-11 12:00:00,2503.650663092236,753.1920026520897,132.5939417939387
2025-02-11 13:00:00,2266.233758590821,770.5320682470752,103.82993380427592
2025-02-11 14:00:00,2402.185578794413,767.9894734778773,110.11317695705881
2025-02-11 15:00:00,2273.614084651726,691.1099943692863,103.07924580374393
2025-02-11 16:00:00,2261.8811082530583,700.8862562768826,114.99262415473355
2025-02-11 17:00:00,2075.406634413856,658.9548433556208,90.26791500566071
2025-02-11 18:00:00,2148.1124005578263,599.9763635626333,94.59536520691358
2025-02-11 19:00:00,2155.659456105727,633.4800616042911,78.7430083647349
2025-02-11 20:00:00,2200.28132009174,676.2098607068914,107.9130342115889
2025-02-11 21:00:00,2052.200094643826,641.6507095523692,115.06836304638237
2025-02-11 22:00:00,1948.2867623506083,575.1101888244433,98.9771935879578
2025-02-11 23:00:00,1624.0256628749316,488.61979290044036,82.66456402654144
2025-02-12 00:00:00,1186.7471796636337,459.3006451769584,75.1309713431536
2025-02-12 01:00:00,901.7420902245884,275.80992284599955,53.80946689783712
2025-02-12 02:00:00,682.5027161442615,232.11261295090233,39.94345727311361
2025-02-12 03:00:00,547.9661155070036,178.76657493345925,32.109525983033414
2025-02-12 04:00:00,530.8648265856777,171.69109888229374,27.207462627548882
2025-02-12 05:00:00,795.4067013059538,261.08051916181626,42.7917999753797
2025-02-12 06:00:00,1234.5682263596577,410.56220377164226,66.23441993722932
2025-02-12 07:00:00,1695.3566600813772,569.0890766067083,87.57349618793634
2025-02-12 08:00:00,1852.1196893572112,681.3755040787274,92.70278082927288
2025-02-12 09:00:00,2242.6749304060145,799.0702069470467,108.6815828964651
2025-02-12 10:00:00,2365.174078029581,845.8931311858183,134.99977778567492
2025-02-12 11:00:00,2249.0478971106813,824.4971677022108,143.93856151652838
2025-02-12 12:00:00,2325.5188969057017,757.4094606558016,128.71070940806072
2025-02-12 13:00:00,2341.6503315882023,777.104703164035,162.95227680371102
2025-02-12 14:00:00,2161.092523798883,765.5967055949702,111.26112294462078
2025-02-12 15:00:00,2203.893045317106,703.4409609374513,126.86464387564489
2025-02-12 16:00:00,2072.301564478065,659.1681314690154,134.36306623241282
2025-02-12 17:00:00,1997.7986042818768,616.0824559687147,125.87984321837605
2025-02-12 18:00:00,2049.187957937281,662.3198271386162,116.82890197724703
2025-02-12 19:00:00,1949.3303715570758,673.4631846524973,122.429660530488
2025-02-12 20:00:00,2062.2877949082003,643.8642555451627,113.54561964578066
2025-02-12 21:00:00,1929.6030240387308,717.4589260531419,133.17092601212877
2025-02-12 22:00:00,1903.378531617658,611.3238971250277,114.22131409352393
2025-02-12 23:00:00,1551.5444046047346,545.203804630755,76.79111187741098
2025-02-13 00:00:00,1283.5633485000103,471.7452932351662,68.7937221863232
2025-02-13 01:00:00,952.1280941660465,319.2458334031376,40.2056692375175
2025-02-13 02:00:00,674.0550553409593,257.64355314561135,42.10981904043266
2025-02-13 03:00:00,578.963500290549,207.8499890471046,29.5808501524091
2025-02-13 04:00:00,543.7199550944387,191.87511297168047,32.3988487223857
2025-02-13 05:00:00,814.7044882390734,273.7999812182037,41.723198594686906
2025-02-13 06:00:00,1214.3863935636118,444.44618100359025,50.7093085468406
2025-02-13 07:00:00,1674.4564604385762,581.8056036479478,112.7284347850747
2025-02-13 08:00:00,2130.995951327754,791.6349190290058,109.2484636281929
2025-02-13 09:00:00,2366.1508262292596,827.3050254935392,107.96558023688755
2025-02-13 10:00:00,2511.9570104087347,960.1356991014387,142.88334788201982
2025-02-13 11:00:00,2454.678732994767,791.3506072272558,154.38302048898467
2025-02-13 12:00:00,2442.721876460379,870.7064837604842,121.37831801444351
2025-02-13 13:00:00,2321.8773811186547,902.2807029667651,119.76373217272051
2025-02-13 14:00:00,2458.1554216531217,795.4451900234185,122.3142796338544
2025-02-13 15:00:00,2167.7052365277436,808.062647787031,102.78003809942258
2025-02-13 16:00:00,2285.89198163869,777.7312968216479,105.28510996250091
2025-02-13 17:00:00,2194.738875958093,734.2571407785601,129.93043038419745
2025-02-13 18:00:00,1994.7316615099778,742.694197092845,103.78942375871117
2025-02-13 19:00:00,2183.084754865858,691.9752051210177,96.30741727379197
2025-02-13 20:00:00,2172.751301134353,755.2981241190555,103.60756305931412
2025-02-13 21:00:00,2171.313597526346,778.3287537876698,121.5750714331846
2025-02-13 22:00:00,1880.065239263671,667.7998984211225,76.11498195373282
2025-02-13 23:00:00,1574.7550340332325,541.5934790468797,83.89180008498707
2025-02-14 00:00:00,1276.0788842027594,479.55368197440833,132.70958431276168
2025-02-14 01:00:00,942.5505654088639,343.5278975766944,92.84843518626545
2025-02-14 02:00:00,725.5690667652158,235.9694003232278,60.54290565986229
2025-02-14 03:00:00,560.5871746342663,186.0655502061675,52.02311926288261
2025-02-14 04:00:00,532.1559515611148,185.3768277341176,50.88483790610362
2025-02-14 05:00:00,834.0854802523431,297.79878126452627,65.6602048752627
2025-02-14 06:00:00,1256.567872784438,441.77110444429184,110.02470885310437
2025-02-14 07:00:00,1724.2849172142762,625.6350197747014,164.99867385967465
2025-02-14 08:00:00,2122.949654076449,728.409351440717,146.58319086115654
2025-02-14 09:00:00,2319.5154490725486,794.5342071360087,202.72347252982004
2025-02-14 10:00:00,2390.591761257743,912.2221059643718,208.213926719688
2025-02-14 11:00:00,2383.3359776754737,845.9637769764948,201.64873972086082
2025-02-14 12:00:00,2286.306692643594,860.264317881819,195.909764262739
2025-02-14 13:00:00,2352.6668227225896,769.380149829962,195.60290750533085
2025-02-14 14:00:00,2296.714437037777,796.6604568754046,194.3693931357798
2025-02-14 15:00:00,2227.5393945945525,841.7657014853653,206.40968132389378
2025-02-14 16:00:00,2015.3880601769738,754.6602873958341,188.59576407009948
2025-02-14 17:00:00,2029.80198220061,777.9059334398943,168.40136006972065
2025-02-14 18:00:00,2096.4568999573657,641.8485114027255,150.89155752979943
2025-02-14 19:00:00,2006.578967686023,707.899041971616,158.395655551795
2025-02-14 20:00:00,2124.243122331096,742.2142783135934,176.55558467041988
2025-02-14 21:00:00,2021.3812118794542,811.5042228028649,158.591349106193
2025-02-14 22:00:00,1944.0222346826774,627.4834028784547,168.20061174924163
2025-02-14 23:00:00,1569.9160686633913,579.1501864945693,134.68027318857798
2025-02-15 00:00:00,1429.4136234504654,456.99571122719135,95.0140752660515
2025-02-15 01:00:00,1097.0698805227742,304.8437305635266,57.186451167648734
2025-02-15 02:00:00,804.321210887522,232.32655956947215,41.87878182575872
2025-02-15 03:00:00,611.2531931917999,190.3370610646855,41.28354159509484
2025-02-15 04:00:00,593.6057548219308,171.8150090050517,36.50082071901278
2025-02-15 05:00:00,892.7072520227745,270.1534425360825,52.54643461092926
2025-02-15 06:00:00,1372.5710552094831,440.56551448169995,86.80003963248058
2025-02-15 07:00:00,1864.832382222226,587.9821662913591,119.51318194427685
2025-02-15 08:00:00,2271.524033462222,698.9319908509398,118.36494673252966
2025-02-15 09:00:00,2687.014040227506,795.7941212536421,176.98144723703803
2025-02-15 10:00:00,2701.8562975905015,854.4523698185204,154.46003446624283
2025-02-15 11:00:00,2870.825482175513,858.0400720894497,190.44519839769464
2025-02-15 12:00:00,2652.5787435474626,789.4453534622062,135.02216608988365
2025-02-15 13:00:00,2709.948622700703,850.2233172165561,159.2120180679525
2025-02-15 14:00:00,2567.839639106324,829.2156665536007,148.57086341380148
2025-02-15 15:00:00,2557.7510843652585,788.7424282443162,116.79733160646973
2025-02-15 16:00:00,2377.0372958707603,713.5711202832524,154.97827206467917
2025-02-15 17:00:00,2267.346136998352,677.0505073085858,109.6863803790266
2025-02-15 18:00:00,2274.000870835121,677.5426561916621,129.66263555313472
2025-02-15 19:00:00,2320.4444934111452,694.4174911374275,150.74160735345293
2025-02-15 20:00:00,2325.3412159546187,651.2714912274304,130.57021828348124
2025-02-15 21:00:00,2239.2810271537096,729.2417982562165,124.97136167978564
2025-02-15 22:00:00,1985.7955144801579,672.3511216738822,133.7519410399779
2025-02-15 23:00:00,1671.6762067092072,548.736877777094,101.0231388983873
2025-02-16 00:00:00,1384.0249444144088,450.77754316388297,85.01658893856896
2025-02-16 01:00:00,1061.054276877692,325.5853461582214,73.51066893594383
2025-02-16 02:00:00,817.3328997095745,257.32898099959823,42.28392565239186
2025-02-16 03:00:00,632.9653435487083,201.17844922110245,36.74744765969776
2025-02-16 04:00:00,580.7969504963697,202.68688080558235,41.40774442744378
2025-02-16 05:00:00,920.1981149735925,304.7427806965764,48.96915602600836
2025-02-16 06:00:00,1383.233932177003,468.2736760742523,101.15638781612643
2025-02-16 07:00:00,2032.7352499161366,581.0127302123345,114.52400771082651
2025-02-16 08:00:00,2262.2407949159115,762.9303984215184,157.6398224768935
2025-02-16 09:00:00,2621.218241481048,833.3651080867274,177.11752985999897
2025-02-16 10:00:00,2915.405867627655,886.503567931064,167.14866913232808
2025-02-16 11:00:00,2804.363117025681,923.5751222812266,160.37422370474002
2025-02-16 12:00:00,2759.217329914555,910.4480948981353,165.12536016845286
2025-02-16 13:00:00,2658.6148136425045,905.6642326515913,174.32090397955707
2025-02-16 14:00:00,2634.3797702940187,852.7394582982456,142.40433572708164
2025-02-16 15:00:00,2612.7858725008227,814.1923081127106,135.845870203443
2025-02-16 16:00:00,2434.588881967493,787.5585307039803,176.54176607950274
2025-02-16 17:00:00,2443.2290367112573,699.2768439309319,134.06111008047307
2025-02-16 18:00:00,2216.7401705558423,785.6670294758275,146.16688280152346
2025-02-16 19:00:00,2339.663449844757,730.5406322894133,138.48882789223904
2025-02-16 20:00:00,2396.6528096536376,782.0131867527347,143.15047557547913
2025-02-16 21:00:00,2343.701638865142,788.4049050297664,168.17040096072444
2025-02-16 22:00:00,2118.0197761429085,637.5195231266927,128.23778596847274
2025-02-16 23:00:00,1756.549586592296,546.6440286532398,104.95752614069197
2025-02-17 00:00:00,1249.6286144892401,466.54305658853167,61.12173477772093
2025-02-17 01:00:00,926.7059142142967,319.803408862155,43.25232618453731
2025-02-17 02:00:00,679.5076755891528,229.61252836558813,31.782956450431424
2025-02-17 03:00:00,565.2814964949747,187.61874184493598,25.901412868943645
2025-02-17 04:00:00,530.8721141296695,194.5274312359156,31.629407123765212
2025-02-17 05:00:00,834.8134295620032,288.27561696445133,43.083778294981805
2025-02-17 06:00:00,1188.9102517469444,384.898472435488,57.84565641228733
2025-02-17 07:00:00,1672.2542882010791,617.7910350907046,91.8604667411505
2025-02-17 08:00:00,2050.1879797848246,735.9448976797839,84.47145850768507
2025-02-17 09:00:00,2431.6762044844368,784.295308877892,131.65714587966644
2025-02-17 10:00:00,2485.0187909648403,781.8560278614846,137.20123612553425
2025-02-17 11:00:00,2436.0728919575486,867.830107600661,148.73990595188644
2025-02-17 12:00:00,2437.0777405392555,828.5697935459616,130.32643934857762
2025-02-17 13:00:00,2206.8947042165382,734.4044814639494,120.02391576263443
2025-02-17 14:00:00,2306.8873100834835,769.5172873092349,128.6472539866406
2025-02-17 15:00:00,2388.935593740646,877.7269600356503,103.10115372768942
2025-02-17 16:00:00,2212.1453689962027,743.2408455360965,103.11060277142286
2025-02-17 17:00:00,2114.071460866326,685.4790355131101,102.41044183322963
2025-02-17 18:00:00,2070.8454037843303,653.7327754799475,114.44400256877607
2025-02-17 19:00:00,2102.673798805404,750.4697009375158,90.97628583241483
2025-02-17 20:00:00,1992.3565033443913,740.1554086833064,92.39538438926397
2025-02-17 21:00:00,2010.9280398021476,759.4047468607753,105.76564494678895
2025-02-17 22:00:00,1886.2588029747021,639.4589356234202,98.76358626373451
2025-02-17 23:00:00,1550.135668728569,565.2970509021318,71.42543778431619
2025-02-18 00:00:00,1360.2287161212382,394.9676827338757,87.57232641111146
2025-02-18 01:00:00,945.0443790013477,301.62750994297204,68.11135502327015
2025-02-18 02:00:00,675.7038384491009,227.323314283504,50.220271587487844
2025-02-18 03:00:00,550.5972359952158,191.15366005447333,36.87737707395671
2025-02-18 04:00:00,515.9379167579887,178.1241478866647,34.435155411557794
2025-02-18 05:00:00,828.4140624955414,253.82199351768534,61.63063182424204
2025-02-18 06:00:00,1245.773651590682,394.321746677355,78.06082758718611
2025-02-18 07:00:00,1710.1279225422845,499.1779713954887,118.64706049657268
2025-02-18 08:00:00,2189.262254774692,592.1898195858362,160.25938131855904
2025-02-18 09:00:00,2468.223372735467,779.8033236707225,162.04310712945812
2025-02-18 10:00:00,2495.9170828790748,772.917919796139,139.22548034503262
2025-02-18 11:00:00,2347.0920477652126,773.5275664582381,134.49732074825232
2025-02-18 12:00:00,2490.2700149132265,799.3092508918879,147.43196427006154
2025-02-18 13:00:00,2425.3239491262416,800.3164718917596,160.02133690812465
2025-02-18 14:00:00,2372.736524598813,757.4877011937057,153.42645121635627
2025-02-18 15:00:00,2367.7530384537235,790.8520076522077,177.6436187868256
2025-02-18 16:00:00,2171.768994041113,721.7518225066905,146.26079819756592
2025-02-18 17:00:00,2269.7101279731255,684.4542062829437,128.99825265662287
2025-02-18 18:00:00,2021.7333498766804,659.6557425674017,113.42334481711238
2025-02-18 19:00:00,2133.0740454838187,615.0444313967602,146.61540474250157
2025-02-18 20:00:00,2047.861821150136,705.7887973372531,133.6472202311982
2025-02-18 21:00:00,2093.3036228522687,594.7907765725298,111.94762237953836
2025-02-18 22:00:00,1990.88774366711,582.5264304798111,119.14003684960245
2025-02-18 23:00:00,1599.3345348650118,506.25983116876216,89.45479225244455
2025-02-19 00:00:00,1309.105905872849,481.50625583964353,92.76659013411141
2025-02-19 01:00:00,935.6508688910657,355.8502372214205,70.71254133891979
2025-02-19 02:00:00,694.3905328953847,296.83246803925124,47.76227972098445
2025-02-19 03:00:00,577.7921408500163,229.48063573367304,40.082983749986646
2025-02-19 04:00:00,541.3362642894383,206.2094286253607,38.09435026015316
2025-02-19 05:00:00,772.5343312384306,310.9622173009309,57.01042692628058
2025-02-19 06:00:00,1193.446843956554,448.310003955966,82.69403956440279
2025-02-19 07:00:00,1712.938517063454,682.7865449863258,121.55467486835641
2025-02-19 08:00:00,2094.413043305026,800.9893329429767,142.24700885111395
2025-02-19 09:00:00,2226.0232933169727,824.4567191909698,188.20811527928973
2025-02-19 10:00:00,2394.988695130864,961.4026610328178,189.87488110056935
2025-02-19 11:00:00,2393.261313517692,972.3967032431416,208.85363595414526
2025-02-19 12:00:00,2361.816584865532,977.4454556155873,218.43032338932213
2025-02-19 13:00:00,2238.45053646537,907.8946286856526,189.94518709790407
2025-02-19 14:00:00,2252.705292892812,881.2659054056425,182.79845479267135
2025-02-19 15:00:00,2200.6211291891245,963.6761830245498,184.45317992167296
2025-02-19 16:00:00,2235.212665636845,856.6678144757159,174.74308194524878
2025-02-19 17:00:00,2142.1758957243464,848.4455886926767,160.12481145435345
2025-02-19 18:00:00,2016.6714538776082,771.8552583697735,153.45603450320897
2025-02-19 19:00:00,2014.2722663669563,823.7031351678575,137.7199303179134
2025-02-19 20:00:00,2103.02410095092,762.1736393140355,173.71178528981926
2025-02-19 21:00:00,2047.063495879988,801.580059149566,158.72094358950642
2025-02-19 22:00:00,1802.1389660910186,686.0946941255175,163.73322810231826
2025-02-19 23:00:00,1529.1975989210343,596.670929746468,131.21067392388133
2025-02-20 00:00:00,1267.6830546654126,460.9068419152046,82.72280457844425
2025-02-20 01:00:00,907.4291822410913,306.4982194746069,73.17975817465538
2025-02-20 02:00:00,705.9808629887167,244.90185112559908,34.93585490748627
2025-02-20 03:00:00,573.1846832587595,203.05779212836285,46.684786487054986
2025-02-20 04:00:00,525.6032415228864,184.9674744230424,32.33863041665675
2025-02-20 05:00:00,820.9284652660439,289.5469224853044,59.42250797153555
2025-02-20 06:00:00,1224.2213150554437,425.48017637793595,88.6047834353605
2025-02-20 07:00:00,1718.2320910351439,576.4023023872729,131.24133141542805
2025-02-20 08:00:00,2089.1677610226902,729.358500910408,138.58030400294084
2025-02-20 09:00:00,2253.1959186422105,861.3002948067553,123.99691414864897
2025-02-20 10:00:00,2379.1458833066745,804.8923065090789,163.5494587429207
2025-02-20 11:00:00,2456.3535210000396,788.183949207374,164.74341062737605
2025-02-20 12:00:00,2476.4832176786686,770.7810797860751,128.8246656176742
2025-02-20 13:00:00,2203.308087431287,828.9519750086467,162.2621709903951
2025-02-20 14:00:00,2335.609378834695,821.589495123123,140.53682950690262
2025-02-20 15:00:00,2341.5468961254956,743.3682668569336,166.75169656265686
2025-02-20 16:00:00,2198.041509699965,666.5879279566421,147.73137840069467
2025-02-20 17:00:00,2145.909230706265,688.4996730524797,176.1283468069555
2025-02-20 18:00:00,2002.7881483548686,706.2107789698306,136.5641329424604
2025-02-20 19:00:00,2047.80749142923,689.7036703462263,147.84079396359706
2025-02-20 20:00:00,2017.7591374389542,717.9400181026494,141.95656578435592
2025-02-20 21:00:00,1975.0587039001905,693.7126394952877,119.792240002343
2025-02-20 22:00:00,1927.784340345255,663.5855177995224,126.28158805091466
2025-02-20 23:00:00,1540.8587611792218,542.4445094852875,117.81345711927632
2025-02-21 00:00:00,1291.8153154337915,437.3970058866731,89.16759256799678
2025-02-21 01:00:00,914.1663223251105,311.5088725045562,58.91494257919809
2025-02-21 02:00:00,684.6111922387649,237.539569585178,38.41259814128112
2025-02-21 03:00:00,566.920488605611,189.29100529489594,38.98978211413563
2025-02-21 04:00:00,546.4054711362896,173.17001988645802,37.305846633286954
2025-02-21 05:00:00,840.6134268878758,275.27645971431326,58.07659197076577
2025-02-21 06:00:00,1264.6674319496808,421.50749896948327,77.53534862757164
2025-02-21 07:00:00,1740.9745612791817,592.2398289803753,90.28557374240363
2025-02-21 08:00:00,2132.850446846677,702.5811971454101,143.38451871085803
2025-02-21 09:00:00,2485.7904707457938,737.795030196629,152.17973925703657
2025-02-21 10:00:00,2425.493488194246,780.7712820498544,184.03264111104704
2025-02-21 11:00:00,2484.302092004673,791.7672474649047,159.68654537622024
2025-02-21 12:00:00,2517.6586941330334,800.5692675214895,155.374366749664
2025-02-21 13:00:00,2464.9625677153567,769.355661944828,159.2055080308072
2025-02-21 14:00:00,2252.0109360198726,720.8734357707299,140.35526402085088
2025-02-21 15:00:00,2277.425521802151,706.0059275709104,136.73620920361526
2025-02-21 16:00:00,2322.772781068268,653.6059833638939,141.66570051182325
2025-02-21 17:00:00,2172.965908901235,591.368362047684,123.43525216643026
2025-02-21 18:00:00,2082.3631629307233,668.9332451491961,129.22493983774712
2025-02-21 19:00:00,2070.3208126541585,753.0942328581278,161.2306033107995
2025-02-21 20:00:00,2119.597115638093,756.9993375758471,152.54276846232736
2025-02-21 21:00:00,2159.8098063678062,663.5078852293061,141.65034731395548
2025-02-21 22:00:00,1890.8265684723178,623.4866008385679,142.28405355405468
2025-02-21 23:00:00,1604.4449686892726,485.17061813829446,93.60553876836458
2025-02-22 00:00:00,1319.3153829975668,478.1008942157062,88.75499662174067
2025-02-22 01:00:00,938.7837768477813,349.5876628751916,48.29286525979719
2025-02-22 02:00:00,727.8839486416258,275.1022396527341,46.35097476999672
2025-02-22 03:00:00,620.0873050451488,220.40543573196143,37.04280255410504
2025-02-22 04:00:00,533.5695820074039,220.38220256189956,24.164582581905734
2025-02-22 05:00:00,844.6397700259749,335.02377383279526,51.51463314879904
2025-02-22 06:00:00,1229.828752116776,479.32598419459447,64.68780883919605
2025-02-22 07:00:00,1763.8587217726308,674.3390295964197,86.53355945460655
2025-02-22 08:00:00,2134.110032964276,782.7898155225254,119.62668775974821
2025-02-22 09:00:00,2445.9462457022178,868.3589014484921,113.33755921593747
2025-02-22 10:00:00,2597.3892523209342,904.5222896747226,140.82381819921304
2025-02-22 11:00:00,2516.293531036905,1001.072757804697,119.4067516496732
2025-02-22 12:00:00,2532.5226865562195,936.439424959866,132.8859162098092
2025-02-22 13:00:00,2238.1808256831005,844.6989804471797,145.57970594767974
2025-02-22 14:00:00,2463.820767588813,912.0300233637672,130.53478357012833
2025-02-22 15:00:00,2335.3074966988643,842.0912127551866,117.97318399940998
2025-02-22 16:00:00,2318.945023782579,943.1134810553061,126.56994360928712
2025-02-22 17:00:00,2081.8769894757265,812.414519066367,97.06000482365482
2025-02-22 18:00:00,2035.0632351050135,834.5680853173187,100.61597536646467
2025-02-22 19:00:00,2103.9271001499474,855.3847098952608,106.11342451380239
2025-02-22 20:00:00,2154.281141846521,797.2079830908119,124.21877784573535
2025-02-22 21:00:00,2172.3458835021797,838.8918079359038,119.50043236836625
2025-02-22 22:00:00,1973.6485580738404,762.759313026284,107.63516837647147
2025-02-22 23:00:00,1536.356074749467,630.1895591729962,85.57840172029962
2025-02-23 00:00:00,1420.4140384971606,465.293679347946,81.13866360662787
2025-02-23 01:00:00,1005.4631445309598,311.0562958182555,74.85952804452488
2025-02-23 02:00:00,749.2255802422992,255.87210306406274,44.68596146828418
2025-02-23 03:00:00,577.7304584694627,194.5608703872237,40.39799453431698
2025-02-23 04:00:00,598.1860088425739,198.38215468299026,37.38016020032766
2025-02-23 05:00:00,820.0829889486428,303.7581703977912,59.842328306763235
2025-02-23 06:00:00,1343.777531099784,450.61613194032174,79.11850056906705
2025-02-23 07:00:00,1747.328066290698,613.1556483904245,130.27322803324364
2025-02-23 08:00:00,2241.984092094909,763.334373042579,165.00559210660242
2025-02-23 09:00:00,2507.1578273514315,859.6105271557211,178.66068945145398
2025-02-23 10:00:00,2727.6650916354074,936.7231808483168,172.3204855112728
2025-02-23 11:00:00,2615.6858931447105,867.9354667623579,160.68791954076573
2025-02-23 12:00:00,2528.4725517384295,859.4815489843213,215.8833200110407
2025-02-23 13:00:00,2479.938688642751,869.4157964761226,144.05112562769523
2025-02-23 14:00:00,2565.8565644697555,799.9824357326102,174.08635041385298
2025-02-23 15:00:00,2463.787163821934,750.9192722273208,161.3121874703837
2025-02-23 16:00:00,2339.034280433588,800.6174093566951,150.64476061770657
2025-02-23 17:00:00,2248.8641663771546,741.2012175534763,148.12056562805338
2025-02-23 18:00:00,2092.519129448108,681.4166137192406,132.62161265055917
2025-02-23 19:00:00,2224.762800175527,745.4747087385069,147.69694808197087
2025-02-23 20:00:00,2152.549342494744,800.4915977401482,150.18858672798555
2025-02-23 21:00:00,2311.3456935192976,689.6405864875371,187.2703602701833
2025-02-23 22:00:00,2019.3247606796672,698.3248619157782,144.01517415415026
2025-02-23 23:00:00,1810.6099653179208,492.4674148818907,114.95871843661821
2025-02-24 00:00:00,1210.1793785190698,449.2088248278168,92.58906044885522
2025-02-24 01:00:00,905.0579800040728,362.661533439145,75.9734148524852
2025-02-24 02:00:00,714.5791086463877,245.6705152017092,42.51429009410824
2025-02-24 03:00:00,562.1572400431475,200.4772675301443,37.23059638203058
2025-02-24 04:00:00,522.3341105247144,202.65220436415177,29.516596149336046
2025-02-24 05:00:00,799.0003157760606,267.13477883957273,58.78314756819597
2025-02-24 06:00:00,1191.7940658963437,438.75923398141106,90.82918082943962
2025-02-24 07:00:00,1659.198321206697,605.8652758375795,102.54981229298541
2025-02-24 08:00:00,1981.7635446213392,808.3669742371742,163.00660779075662
2025-02-24 09:00:00,2265.516849701879,783.466027768344,146.22585851833685
2025-02-24 10:00:00,2278.3725027655073,858.8169310776287,160.3200724685643
2025-02-24 11:00:00,2382.4035548881748,831.6911646836462,167.8370419909281
2025-02-24 12:00:00,2357.2550919124624,811.3826445750826,190.54605812701234
2025-02-24 13:00:00,2256.7571362408803,878.7209462450869,143.83651133551095
2025-02-24 14:00:00,2136.1882552748257,821.8285157742544,161.09516456883367
2025-02-24 15:00:00,2252.151036468434,782.4850256656631,165.82550317288513
2025-02-24 16:00:00,2156.5642128070726,763.6300735487966,158.2000609965631
2025-02-24 17:00:00,2002.4851036238197,729.4683467084793,152.0338741783138
2025-02-24 18:00:00,1960.2692503359895,708.2723017279072,149.29163619196012
2025-02-24 19:00:00,1903.8325832537691,684.4620552030296,130.3999500043988
2025-02-24 20:00:00,1985.3944899936141,740.5140867728177,168.73960829774708
2025-02-24 21:00:00,2013.2284937099753,736.8692478302652,140.97443593100652
2025-02-24 22:00:00,1879.0014989711783,642.0892811032784,123.47983930850172
2025-02-24 23:00:00,1505.2351138441234,566.5177946843583,122.59009755019844
2025-02-25 00:00:00,1261.3466485943254,379.46168801587856,66.54182782442628
2025-02-25 01:00:00,887.3905307471424,265.374140660427,53.718208915819154
2025-02-25 02:00:00,680.1099609531528,203.0312753226392,35.88081397413523
2025-02-25 03:00:00,537.9980957927703,180.5730745632619,39.608924629670334
2025-02-25 04:00:00,541.7510829124068,176.50789723788765,38.087891205108384
2025-02-25 05:00:00,776.4114327830067,226.42162559713566,44.88022177069842
2025-02-25 06:00:00,1130.8667905063458,342.2055255963866,71.99669494211903
2025-02-25 07:00:00,1570.7611062132653,469.22018499926304,94.20748848240797
2025-02-25 08:00:00,1976.10248624732,638.2435400096266,111.23812234538087
2025-02-25 09:00:00,2175.3245916607193,669.1291924689364,131.5726486878696
2025-02-25 10:00:00,2393.8180092443395,724.718835854323,135.79053896007397
2025-02-25 11:00:00,2324.7886196987406,781.875840556552,113.41255586923435
2025-02-25 12:00:00,2463.546929007344,698.993598372252,136.92857278962225
2025-02-25 13:00:00,2144.564046763526,705.5917507473002,129.29761939037957
2025-02-25 14:00:00,2232.75305247016,688.9617201546232,132.26309817567105
2025-02-25 15:00:00,2106.508559923289,639.6571737817377,124.29246497630906
2025-02-25 16:00:00,2089.4556719397146,674.1845366777901,117.3357629369424
2025-02-25 17:00:00,2036.4610812825129,588.7834626561167,127.95906175319365
2025-02-25 18:00:00,1833.4563398130713,632.0137361575069,119.514115992208
2025-02-25 19:00:00,1985.1174349017012,579.9926560153932,130.80902983326928
2025-02-25 20:00:00,2136.252036054531,599.8248287809062,123.15195398869425
2025-02-25 21:00:00,2002.761490161062,581.6909144425101,114.3978567395519
2025-02-25 22:00:00,1816.0289168825561,521.3600111394442,110.83269461012306
2025-02-25 23:00:00,1564.6080050278256,450.92954969709655,68.87758377319307
2025-02-26 00:00:00,1252.4641140124347,364.0577858393487,115.54229625697069
2025-02-26 01:00:00,900.0058825360456,296.6010113186535,70.46858907663784
2025-02-26 02:00:00,642.3359848396526,219.39615417021932,63.43720301872553
2025-02-26 03:00:00,558.402689180884,186.75913875965531,37.178988229860565
2025-02-26 04:00:00,535.4384839041606,179.73537415448476,35.32407707534324
2025-02-26 05:00:00,777.753765957426,253.47095857339906,62.2444210597528
2025-02-26 06:00:00,1205.2424884599948,385.08135775867567,93.36643595720322
2025-02-26 07:00:00,1631.7895689684258,537.7713377126319,128.63283147352232
2025-02-26 08:00:00,2006.488529491681,715.8023370171853,155.41064403034187
2025-02-26 09:00:00,2327.1013045277527,720.5224255980827,159.55500579888965
2025-02-26 10:00:00,2312.997056932247,760.4697716232673,150.8685709436595
2025-02-26 11:00:00,2461.313131656471,741.339726413878,184.3706674371268
2025-02-26 12:00:00,2254.0220161767506,713.9959355769174,151.12361896200352
2025-02-26 13:00:00,2245.999705462772,761.5141518093844,145.6881623651387
2025-02-26 14:00:00,2375.067337146904,746.3654084352506,161.67463570888222
2025-02-26 15:00:00,2277.758924880012,769.0296868957984,172.88704635913095
2025-02-26 16:00:00,2156.866238685483,740.864427013134,195.50802377193926
2025-02-26 17:00:00,2005.3394599802884,753.6131416649168,170.37948711416857
2025-02-26 18:00:00,1961.3337123123345,650.4546871225709,172.01051510701558
2025-02-26 19:00:00,2006.3039952257277,648.2664009374433,160.36978388563062
2025-02-26 20:00:00,2061.5940753058494,632.8321292948201,160.17421816604295
2025-02-26 21:00:00,2054.2092394286633,698.0616918878071,195.8179545778621
2025-02-26 22:00:00,1828.9423394934838,603.6844165149324,117.34217225541802
2025-02-26 23:00:00,1535.1256315099938,522.3668329204975,110.366398802646
2025-02-27 00:00:00,1297.7648324599309,433.67711496313655,93.74704765190674
2025-02-27 01:00:00,969.0898658217588,339.41680572088524,77.56956549007475
2025-02-27 02:00:00,756.142511588385,252.73959221462582,47.42388976895758
2025-02-27 03:00:00,567.1926752950421,201.51076598195334,45.92608848847164
2025-02-27 04:00:00,574.3742967254539,189.51241886706717,44.142611402055806
2025-02-27 05:00:00,840.5953777955071,308.7971496202477,67.33065574785924
2025-02-27 06:00:00,1294.744536581067,481.54731084086507,100.83693438320219
2025-02-27 07:00:00,1763.3122562348294,572.5675844378405,149.57601105631244
2025-02-27 08:00:00,2278.80451833618,768.7041029695067,156.59470858321984
2025-02-27 09:00:00,2493.856794692445,718.4569027469184,187.04004431026132
2025-02-27 10:00:00,2487.450689708427,904.737716160367,170.9446689889531
2025-02-27 11:00:00,2617.9235811037265,793.3121673778782,165.56658309284876
2025-02-27 12:00:00,2466.0251459120127,833.7957253423801,215.93237361666715
2025-02-27 13:00:00,2419.438755519935,781.6367056042976,161.35663221766816
2025-02-27 14:00:00,2443.3999881445548,813.5526141235763,186.32871117651578
2025-02-27 15:00:00,2340.3879380498925,838.111005021808,180.50841842295634
2025-02-27 16:00:00,2369.1259913097433,714.0705143961499,187.41267625964292
2025-02-27 17:00:00,2165.2290734857124,738.1028764316198,130.64730074596918
2025-02-27 18:00:00,2102.3301822818735,708.0875678682482,168.729117940088
2025-02-27 19:00:00,2112.1669836461597,786.1474403142264,153.80705790703192
2025-02-27 20:00:00,2178.139102419015,766.8538104409496,148.87143793612114
2025-02-27 21:00:00,2281.039817062057,708.3891435742383,154.88291317834145
2025-02-27 22:00:00,2001.680609640481,652.4582876637226,157.37755168929468
2025-02-27 23:00:00,1738.9383286259852,605.7278198568326,128.8343169610292
2025-02-28 00:00:00,1303.6587463021147,491.36975344506885,76.66494442936502
2025-02-28 01:00:00,865.9080934072765,330.05327642080056,49.56829874814642
2025-02-28 02:00:00,669.9283220196365,255.67421696554052,37.49611456845239
2025-02-28 03:00:00,517.2682966417389,204.83935103185956,36.67603261054701
2025-02-28 04:00:00,512.3162902302091,197.5973816898915,28.617310895929958
2025-02-28 05:00:00,766.3658068513383,277.20646585657573,48.83299649751823
2025-02-28 06:00:00,1135.7210974707166,438.50253627564655,95.72618282595617
2025-02-28 07:00:00,1568.7129676676225,668.1875179700689,107.57594918596695
2025-02-28 08:00:00,1976.0815379989106,754.4590059537207,135.90969808784132
2025-02-28 09:00:00,2153.5773657160667,859.3288346848673,125.13671391295739
2025-02-28 10:00:00,2395.8668008176546,912.9941700312482,128.72487612355835
2025-02-28 11:00:00,2269.951770111113,999.3499279177322,160.43856141079516
2025-02-28 12:00:00,2464.375262232207,885.6161853927997,140.4696348842372
2025-02-28 13:00:00,2201.228489040317,909.3447566016393,159.30566507418277
2025-02-28 14:00:00,2200.3052321522696,826.070781762457,141.39552347220976
2025-02-28 15:00:00,2073.4693068246565,822.9537116651668,188.88721880336806
2025-02-28 16:00:00,2195.406832761698,812.31071998361,126.08918139322994
2025-02-28 17:00:00,2069.1037993516384,748.1611569193423,132.5776412227184
2025-02-28 18:00:00,1955.5676833812897,743.9512993947868,112.4172893204544
2025-02-28 19:00:00,1877.2612906906486,788.1366874037362,138.8342978658218
2025-02-28 20:00:00,2018.1773530582802,747.1748688399454,134.66082963388598
2025-02-28 21:00:00,1943.5333277797768,777.2712890668663,115.37166859270643
2025-02-28 22:00:00,1856.24976893632,714.5799326329827,110.42714514032926
2025-02-28 23:00:00,1538.718793270712,559.6767430978854,110.60284208595999
2025-03-01 00:00:00,1459.5925442462856,466.0215249577685,119.80513152504342
2025-03-01 01:00:00,986.6614579781514,323.0039946551888,65.20907491301367
2025-03-01 02:00:00,772.2167962951498,239.47368848943628,54.755599682237545
2025-03-01 03:00:00,647.4213352324706,174.36145894299008,55.08914194597705
2025-03-01 04:00:00,643.0553626340229,185.68059308076064,44.335258110320005
2025-03-01 05:00:00,955.0587548678204,286.69801938595486,68.55368179198605
2025-03-01 06:00:00,1327.7610563634173,458.120440638367,111.93365416727364
2025-03-01 07:00:00,1935.0543310927908,599.4140692825646,119.41699720208649
2025-03-01 08:00:00,2422.4165783236253,755.1746520717836,153.77477772998026
2025-03-01 09:00:00,2524.1661348610423,757.6087464792854,185.44319928446532
2025-03-01 10:00:00,2778.473776570672,839.723276811634,227.7025967923111
2025-03-01 11:00:00,2787.0067952668,890.5389918173594,222.6473272790186
2025-03-01 12:00:00,2690.1303076107515,789.3710291865224,212.06514257818674
2025-03-01 13:00:00,2509.8385538378316,842.2441872216139,189.23661172165083
2025-03-01 14:00:00,2583.3341801772835,820.7190606581026,212.0870458540008
2025-03-01 15:00:00,2530.766040103029,786.8287616714349,182.34582713968632
2025-03-01 16:00:00,2477.6560733048946,744.3655952989201,191.73931537273464
2025-03-01 17:00:00,2344.5883464019566,689.6534201518956,189.7606843544959
2025-03-01 18:00:00,2274.182153966687,760.188116187798,197.47022967068398
2025-03-01 19:00:00,2313.337883893734,725.6096597300482,167.07196373965584
2025-03-01 20:00:00,2411.5103209471545,736.1383046393685,166.17900281191788
2025-03-01 21:00:00,2361.8219995639774,709.7425880502191,196.8470592823334
2025-03-01 22:00:00,2093.174940294237,644.9177234616359,176.2377584160882
2025-03-01 23:00:00,1791.1641939390026,547.4821094212265,122.12607643066008
2025-03-02 00:00:00,1230.249923784477,446.9709513609273,81.83913989433982
2025-03-02 01:00:00,958.1056873976033,330.25028002664055,76.31153802997837
2025-03-02 02:00:00,709.1753483252627,230.1552295359226,41.73790061862395
2025-03-02 03:00:00,568.0221225059505,177.80490857582558,33.17150462581496
2025-03-02 04:00:00,570.4841653117664,188.16085854909429,38.52718895664691
2025-03-02 05:00:00,782.2247969216032,255.47908107116604,59.084770147582994
2025-03-02 06:00:00,1172.504953818689,412.00786790854534,77.599148002823
2025-03-02 07:00:00,1726.6597087324722,563.7482369763447,123.93653841468142
2025-03-02 08:00:00,2103.069969871786,726.3867909041196,152.85601579976893
2025-03-02 09:00:00,2374.675524904822,873.6471903076417,158.26052714072566
2025-03-02 10:00:00,2449.574908108884,758.309779142472,213.83422330225346
2025-03-02 11:00:00,2515.613027631259,924.7081298310682,182.55540665980993
2025-03-02 12:00:00,2485.6230790068985,807.9074590994709,191.99398193318788
2025-03-02 13:00:00,2395.388987483942,810.6048189564767,140.64029085661463
2025-03-02 14:00:00,2311.0358765673154,731.4936239720072,138.37741085223823
2025-03-02 15:00:00,2146.4756315656646,806.3901473464784,169.10911250992962
2025-03-02 16:00:00,2269.378233746594,750.8685318146571,188.4029564867058
2025-03-02 17:00:00,2199.6998194486496,715.3470934019496,133.8301305197852
2025-03-02 18:00:00,2093.238790411592,628.5670676466635,147.48765946637064
2025-03-02 19:00:00,2017.2340314896942,700.0426249066937,126.55550419554123
2025-03-02 20:00:00,2167.1485583630274,746.8366734140519,138.56433347678546
2025-03-02 21:00:00,2178.2419874000416,709.2799073433503,153.38114819931528
2025-03-02 22:00:00,1973.1145838619186,673.9940050818706,126.43478783224845
2025-03-02 23:00:00,1556.3583268788832,567.6194758115528,96.77317096227813
2025-03-03 00:00:00,1245.3930359639544,429.82701162850736,86.3056712974013
2025-03-03 01:00:00,930.6582190345335,347.5472977131091,58.35127507262735
2025-03-03 02:00:00,684.9371486170373,242.55986386560002,57.82348229346879
2025-03-03 03:00:00,530.0912844038045,194.12263135718314,46.84251081191359
2025-03-03 04:00:00,541.9802292681019,190.53348806970146,45.844027020391316
2025-03-03 05:00:00,810.6288263718361,283.2870368450391,57.83893780381235
2025-03-03 06:00:00,1199.3108874283591,369.55578120958927,106.67007618796218
2025-03-03 07:00:00,1662.0858986678115,579.4245623941749,142.9918200405516
2025-03-03 08:00:00,2013.1596717646887,670.3438742429802,163.18838031399548
2025-03-03 09:00:00,2372.4473668545766,869.8197072085964,180.10066272873453
2025-03-03 10:00:00,2332.1000423728674,911.6531506934944,178.8605083531983
2025-03-03 11:00:00,2341.8344698544415,877.3872485165142,195.43064788173422
2025-03-03 12:00:00,2336.046300428223,817.0013183376388,220.6379373683167
2025-03-03 13:00:00,2334.3112780068655,767.0603220318212,205.75748638037587
2025-03-03 14:00:00,2150.361609781977,769.0213141509668,175.45979078478257
2025-03-03 15:00:00,2118.195953298322,851.2887987770445,187.0979258184707
2025-03-03 16:00:00,2019.8209846159386,732.6263575040683,151.70055861414616
2025-03-03 17:00:00,2052.4627511969084,643.0597530647138,177.9127204932669
2025-03-03 18:00:00,1920.3419463991002,736.5337140566372,145.07120712820148
2025-03-03 19:00:00,1972.2308794865617,756.8194904741594,172.2814735080152
2025-03-03 20:00:00,2088.4673430780635,784.0098580021764,217.8470222264476
2025-03-03 21:00:00,2013.849231436945,762.2127262931793,154.72484413338407
2025-03-03 22:00:00,1834.5728036026599,682.6338581184339,192.91372985106554
2025-03-03 23:00:00,1525.2009418922983,545.7542853059579,130.24157295531037
2025-03-04 00:00:00,1303.5187833376933,365.8339052676473,103.8206296556637
2025-03-04 01:00:00,943.0914404920649,296.22807183470746,75.11428285371731
2025-03-04 02:00:00,684.7409280081293,228.60139411730827,77.42692616667432
2025-03-04 03:00:00,556.0982493158579,176.42613139716238,51.967483427020824
2025-03-04 04:00:00,563.0528224693675,172.37198753544243,45.3516299227818
2025-03-04 05:00:00,823.4357690050896,246.80526206823222,70.33755191109879
2025-03-04 06:00:00,1173.7224412782257,369.3933003670696,112.87429739046928
2025-03-04 07:00:00,1717.2664936964843,583.6663768707635,148.76988536075177
2025-03-04 08:00:00,2007.320078638017,717.5966517058276,189.6248351132328
2025-03-04 09:00:00,2417.532333319158,739.1378289938331,244.76890437984156
2025-03-04 10:00:00,2511.8811058408564,786.7530582354001,189.32567424242268
2025-03-04 11:00:00,2450.0865828447795,735.8350675584384,229.5725836697116
2025-03-04 12:00:00,2394.376870170489,781.2599297001233,208.84252366607805
2025-03-04 13:00:00,2312.2039650524353,802.1563061567622,194.2838279331955
2025-03-04 14:00:00,2334.318738603931,674.2831971909594,225.75034749899152
2025-03-04 15:00:00,2221.1629697246594,729.3750240186517,166.85555732186694
2025-03-04 16:00:00,2200.6614387991176,713.011056263733,143.63615891195872
2025-03-04 17:00:00,2144.249971010877,682.312654624918,189.32819552173382
2025-03-04 18:00:00,1991.7730203109008,694.2731189848582,176.00919338983118
2025-03-04 19:00:00,2000.1247196831023,710.5653297315945,153.4094168565914
2025-03-04 20:00:00,2023.4499743677193,657.8173742347172,150.63926325150737
2025-03-04 21:00:00,2031.0437618445821,686.9976556494647,223.4389368886076
2025-03-04 22:00:00,1765.7493127962412,593.8412495999305,172.53735870765124
2025-03-04 23:00:00,1602.13868743296,483.795692242661,138.9396387282111
2025-03-05 00:00:00,1367.484905223063,423.0004356170497,86.44247187120726
2025-03-05 01:00:00,984.6670240774602,313.60981882037356,56.43603570760308
2025-03-05 02:00:00,678.2047541300735,230.27651488341726,45.42296989658036
2025-03-05 03:00:00,580.0798996449611,174.59656625197485,26.617322720435855
2025-03-05 04:00:00,578.8570714085788,174.5729138596399,25.94274935162624
2025-03-05 05:00:00,818.1475761352465,259.9520474405171,47.44059155937148
2025-03-05 06:00:00,1246.1170856127342,382.32376458756556,69.67203351919333
2025-03-05 07:00:00,1619.3914374281924,558.6286843951304,104.50995464941018
2025-03-05 08:00:00,2121.511118485957,689.1099003410319,93.0723595359858
2025-03-05 09:00:00,2295.6964114037787,794.8510047679181,136.62986832487064
2025-03-05 10:00:00,2498.0754919265446,763.7645636465356,147.57793762808305
2025-03-05 11:00:00,2364.598028882231,770.8757703321405,146.1134528606864
2025-03-05 12:00:00,2461.8669688434247,836.3520313338614,124.41488894118837
2025-03-05 13:00:00,2433.672202746684,752.853897311202,134.08940052561087
2025-03-05 14:00:00,2279.524227024337,748.6033986679095,114.57041122384996
2025-03-05 15:00:00,2210.7018428453216,726.1390004823426,118.64249129258856
2025-03-05 16:00:00,2090.152629982989,752.476989036046,105.88785652792353
2025-03-05 17:00:00,2113.6293677885355,721.751883104883,104.8977586378793
2025-03-05 18:00:00,2025.0869169471523,695.8327273007308,107.58876455221439
2025-03-05 19:00:00,1980.6660536225393,664.9232833927271,105.2027118778799
2025-03-05 20:00:00,2156.4161397933626,654.2084125860489,104.89620471817393
2025-03-05 21:00:00,2102.712697656779,746.6449640168439,98.21142509667887
2025-03-05 22:00:00,1836.1012961183287,632.3270675788996,123.13245110638687
2025-03-05 23:00:00,1572.6070925566014,501.035438778488,81.078369623154
2025-03-06 00:00:00,1347.1856178024345,483.98221617804705,98.9124731781128
2025-03-06 01:00:00,967.6648491654008,320.88583761009806,56.26185776421474
2025-03-06 02:00:00,711.4412160652083,264.03807951346755,59.78926747223199
2025-03-06 03:00:00,581.3517511498324,211.9671368191953,42.478885670580695
2025-03-06 04:00:00,541.4470288432683,185.0738555207477,38.89540488451898
2025-03-06 05:00:00,833.5900526802827,296.4090698595063,57.945391282720635
2025-03-06 06:00:00,1253.7849877686883,448.58789961443557,99.74019819581991
2025-03-06 07:00:00,1701.2390592120123,672.2154780790825,85.6591691405027
2025-03-06 08:00:00,2141.6419809619197,706.1451897976937,140.71504944869798
2025-03-06 09:00:00,2325.4595796318054,879.946693203553,171.33490170396456
2025-03-06 10:00:00,2531.6188387132393,864.7705861253958,179.67002896528285
2025-03-06 11:00:00,2522.4859819384387,808.294794912507,230.52893696361608
2025-03-06 12:00:00,2238.1563543157113,838.5873394090785,171.41115747648533
2025-03-06 13:00:00,2456.3042237455797,823.0187169254558,192.1616976622881
2025-03-06 14:00:00,2142.324581804099,769.0631982409443,204.47150665793808
2025-03-06 15:00:00,2254.6424349783188,806.1252789895583,179.64880889753988
2025-03-06 16:00:00,2298.706031134538,809.4121932621158,151.26979856379805
2025-03-06 17:00:00,2120.709211968936,749.2051105569524,134.51713642736857
2025-03-06 18:00:00,1983.690716335551,697.2287610307616,163.19451937684488
2025-03-06 19:00:00,2016.7233401495414,714.9362602075021,178.9114047218198
2025-03-06 20:00:00,2201.0350869145373,740.5078678761648,165.4481707736174
2025-03-06 21:00:00,2024.8448164014412,748.4570387076271,177.0653228601781
2025-03-06 22:00:00,1962.0376284916183,693.768971727412,177.80934290150927
2025-03-06 23:00:00,1602.5862324039635,562.9171194030621,127.80355333042849
2025-03-07 00:00:00,1268.3965299714332,381.0741522225307,90.6097132873595
2025-03-07 01:00:00,939.1009054005144,289.3525066423232,75.24807762904136
2025-03-07 02:00:00,696.0008243266888,224.98913921862498,64.47755382706343
2025-03-07 03:00:00,587.2458551603053,188.3631165456717,43.73728042455507
2025-03-07 04:00:00,572.944779621076,185.91899433651412,51.18101154291407
2025-03-07 05:00:00,795.3846198113013,282.66792927703494,65.02056335435519
2025-03-07 06:00:00,1238.3995573196398,392.7175762468337,101.73561406314215
2025-03-07 07:00:00,1687.4247227068838,558.6379980329292,130.40235945827334
2025-03-07 08:00:00,2198.966828565759,614.7284852629255,169.23759786725077
2025-03-07 09:00:00,2294.5150289017874,758.3730008587492,191.20992051800584
2025-03-07 10:00:00,2615.739649954236,739.4737080427714,162.108239005036
2025-03-07 11:00:00,2489.3387688267885,773.9864148834463,185.9910580364592
2025-03-07 12:00:00,2364.6862475004414,873.0920707048813,166.02883936258195
2025-03-07 13:00:00,2339.3206606581434,753.833065775038,178.6837901664445
2025-03-07 14:00:00,2296.0960159993892,701.2087227291113,168.27712668969957
2025-03-07 15:00:00,2219.1070237385547,731.0800621848873,200.1180425756921
2025-03-07 16:00:00,2247.3812844692484,680.9076071820881,195.15699849029193
2025-03-07 17:00:00,2072.5279169564087,637.6007060688678,178.43056744317963
2025-03-07 18:00:00,1948.3043933347067,712.165863315925,140.33122463845697
2025-03-07 19:00:00,2064.427483105651,683.6650458744496,161.82847145653116
2025-03-07 20:00:00,2038.0670903930124,679.8540392997458,143.7193416847855
2025-03-07 21:00:00,2101.0437293737696,656.0031829716397,165.55433933306003
2025-03-07 22:00:00,1859.391435950888,585.4937890476649,160.0279168670283
2025-03-07 23:00:00,1570.788103502803,539.0506829244435,139.7480650160064
2025-03-08 00:00:00,1452.8556850448838,407.21403837469916,82.65859104903484
2025-03-08 01:00:00,1002.7211198029329,248.41889772876803,65.00414365498632
2025-03-08 02:00:00,756.4135876511256,244.74398980419656,44.14139252412145
2025-03-08 03:00:00,571.5045109718582,176.91745881563497,33.49844703919701
2025-03-08 04:00:00,578.0894689127358,174.57329508150903,36.83283616328605
2025-03-08 05:00:00,881.4732417681461,268.9542356851949,54.98527634419824
2025-03-08 06:00:00,1275.9083547922407,391.66914907299156,70.81037594867351
2025-03-08 07:00:00,1859.2345615032136,547.8920377974384,107.87579179682972
2025-03-08 08:00:00,2150.7936396264877,635.7200069631186,123.14170902384032
2025-03-08 09:00:00,2480.417327684373,685.8019926520791,111.85277146209015
2025-03-08 10:00:00,2582.383775094022,775.9944742203189,157.18244618737987
2025-03-08 11:00:00,2624.8514257895235,814.7406927708496,128.41660568546985
2025-03-08 12:00:00,2517.0400480843327,723.9774117832018,151.66976594623426
2025-03-08 13:00:00,2481.497816182364,703.5009993507974,119.1683660229844
2025-03-08 14:00:00,2446.690852923732,760.6735096479042,129.80031052105994
2025-03-08 15:00:00,2363.4670196365028,688.1116329665276,131.43359674651055
2025-03-08 16:00:00,2382.332206701789,671.8449397314664,151.79235036081116
2025-03-08 17:00:00,2265.520211969037,644.4634885905134,121.19647491890446
2025-03-08 18:00:00,2170.1887484320487,632.4546272943252,109.87755748004923
2025-03-08 19:00:00,2161.761855276575,589.5192912606469,129.9768780176324
2025-03-08 20:00:00,2300.602563700494,639.1870953188749,125.60028165716571
2025-03-08 21:00:00,2235.713392783083,663.6238250048671,139.61735707711495
2025-03-08 22:00:00,1983.521178284883,589.7400057141728,101.82373930917241
2025-03-08 23:00:00,1693.2461529179475,519.9310485363685,98.68806098371245
2025-03-09 00:00:00,1433.8150734514281,461.41135047342067,107.20428632375163
2025-03-09 01:00:00,958.8171665661295,330.8667445967949,59.96836286558422
2025-03-09 02:00:00,763.615347991714,241.61277300502374,47.133058374508316
2025-03-09 03:00:00,566.764998837208,183.8825984938166,30.338171499946192
2025-03-09 04:00:00,589.5323043126903,175.9020329577942,32.87343997277863
2025-03-09 05:00:00,910.1752379706963,270.0759184998787,56.560105783526055
2025-03-09 06:00:00,1324.644276155362,415.93440725973346,77.88196445021
2025-03-09 07:00:00,1812.5315435115544,580.5447253335535,118.89709367324738
2025-03-09 08:00:00,2179.4085643405524,705.9410562729913,143.12394203542797
2025-03-09 09:00:00,2489.640412122649,765.4003116019886,131.81530725311612
2025-03-09 10:00:00,2593.378890212286,839.1499189430839,179.14008437023725
2025-03-09 11:00:00,2542.278477276552,853.6044019289709,139.05179522062227
2025-03-09 12:00:00,2528.983052512825,822.7458853020214,144.53546148828113
2025-03-09 13:00:00,2501.265375714219,768.7210264274277,157.54846645960708
2025-03-09 14:00:00,2397.698140279126,727.7833008407224,177.0951520497885
2025-03-09 15:00:00,2346.431765020218,712.164680919585,132.24646568626903
2025-03-09 16:00:00,2249.513051590648,699.9031584553247,146.82391963329022
2025-03-09 17:00:00,2263.3524066697696,701.5969811871227,140.7058113232464
2025-03-09 18:00:00,2197.3147905984565,686.7435988905233,143.27317308839238
2025-03-09 19:00:00,2190.86335769676,627.6441532804384,151.75981094605797
2025-03-09 20:00:00,2299.272278831546,676.0844825640305,132.32281743952552
2025-03-09 21:00:00,2244.4148410901207,701.134723560791,153.51506328546986
2025-03-09 22:00:00,2012.148475849863,589.2346468468814,140.70937178579194
2025-03-09 23:00:00,1693.906817869722,530.7898935397794,123.83763029125234
2025-03-10 00:00:00,1311.184753801224,419.2764498309671,80.91621119965959
2025-03-10 01:00:00,942.4516957660114,298.88732085518444,56.803951006666686
2025-03-10 02:00:00,762.4273080881152,233.071117742526,39.769741884153675
2025-03-10 03:00:00,567.6053363012865,189.652700228929,28.266413366706995
2025-03-10 04:00:00,552.4622220234797,174.7771772203883,31.878434742205837
2025-03-10 05:00:00,847.4794271777587,267.9177676613177,49.48132393007227
2025-03-10 06:00:00,1263.720354156513,415.484163343054,72.39889793699066
2025-03-10 07:00:00,1664.1520411096233,540.1250538665645,107.66700955435155
2025-03-10 08:00:00,2192.4660784945813,633.0735018743758,104.59255842214948
2025-03-10 09:00:00,2381.9975563399516,715.7702667316258,136.6944610167184
2025-03-10 10:00:00,2429.782457585987,795.4536577579186,177.99397556336677
2025-03-10 11:00:00,2578.5119673732543,756.4771081053156,161.3994599573112
2025-03-10 12:00:00,2490.7079551222578,779.2272550786627,152.44778516439817
2025-03-10 13:00:00,2303.9341635557694,835.5217613184705,145.3316386620153
2025-03-10 14:00:00,2469.2527567656466,710.8640728672581,131.92037646020063
2025-03-10 15:00:00,2347.173617947036,736.005505255753,109.03233233096157
2025-03-10 16:00:00,2244.4764494806377,801.8702552998128,137.56189207348106
2025-03-10 17:00:00,2245.1447767813515,709.7327754089795,92.26875740855711
2025-03-10 18:00:00,2087.335646606262,660.8479477213316,117.05624779289072
2025-03-10 19:00:00,2088.3814852741903,671.5434192996883,121.97700345520155
2025-03-10 20:00:00,2110.0301691295194,710.4476202585981,119.43710820203272
2025-03-10 21:00:00,2184.6052741480576,753.0845887249308,154.9862670426658
2025-03-10 22:00:00,1936.502696846289,602.850048857438,133.59482265799852
2025-03-10 23:00:00,1613.4664339363474,503.0355813334323,104.68270502528752
2025-03-11 00:00:00,1230.6870649377613,343.17698358791205,74.66648522326471
2025-03-11 01:00:00,919.2008126743721,268.94092191579284,72.9346109993236
2025-03-11 02:00:00,686.1537320702043,187.2167700023933,48.36187888440496
2025-03-11 03:00:00,529.9635400859383,157.22935352680773,32.594741935387205
2025-03-11 04:00:00,516.8870036727291,150.57803728873876,35.665515418583674
2025-03-11 05:00:00,814.3393274259995,246.4121170550896,58.336322308578794
2025-03-11 06:00:00,1114.0578738083427,342.3867250771494,74.07571916505162
2025-03-11 07:00:00,1667.6357534578365,493.7825626349717,110.98349171343813
2025-03-11 08:00:00,2007.7850536501871,548.4480250069286,138.75945914979823
2025-03-11 09:00:00,2369.7086678867495,672.2380419522273,132.78168570459033
2025-03-11 10:00:00,2367.288066845689,660.5342663970793,153.63518366968268
2025-03-11 11:00:00,2432.9509731349467,683.6450686416473,140.03517278206192
2025-03-11 12:00:00,2317.298008933858,757.9062352570265,169.0107402711556
2025-03-11 13:00:00,2293.440572884595,698.1099927825418,135.9250646208654
2025-03-11 14:00:00,2298.2619484933766,653.8918860148265,153.15756975598615
2025-03-11 15:00:00,2177.742308571299,744.3862240297294,123.58725306477642
2025-03-11 16:00:00,2208.963411300269,600.1509083831317,124.32356674670878
2025-03-11 17:00:00,2000.6855191553016,635.1485857218526,118.32804056874718
2025-03-11 18:00:00,2005.6462314992534,538.1455631952822,127.04705134977273
2025-03-11 19:00:00,2052.2523961227644,577.6780288239852,134.48170548241012
2025-03-11 20:00:00,2095.7274601464164,562.0578148707983,141.0252620225574
2025-03-11 21:00:00,2167.9345367964174,608.7411417578423,109.66447050673594
2025-03-11 22:00:00,1790.4048334488864,535.97510918023,118.41470558821982
2025-03-11 23:00:00,1484.4632622311756,444.4010319786264,93.52868927888079
2025-03-12 00:00:00,1167.183380485361,437.8922552428521,84.49007803270811
2025-03-12 01:00:00,889.8949327375883,294.4157156315826,56.4524843770759
2025-03-12 02:00:00,665.070236285564,230.84624327705686,43.26094088804951
2025-03-12 03:00:00,526.7508178250033,189.19605165620374,32.130789283528664
2025-03-12 04:00:00,498.2277086219996,165.41403667202422,40.60620445585058
2025-03-12 05:00:00,781.2446236784677,255.3931985003955,43.82354592059658
2025-03-12 06:00:00,1106.864664969677,398.0883181935235,72.95469399872745
2025-03-12 07:00:00,1632.920583850144,564.6919188263198,106.4623606333323
2025-03-12 08:00:00,2096.053253220268,718.7433817998128,125.63945586319194
2025-03-12 09:00:00,2203.0737033142414,747.6320731499403,133.103773677166
2025-03-12 10:00:00,2326.957693898595,781.1115637384049,122.48661794195446
2025-03-12 11:00:00,2247.4112251142337,756.1575425767007,140.27446617261504
2025-03-12 12:00:00,2122.2077815412467,786.7498111376483,133.2835971462292
2025-03-12 13:00:00,2144.046207950152,744.6630539837041,171.4472841406155
2025-03-12 14:00:00,2082.5148563702314,734.3367721866213,177.9293221273136
2025-03-12 15:00:00,2019.4656220987727,725.7970475851872,139.2513567614934
2025-03-12 16:00:00,2148.6709250889858,729.193949211269,115.67212457715365
2025-03-12 17:00:00,1977.8841773054203,661.5100707214507,141.0262413915308
2025-03-12 18:00:00,1917.698675874431,632.8590633471398,112.85447124990348
2025-03-12 19:00:00,1891.9969830703021,674.9964610763373,119.43429341385502
2025-03-12 20:00:00,1953.4483820231521,580.5186583578338,121.71671906220224
2025-03-12 21:00:00,2015.803576610517,660.1959270861732,123.52977846968479
2025-03-12 22:00:00,1743.5199002544987,570.916693414646,111.65235598178087
2025-03-12 23:00:00,1494.6382764541577,539.9540526661336,84.06879991825589
2025-03-13 00:00:00,1201.1750451113555,373.9035105226941,75.79999705229746
2025-03-13 01:00:00,870.7259877635328,270.54648618606655,66.29447531428468
2025-03-13 02:00:00,634.0860421124257,208.2894999035836,44.66364460492046
2025-03-13 03:00:00,499.36118144425956,162.38002632315053,36.38434989298912
2025-03-13 04:00:00,513.8198480131722,160.5408068743503,26.665690560529047
2025-03-13 05:00:00,770.7877618808575,244.57850077424902,57.62515997298927
2025-03-13 06:00:00,1111.5942307555008,357.2792158217865,72.5019547135977
2025-03-13 07:00:00,1589.6909894680098,492.89205224654637,121.2092787293282
2025-03-13 08:00:00,1955.6804074986942,587.5183512224305,134.83728639831665
2025-03-13 09:00:00,2061.6706100458987,655.2112553657266,139.9351185066432
2025-03-13 10:00:00,2244.451048477742,730.7334898177168,128.0440096179843
2025-03-13 11:00:00,2318.4379996264947,735.8855898152002,192.31495864635917
2025-03-13 12:00:00,2272.8494014793805,662.1311306282688,165.98189121730985
2025-03-13 13:00:00,2123.0821079281477,719.4520121272014,162.90259329853598
2025-03-13 14:00:00,2170.4625606843483,708.80929110637,175.6342990556782
2025-03-13 15:00:00,2177.5304660776383,701.2589386025151,147.27003436399204
2025-03-13 16:00:00,2107.0592100934027,661.8202473399137,160.55390304130543
2025-03-13 17:00:00,1969.404604420716,643.8830924480445,127.16980511889761
2025-03-13 18:00:00,1883.978146102147,667.6649718512456,139.9914255189334
2025-03-13 19:00:00,1886.1378229356815,598.4480386036367,121.50507539405369
2025-03-13 20:00:00,2000.4594484897398,593.0368715176314,126.80303058289003
2025-03-13 21:00:00,1985.419378918747,578.2804677767567,135.51937080671388
2025-03-13 22:00:00,1786.4126179660352,602.4871131414315,102.88582454985678
2025-03-13 23:00:00,1487.126830939078,508.7906199602154,104.21574724316437
2025-03-14 00:00:00,1246.7119116358444,454.16743820682746,93.007155782819
2025-03-14 01:00:00,889.5790389071585,333.90639144201054,55.00373258445742
2025-03-14 02:00:00,680.7637160291277,255.7774386363286,50.00447619436171
2025-03-14 03:00:00,546.4979708080318,220.43498841681895,40.56111676259824
2025-03-14 04:00:00,510.72932075543366,191.1078906376128,45.06699946385959
2025-03-14 05:00:00,737.4775190582288,274.14440481224847,63.230283081543796
2025-03-14 06:00:00,1213.7318827521722,501.4623054793354,106.27762137366427
2025-03-14 07:00:00,1617.224172607486,635.8032334623629,133.94156250943544
2025-03-14 08:00:00,1876.128116156166,785.5183519790597,146.28973418673036
2025-03-14 09:00:00,2169.5269156126574,854.9115783548539,173.71497876604096
2025-03-14 10:00:00,2374.296702280122,927.0222029364794,176.63774012143259
2025-03-14 11:00:00,2295.072080865681,836.1934520262087,192.31687089008705
2025-03-14 12:00:00,2236.477668250916,849.0351243618691,180.3426090286116
2025-03-14 13:00:00,2300.26644094841,867.8711551825264,162.93276826878127
2025-03-14 14:00:00,2116.7199176256277,757.1107244571483,172.359940788956
2025-03-14 15:00:00,2088.6631471357737,821.1029720235697,177.12392519921158
2025-03-14 16:00:00,2093.3015637932376,797.4396149335597,146.4527975347567
2025-03-14 17:00:00,2014.316456297834,765.8654819028837,162.7558280176186
2025-03-14 18:00:00,1952.9686199137404,731.3462443995983,126.14590394029211
2025-03-14 19:00:00,1986.6238475209354,719.282771018259,171.29143840094443
2025-03-14 20:00:00,2003.6385501597083,708.7410491837257,166.3331845161421
2025-03-14 21:00:00,2019.8218500710184,782.6882954418555,185.0921611377969
2025-03-14 22:00:00,1758.6925717008592,680.9812140129262,123.00439244471704
2025-03-14 23:00:00,1497.797177359325,544.4223434562394,132.55488172948893
2025-03-15 00:00:00,1427.0586093136933,542.1571748609346,71.03541803069307
2025-03-15 01:00:00,1041.895713000846,387.84307875950253,46.029726159688636
2025-03-15 02:00:00,794.377050066162,288.82519835799246,33.81844690379907
2025-03-15 03:00:00,632.4104689092022,211.90248901633095,24.920347497833912
2025-03-15 04:00:00,610.6044361067364,239.3370976501909,23.624412072169747
2025-03-15 05:00:00,886.1489838282922,323.8905407088234,37.7648787675459
2025-03-15 06:00:00,1360.8340755457514,517.5905431554269,53.21624550916018
2025-03-15 07:00:00,1872.9490432569305,684.2560777082405,99.65029037253889
2025-03-15 08:00:00,2312.6488851577155,857.4377567159163,87.34412089574839
2025-03-15 09:00:00,2743.366445310745,1036.4393749782298,119.04547295091275
2025-03-15 10:00:00,2673.4689336366673,1057.2464781863453,128.80609802942521
2025-03-15 11:00:00,2732.100261539385,1081.9139580556434,127.15788394049923
2025-03-15 12:00:00,2727.675655215861,1022.3102971349136,125.86758308122988
2025-03-15 13:00:00,2591.193147677949,1000.5304842194121,129.15196263339834
2025-03-15 14:00:00,2711.6051656675763,883.693708737882,109.83713670172631
2025-03-15 15:00:00,2467.464627444623,932.8507932297819,114.1340983291258
2025-03-15 16:00:00,2451.263820063059,912.8511058700129,106.64096681931464
2025-03-15 17:00:00,2274.1531604395927,935.9817786240563,120.31597353234717
2025-03-15 18:00:00,2226.5476289720455,833.3421312802573,125.1038115389839
2025-03-15 19:00:00,2277.2502458806207,870.1713219145508,89.29141366875876
2025-03-15 20:00:00,2381.0243090074205,893.3247603710015,82.28919825231807
2025-03-15 21:00:00,2346.775254314738,933.1609538499191,111.95012624007731
2025-03-15 22:00:00,2140.6921027908534,780.5481356723001,104.61257945672321
2025-03-15 23:00:00,1740.7494175783047,689.6280806674156,95.88236530421808
2025-03-16 00:00:00,1388.6955243104185,395.5935396552985,84.67963590923014
2025-03-16 01:00:00,1097.4477592337719,289.35807667763765,65.7063732262312
2025-03-16 02:00:00,774.6196214271032,209.64081463842894,50.562533806680555
2025-03-16 03:00:00,601.3289846629015,195.9332500911508,39.77187715643742
2025-03-16 04:00:00,589.2973224566095,190.8707067956028,36.8256773377935
2025-03-16 05:00:00,869.768568071922,286.687542271802,43.045136234513286
2025-03-16 06:00:00,1373.1493572617992,398.11604496829165,74.79728466573194
2025-03-16 07:00:00,1827.7683206286383,552.5023447924955,106.66182019919738
2025-03-16 08:00:00,2274.0602910368048,692.9210350812001,125.40665477763741
2025-03-16 09:00:00,2541.1116526971596,837.6963350941049,141.832515169155
2025-03-16 10:00:00,2727.3323806011203,889.4696986899888,174.87920479325672
2025-03-16 11:00:00,2597.1147361482736,849.6177148847281,136.6365078886178
2025-03-16 12:00:00,2530.8010093007006,815.4121607210674,158.5917696981252
2025-03-16 13:00:00,2561.5733594999606,833.5936136686373,147.29433077307164
2025-03-16 14:00:00,2549.5814151889954,761.7389885001986,127.27380354490974
2025-03-16 15:00:00,2479.469922566687,741.3558827003723,121.43642357283676
2025-03-16 16:00:00,2339.0026929696955,731.5039855375642,109.24785244524948
2025-03-16 17:00:00,2334.7769047987454,671.4525125490342,134.93087277165395
2025-03-16 18:00:00,2169.139088024399,675.595695853493,123.08311938027933
2025-03-16 19:00:00,2195.4184557539193,648.2324999454505,113.50881673159347
2025-03-16 20:00:00,2231.011503476922,739.7688507593089,102.18217490742768
2025-03-16 21:00:00,2374.689449750571,723.3583676447663,134.19779493000618
2025-03-16 22:00:00,2073.253822034335,669.9631783659787,111.83375275529146
2025-03-16 23:00:00,1748.5096345652698,487.2062137864177,88.77174061955638
2025-03-17 00:00:00,1348.7604751073525,472.2485272965137,84.08530420324959
2025-03-17 01:00:00,1023.503233858345,290.9210295061022,66.58476415015016
2025-03-17 02:00:00,678.6709434455648,222.76905536945748,53.94103581017563
2025-03-17 03:00:00,559.1579633752846,183.75040346774543,39.65344714589858
2025-03-17 04:00:00,549.4964153639072,197.25556694541228,35.09323029693702
2025-03-17 05:00:00,811.0836682861101,278.68256543285486,59.463780221589815
2025-03-17 06:00:00,1206.846637912628,407.9966971760374,99.75534638281734
2025-03-17 07:00:00,1702.4611371272426,547.8152937972559,124.19273284391815
2025-03-17 08:00:00,2035.0902139675077,652.4843253428393,152.85535754273585
2025-03-17 09:00:00,2388.7091829106903,828.2674684408071,164.44678391194617
2025-03-17 10:00:00,2488.2860117137416,856.2929346176455,161.73810465119396
2025-03-17 11:00:00,2506.1068163049977,874.2033716308829,160.32886944036105
2025-03-17 12:00:00,2460.0272458764753,820.2927683860208,143.3009267238702
2025-03-17 13:00:00,2406.4201764376858,684.884117499518,192.22957506158093
2025-03-17 14:00:00,2306.8138771983795,726.917643923134,176.297249811274
2025-03-17 15:00:00,2419.168308433562,774.8473044285886,165.96287134359432
2025-03-17 16:00:00,2239.370666415553,725.0048228531392,165.36416631174
2025-03-17 17:00:00,2019.4868645825884,687.740778233309,159.06905261170067
2025-03-17 18:00:00,2001.7639029951197,646.8632362843771,136.54371614857232
2025-03-17 19:00:00,1970.5486248838224,718.7526640355089,143.93128150394244
2025-03-17 20:00:00,2131.328528193903,722.4476536728536,145.5639033316241
2025-03-17 21:00:00,2123.0502686930686,723.9862813166877,195.11475579778855
2025-03-17 22:00:00,1869.2511814573863,609.1919039472027,151.47081990429723
2025-03-17 23:00:00,1688.481369711405,534.9830860077636,117.23654929800547
2025-03-18 00:00:00,1262.8048826780716,369.3176965942252,105.8707978361313
2025-03-18 01:00:00,923.9754934562108,285.7145745607401,76.17098111542337
2025-03-18 02:00:00,662.5068069003993,189.5454586132865,42.913624988892295
2025-03-18 03:00:00,529.7378293693582,159.8891326751554,39.44159363770844
2025-03-18 04:00:00,534.2220271885715,166.79303155237716,39.51003792651229
2025-03-18 05:00:00,796.7336608952878,280.65954563249886,62.69547516371819
2025-03-18 06:00:00,1125.8229108773405,344.1409875188066,85.92860651691561
2025-03-18 07:00:00,1629.9650247512316,488.8248362944686,120.20339032527642
2025-03-18 08:00:00,2010.941916953647,644.8907364532745,141.643429051658
2025-03-18 09:00:00,2244.5416087894896,778.2858671734624,186.4743043018665
2025-03-18 10:00:00,2316.9610875397193,760.0669634817998,148.38082382306243
2025-03-18 11:00:00,2323.992966397335,774.5714805655678,166.90672361478357
2025-03-18 12:00:00,2303.0321714509914,722.8135942118313,137.4207768140225
2025-03-18 13:00:00,2263.836472915544,699.2137701813463,148.82100415185923
2025-03-18 14:00:00,2261.868043245138,708.9945952659524,170.6248020269352
2025-03-18 15:00:00,2244.9975471302437,669.8418346764425,167.4982365806609
2025-03-18 16:00:00,2105.408818170153,697.5952518716738,152.10842051330744
2025-03-18 17:00:00,2006.7975528730187,595.2103926606784,169.0832601640617
2025-03-18 18:00:00,1989.0877387994306,650.7444791307324,167.08474894157902
2025-03-18 19:00:00,2010.0557111372198,628.656687540473,145.47777351126558
2025-03-18 20:00:00,2008.043982443506,638.6519980182786,154.83856597212335
2025-03-18 21:00:00,2077.5642296570186,594.0642924412299,143.37537509018736
2025-03-18 22:00:00,1856.7210818066844,546.5930168386477,143.12562161156183
2025-03-18 23:00:00,1580.5387005212885,512.4123573728605,98.52650108823659
2025-03-19 00:00:00,1337.7936948989077,410.63351112552795,83.7093672632185
2025-03-19 01:00:00,905.6156841197109,306.13475034241935,57.335292710130666
2025-03-19 02:00:00,697.3955030446252,217.244783414548,33.36788671046153
2025-03-19 03:00:00,558.7320433140146,181.54189584240208,28.097321806453923
2025-03-19 04:00:00,545.5104340842126,166.2214985809932,31.45475320368035
2025-03-19 05:00:00,797.8641090404225,265.76049115263896,43.055587743445685
2025-03-19 06:00:00,1166.2752261929093,403.12768504516384,70.86032891671101
2025-03-19 07:00:00,1682.9988915345486,554.8376504549706,88.7323889974197
2025-03-19 08:00:00,2015.5185535822434,641.0891779478852,131.96231975963673
2025-03-19 09:00:00,2319.3177284970707,740.6163522147547,127.36482778659565
2025-03-19 10:00:00,2375.3630857406188,811.2072155592515,168.58112762658837
2025-03-19 11:00:00,2343.4359409399353,778.8542592460124,141.63413681723878
2025-03-19 12:00:00,2387.0159689993775,761.1415972383328,111.38885368579115
2025-03-19 13:00:00,2323.5133673856094,822.4183530558021,155.96953808053826
2025-03-19 14:00:00,2315.991287578706,707.676782416188,140.24133108757627
2025-03-19 15:00:00,2369.244571748623,764.7515680885692,127.85460984930259
2025-03-19 16:00:00,2192.0373362488967,668.4312116207803,127.99696937678917
2025-03-19 17:00:00,2111.0299622937064,699.3807026936557,99.8162576599598
2025-03-19 18:00:00,1952.932022589955,677.807910740301,89.12534747439784
2025-03-19 19:00:00,1952.2918582750242,642.8440992798626,110.87065279495944
2025-03-19 20:00:00,2174.885722336469,637.9840444244422,131.6324539699269
2025-03-19 21:00:00,2029.0942225849628,613.2924659744568,119.45196125032089
2025-03-19 22:00:00,1797.8723152251341,584.8055434503191,120.67654793528583
2025-03-19 23:00:00,1561.4729241976997,521.7307853607551,98.25681712807207
2025-03-20 00:00:00,1295.670212669725,454.74406228102754,92.49640435035725
2025-03-20 01:00:00,922.0984992403181,351.0137439622644,75.81548415786231
2025-03-20 02:00:00,704.5552589357427,243.71209588059816,58.80439239283895
2025-03-20 03:00:00,588.9579521308395,207.9263210974253,40.10589080926924
2025-03-20 04:00:00,545.0882918268838,194.53179201055173,38.704577233934536
2025-03-20 05:00:00,796.0356236823623,304.7620561081198,59.743490126485504
2025-03-20 06:00:00,1272.754850558583,446.92131863448077,65.12356678826262
2025-03-20 07:00:00,1734.2978512981504,595.4763456181819,125.23881641622502
2025-03-20 08:00:00,2062.699580380575,750.5661108922044,160.76289012470872
2025-03-20 09:00:00,2253.752296763926,831.5320286678727,170.15218976675914
2025-03-20 10:00:00,2424.1275688138476,856.2302254625814,182.45144914868715
2025-03-20 11:00:00,2460.0798868312113,957.6617131236407,174.2344642345265
2025-03-20 12:00:00,2495.4567052173015,877.0636765001825,134.62157020833448
2025-03-20 13:00:00,2289.6811405285866,778.1110297408651,197.662160001472
2025-03-20 14:00:00,2317.161304768038,831.983890540233,158.45951277719783
2025-03-20 15:00:00,2318.4849321362067,877.6533338125386,150.8773446164787
2025-03-20 16:00:00,2069.318813867576,788.5812718881318,180.63612542887165
2025-03-20 17:00:00,2183.8944200742717,840.7669606406212,166.77826080422864
2025-03-20 18:00:00,1984.2444531531773,726.4851618206394,150.10296883604
2025-03-20 19:00:00,2082.9124257236026,780.7997050415677,158.83544338938415
2025-03-20 20:00:00,2137.233947049222,823.280329828548,131.97160785902128
2025-03-20 21:00:00,2186.9059222591914,801.0404193996849,149.49319567523833
2025-03-20 22:00:00,1916.3150585564208,650.7029158524724,152.87212835723994
2025-03-20 23:00:00,1487.336263564747,561.575512624179,104.90083508281066
2025-03-21 00:00:00,1221.6767685769498,432.96173475634254,91.69564501161643
2025-03-21 01:00:00,913.1854849823503,286.8153469266251,75.50210576108913
2025-03-21 02:00:00,679.7001301080616,234.7874734608984,56.86604048091321
2025-03-21 03:00:00,554.9754938983756,175.9308053637184,48.23004033851696
2025-03-21 04:00:00,548.1819600547449,177.16316247634532,37.56163403306609
2025-03-21 05:00:00,810.0838290884359,243.7966194424134,47.47799231721356
2025-03-21 06:00:00,1185.353681161991,379.7012791680119,107.92053197599122
2025-03-21 07:00:00,1560.1703228286287,516.8124938535125,119.52301076765255
2025-03-21 08:00:00,1992.6371364279034,669.3601899832906,155.14595276643107
2025-03-21 09:00:00,2293.553790710123,747.1351827637967,142.52481225572143
2025-03-21 10:00:00,2307.824579420624,798.3710214586948,217.5735528401684
2025-03-21 11:00:00,2410.7701835085672,758.7420789665132,202.35563237572848
2025-03-21 12:00:00,2382.706563824451,728.0341895037168,197.66000482116544
2025-03-21 13:00:00,2275.2228189312436,750.3564701878057,192.71268541922527
2025-03-21 14:00:00,2042.159800106063,696.1587670346407,142.83809494005817
2025-03-21 15:00:00,2109.900457939547,755.2489013734859,160.88229490104735
2025-03-21 16:00:00,2243.718908877912,695.373151998252,166.8447840084384
2025-03-21 17:00:00,2009.7843323145362,658.9936642164595,154.36421580734182
2025-03-21 18:00:00,1863.7259347902639,661.7607372977365,157.61271213964767
2025-03-21 19:00:00,2052.8320810650407,648.5956933877422,167.6617407701452
2025-03-21 20:00:00,2041.6984076055523,615.8544342672461,186.25320416614954
2025-03-21 21:00:00,2103.919043824064,635.1783210914859,141.07466999237485
2025-03-21 22:00:00,1828.7212106015534,625.7918239340075,149.20457728230596
2025-03-21 23:00:00,1551.4872754566297,504.5893605677603,135.77490682501107
2025-03-22 00:00:00,1432.147655051769,419.44375056585915,83.02796572759708
2025-03-22 01:00:00,1052.5999057870258,338.16860097426166,65.77843214761349
2025-03-22 02:00:00,824.9636086370219,243.02835867537385,53.01383574111305
2025-03-22 03:00:00,638.3696257889254,191.68733197838208,40.48843126146262
2025-03-22 04:00:00,581.8074052725103,185.16263185606448,42.491898272425665
2025-03-22 05:00:00,915.3361616173889,305.2282323285833,59.4258731016747
2025-03-22 06:00:00,1396.710649287685,394.45909842541766,85.09961310398805
2025-03-22 07:00:00,1929.9958685443896,576.9793589960354,106.08433952957351
2025-03-22 08:00:00,2263.79304202644,742.1165107308261,153.05722682878348
2025-03-22 09:00:00,2657.367053600194,892.1013672920055,169.26649017171525
2025-03-22 10:00:00,2772.07402704327,893.4936220466569,156.93134385545477
2025-03-22 11:00:00,2882.4305446945286,830.6007122749164,185.99270463997837
2025-03-22 12:00:00,2582.5945439849875,912.3461157778277,195.17288852659476
2025-03-22 13:00:00,2537.1627840736846,774.489188201937,155.49934113888992
2025-03-22 14:00:00,2513.43117334114,826.8910875930063,151.96640566588806
2025-03-22 15:00:00,2449.7281674252035,818.7419902113531,148.24862675972832
2025-03-22 16:00:00,2359.3771237062338,745.9774928785351,128.84306907469448
2025-03-22 17:00:00,2138.019609651149,771.2781480692796,183.4267795858382
2025-03-22 18:00:00,2212.52723573621,703.3549796655774,138.65341479879416
2025-03-22 19:00:00,2275.797957661766,749.8145189551303,132.9554119252484
2025-03-22 20:00:00,2284.8624028145587,679.7070852858169,132.37054537337863
2025-03-22 21:00:00,2442.002801196716,758.1907404996789,144.41706090334745
2025-03-22 22:00:00,2060.6876443861297,650.1572061695706,123.95147282183068
2025-03-22 23:00:00,1801.5426503120586,591.1263795045592,130.73851254381165
2025-03-23 00:00:00,1362.087790211345,433.3333337009745,67.25691474187816
2025-03-23 01:00:00,1007.5371190215383,335.3779017520285,47.20746788532988
2025-03-23 02:00:00,745.639085714195,243.43967762699256,45.086077026638094
2025-03-23 03:00:00,615.5715731741963,189.23435796334766,33.70010223285555
2025-03-23 04:00:00,581.5661623800607,193.58093396240295,32.585975872884646
2025-03-23 05:00:00,874.2867041624067,287.57315514403103,52.59121549877892
2025-03-23 06:00:00,1304.188729206186,424.05631350794454,75.33657393875956
2025-03-23 07:00:00,1766.519130828341,508.49594239920776,101.89087060562382
2025-03-23 08:00:00,2209.719549149125,668.3519228011562,106.54596600765296
2025-03-23 09:00:00,2607.602603036923,841.0060027650364,115.67728024759681
2025-03-23 10:00:00,2557.447268991106,777.2829997019592,136.95983523762249
2025-03-23 11:00:00,2594.705614850715,858.786917795629,130.18410498782046
2025-03-23 12:00:00,2604.043070271133,835.5046404628512,148.87809186250612
2025-03-23 13:00:00,2532.601177643512,760.5581320021683,113.68309759912539
2025-03-23 14:00:00,2418.488616452152,701.4931949073991,132.30678368259382
2025-03-23 15:00:00,2211.037996770415,739.7647533534549,133.66429338644411
2025-03-23 16:00:00,2340.7737219634805,815.5237233941597,132.1238393693353
2025-03-23 17:00:00,2072.540543786097,679.9384523593087,132.54203709505146
2025-03-23 18:00:00,2223.7084555828906,659.6159570809609,118.49469695146725
2025-03-23 19:00:00,2158.4332369312856,656.6122887718427,114.61807812150737
2025-03-23 20:00:00,2271.1876526855785,751.2667058205595,144.16239954155918
2025-03-23 21:00:00,2153.832349135599,701.2320003773559,122.66048987321119
2025-03-23 22:00:00,1879.3795744662025,611.8069335983074,130.31520927669106
2025-03-23 23:00:00,1670.465417337589,568.9984329147333,92.0129522348305
2025-03-24 00:00:00,1244.1016336341254,471.92863166889106,96.35175096379713
2025-03-24 01:00:00,894.6577906743422,319.5294207568721,69.2554503902449
2025-03-24 02:00:00,683.2825668110063,236.4193423743216,54.15814344805738
2025-03-24 03:00:00,588.6388371482362,212.71409382930295,40.428942784263334
2025-03-24 04:00:00,547.6073109382098,197.43393888562812,41.909931077469636
2025-03-24 05:00:00,817.6749953043451,270.9024774046605,71.76922087221718
2025-03-24 06:00:00,1216.932826427977,400.4790540607,102.6079538125064
2025-03-24 07:00:00,1707.544674645479,571.8622501738034,141.61543449878948
2025-03-24 08:00:00,2001.0863865733172,697.1568665659535,133.29910604979833
2025-03-24 09:00:00,2130.0706651490887,750.5897551378507,152.79609245937527
2025-03-24 10:00:00,2359.9737515262555,828.0771164955669,188.2227177205785
2025-03-24 11:00:00,2414.727007430946,831.7398602957072,198.2755911190321
2025-03-24 12:00:00,2253.3774730261316,834.7077564544311,169.44219317691255
2025-03-24 13:00:00,2248.618765502168,901.2602305892557,161.93813102080227
2025-03-24 14:00:00,2182.9282826633753,809.9826732640726,198.545745137384
2025-03-24 15:00:00,2272.3306763462183,797.4364202677258,181.57936946203347
2025-03-24 16:00:00,2168.9535976611437,802.4698746534904,183.51473045444746
2025-03-24 17:00:00,2071.3270460006365,741.3248148295802,150.15123901051453
2025-03-24 18:00:00,2000.819979342406,739.0356835904312,143.86383590508333
2025-03-24 19:00:00,1975.8920070205293,739.0551197321267,169.04768116359213
2025-03-24 20:00:00,2045.533845671177,754.3811359946264,153.19951499082507
2025-03-24 21:00:00,1966.9731793878307,850.2929933767091,147.26187536677028
2025-03-24 22:00:00,1698.4130091566467,696.2171887568325,126.35731165548003
2025-03-24 23:00:00,1533.4708472474472,533.4866790766753,111.81794545000136
2025-03-25 00:00:00,1255.2250490530867,329.17106647611945,118.35962136044108
2025-03-25 01:00:00,936.8322897485579,226.55825898570032,65.90613047869768
2025-03-25 02:00:00,710.9532153881074,180.8701028963054,63.225711852347935
2025-03-25 03:00:00,569.9070682345205,132.48718310239042,43.819864661674984
2025-03-25 04:00:00,519.8054620376286,131.55329796335877,45.41942481729544
2025-03-25 05:00:00,785.837462722862,209.74675699308872,67.89197912792831
2025-03-25 06:00:00,1203.6112175187225,323.6468788730933,100.76743740374388
2025-03-25 07:00:00,1753.8287009654287,436.16517564455137,137.9523893982799
2025-03-25 08:00:00,2092.586023036615,543.9739033240819,166.27098435465072
2025-03-25 09:00:00,2327.763451603982,597.3869392761715,184.06765203454074
2025-03-25 10:00:00,2344.111959197561,621.1830094552363,235.38440259486893
2025-03-25 11:00:00,2300.3431050161225,598.1771337502037,205.5566050301991
2025-03-25 12:00:00,2364.460056251126,625.0615500386671,198.34748317984278
2025-03-25 13:00:00,2187.810813805042,615.8669389844683,182.51364251848284
2025-03-25 14:00:00,2208.616185740157,576.2317189315517,184.73089500122992
2025-03-25 15:00:00,2171.4069920572474,563.0868922838765,176.21275945855834
2025-03-25 16:00:00,2216.5067016672688,594.1243626266479,199.72144630152266
2025-03-25 17:00:00,2011.9052210843722,527.7218816938865,162.22600281746062
2025-03-25 18:00:00,1830.656646592316,512.5536573991058,129.26464422493558
2025-03-25 19:00:00,2003.579475155146,525.6412462232361,172.81368102146067
2025-03-25 20:00:00,1992.3642362461349,525.7444744617,171.28562460414955
2025-03-25 21:00:00,2034.4542575042924,507.28154545481453,165.43198454028442
2025-03-25 22:00:00,1802.4977783465663,478.29911514222493,172.53772986334096
2025-03-25 23:00:00,1513.760525183221,395.80199338610043,93.38550843998664
2025-03-26 00:00:00,1227.0529470567096,446.5269789709506,84.66682073271195
2025-03-26 01:00:00,837.2150188387809,310.08959407585206,58.710725262955854
2025-03-26 02:00:00,647.9050015247362,218.03504535256957,36.9178268234116
2025-03-26 03:00:00,537.1087230253825,186.33233594455774,30.20615612962526
2025-03-26 04:00:00,507.3242928797777,178.90019299516229,32.796735491559744
2025-03-26 05:00:00,731.6097440581796,278.16974704210014,48.80568932653786
2025-03-26 06:00:00,1167.6397994940808,381.5106448028662,64.32634752953379
2025-03-26 07:00:00,1630.3448029650547,544.7590271087095,78.58590207708522
2025-03-26 08:00:00,1936.807907359957,659.0797505933178,143.55412296496723
2025-03-26 09:00:00,2058.945810414007,745.9734121158555,144.81285592109623
2025-03-26 10:00:00,2331.953827258475,747.5256037881762,140.12272891610695
2025-03-26 11:00:00,2170.4901758689507,798.9105184814807,139.73778692363956
2025-03-26 12:00:00,2251.8030838657096,777.8328214996125,143.55249375895832
2025-03-26 13:00:00,2124.2447189594595,790.1160686720647,141.7599028074324
2025-03-26 14:00:00,2076.1411374754834,732.3844479367665,100.10194866855127
2025-03-26 15:00:00,2076.246574637477,703.5986372802707,121.85135710304633
2025-03-26 16:00:00,2037.3924597652738,726.0538616806245,117.31556564145079
2025-03-26 17:00:00,1925.6897666602329,643.945953302757,116.08663875550121
2025-03-26 18:00:00,1926.9622374934665,681.3945082819974,123.745908130061
2025-03-26 19:00:00,1882.9023238192494,685.2314950594407,92.63389948106408
2025-03-26 20:00:00,2014.6531388834574,710.4027221962624,100.90791288805019
2025-03-26 21:00:00,1976.3700768406588,681.8743168189866,109.43715048981255
2025-03-26 22:00:00,1709.738374946389,581.4647705176598,106.8135268619591
2025-03-26 23:00:00,1436.5283848382273,505.3897028170067,96.68025954302213
2025-03-27 00:00:00,1230.00496226175,429.8442638424334,99.99518381993559
2025-03-27 01:00:00,947.0315088413474,299.19706123636587,60.010561893594954
2025-03-27 02:00:00,699.1271028651447,246.06739144608642,50.73144308137972
2025-03-27 03:00:00,528.6410835246982,190.53946887994059,40.18948980690167
2025-03-27 04:00:00,546.1892763947818,173.68584280721996,38.695277167440594
2025-03-27 05:00:00,802.0574360990803,293.87746259965076,54.096845225184715
2025-03-27 06:00:00,1285.1808195913086,404.8902780725532,77.64526208356001
2025-03-27 07:00:00,1616.846574892103,526.3183186240872,99.01352024133519
2025-03-27 08:00:00,1998.6647445951164,654.3600873663432,120.48147505539099
2025-03-27 09:00:00,2411.619131589534,820.8571201563565,159.9911771361822
2025-03-27 10:00:00,2548.8033864907293,874.9034226887335,160.9384610542079
2025-03-27 11:00:00,2393.2328953346687,839.1844928001065,153.88103280939748
2025-03-27 12:00:00,2355.1060615673136,834.9273290088042,169.4118954491796
2025-03-27 13:00:00,2379.364602365721,810.8125401542453,150.85796715192672
2025-03-27 14:00:00,2154.364907255927,774.6120001242855,136.89168113901775
2025-03-27 15:00:00,2140.1146118430697,750.7803673080151,144.5295233113145
2025-03-27 16:00:00,2181.8947581649213,738.7260299383189,157.8433314242068
2025-03-27 17:00:00,2196.97628512951,713.9216896467583,123.45405046185502
2025-03-27 18:00:00,2011.0635657432117,642.557841296801,137.2475468819495
2025-03-27 19:00:00,2053.2743781595714,694.0180249593017,134.1692005067146
2025-03-27 20:00:00,2172.5043495812256,738.0187309712923,127.39880912354893
2025-03-27 21:00:00,2229.734475430854,682.4952914249008,134.4181629014005
2025-03-27 22:00:00,1842.3719518193561,603.7189878673798,102.45830559033807
2025-03-27 23:00:00,1580.1912006797452,529.4765751586395,105.45665685000837
2025-03-28 00:00:00,1301.4133005916865,390.41169001593306,84.70387324464468
2025-03-28 01:00:00,863.9946877729045,274.9947767782734,80.80775827428174
2025-03-28 02:00:00,697.797885375441,233.04434464757233,53.89014874196887
2025-03-28 03:00:00,528.4462686159862,173.17436096307904,40.946151008558644
2025-03-28 04:00:00,534.2385091115392,173.54513716660185,48.11302419456077
2025-03-28 05:00:00,784.9881111072527,249.6526433353892,56.34156231006329
2025-03-28 06:00:00,1150.7526393775358,408.6184589267192,87.20576218065693
2025-03-28 07:00:00,1585.6735093210705,552.5856231708183,104.94536265702453
2025-03-28 08:00:00,2015.5224127844892,643.4156073224547,183.2267654823212
2025-03-28 09:00:00,2308.9721060711654,689.4712898217514,216.78688604930423
2025-03-28 10:00:00,2349.9774744262504,754.7808302960295,154.99579149762633
2025-03-28 11:00:00,2351.918327885933,785.0899436729012,171.73690442230543
2025-03-28 12:00:00,2339.2465768331635,756.273264654048,186.1573354681617
2025-03-28 13:00:00,2185.54942050536,735.0643468809417,170.21245258500377
2025-03-28 14:00:00,2258.621806084128,727.6438797069231,176.9699835835645
2025-03-28 15:00:00,2217.7140492019194,731.5871086983706,171.76313247298734
2025-03-28 16:00:00,2265.676621911084,686.063227570996,176.9533382356204
2025-03-28 17:00:00,2001.240464039384,672.6185554174998,145.4220767007869
2025-03-28 18:00:00,1930.262085905439,606.0304708379105,160.1680099191605
2025-03-28 19:00:00,2008.7104429819583,719.1313482797515,138.74670284338768
2025-03-28 20:00:00,2068.7517163388184,649.2492969641078,155.06138140560816
2025-03-28 21:00:00,1992.260323606964,664.7716053085506,131.80355032090168
2025-03-28 22:00:00,1778.20885830536,601.4117593225855,137.99971684842765
2025-03-28 23:00:00,1541.3748377879967,484.40425047964555,114.29559620575459
2025-03-29 00:00:00,1357.1656606964632,494.73636557375454,104.20177442476111
2025-03-29 01:00:00,1000.5825049554581,360.23932518574776,68.44601191829656
2025-03-29 02:00:00,762.6992225503727,258.85045675360607,52.46440016659856
2025-03-29 03:00:00,626.9262825208926,221.73795527758958,41.41191506469512
2025-03-29 04:00:00,587.3033421282806,195.69130449187014,31.29396630787657
2025-03-29 05:00:00,840.8772732805618,342.32538610244814,47.30085708450097
2025-03-29 06:00:00,1255.4275829723213,490.2889013882032,87.1624036284306
2025-03-29 07:00:00,1764.8729082708444,671.2875930870148,128.2438110691075
2025-03-29 08:00:00,2161.7113831897973,731.7075726323392,148.8431867577601
2025-03-29 09:00:00,2509.6576386450784,862.8542262200973,155.5104335127657
2025-03-29 10:00:00,2558.37292476213,1005.306738409434,175.41645943387223
2025-03-29 11:00:00,2581.977287382512,1125.7871470902005,172.9008857888809
2025-03-29 12:00:00,2527.539106358469,972.7715070031886,190.6355833053306
2025-03-29 13:00:00,2489.531943127539,942.2593322733576,184.95906458453416
2025-03-29 14:00:00,2574.5373588046573,906.2738522996069,158.86175050610538
2025-03-29 15:00:00,2477.525243276646,830.431100645954,164.66098824025602
2025-03-29 16:00:00,2370.7735668398263,884.1677944445627,166.0959424320513
2025-03-29 17:00:00,2239.932150164165,764.7339624433797,161.5274856566778
2025-03-29 18:00:00,2167.188378113316,735.1853624683984,175.9896480895524
2025-03-29 19:00:00,2226.4964014125394,737.0064353370218,149.69948414466356
2025-03-29 20:00:00,2306.170243075331,845.8886676190087,173.95737682307404
2025-03-29 21:00:00,2211.629928021697,805.5195145552493,135.05526525902096
2025-03-29 22:00:00,2019.8127052683212,721.7776439391026,127.85272944158699
2025-03-29 23:00:00,1606.8589641135493,605.9593661432431,89.15352896547041
2025-03-30 00:00:00,1424.5084514151913,478.2980517256964,67.57186318466036
2025-03-30 01:00:00,1053.7856884081875,356.6088549797657,51.834176331350825
2025-03-30 02:00:00,769.5476052587376,268.73473401092605,26.348207156150888
2025-03-30 03:00:00,653.439625838814,207.03846083654003,29.790666590387648
2025-03-30 04:00:00,594.0885579221616,212.25667813883015,30.463448939424783
2025-03-30 05:00:00,909.2065982160847,305.9234091608688,44.93856052599079
2025-03-30 06:00:00,1350.7301959226284,496.4603706266484,55.265847997828565
2025-03-30 07:00:00,1859.2767835051968,687.2939502482266,94.85332126131674
2025-03-30 08:00:00,2279.940390774697,765.8773313013146,107.48804745927659
2025-03-30 09:00:00,2576.7571219571732,904.5053175047389,128.32182948039124
2025-03-30 10:00:00,2761.0515123044647,1049.9329180084178,124.90142322796237
2025-03-30 11:00:00,2787.6552778339665,913.3650806738528,131.2179699964151
2025-03-30 12:00:00,2632.9588933613895,959.9636490177984,138.45015659310204
2025-03-30 13:00:00,2627.5714658806883,922.35736405319,117.94941308484007
2025-03-30 14:00:00,2481.0423108318205,951.7342295984188,122.45786783083558
2025-03-30 15:00:00,2532.438650869163,898.3002375091378,132.13667965742908
2025-03-30 16:00:00,2363.945693147965,844.7624746070879,111.75999662468685
2025-03-30 17:00:00,2383.314965328416,828.8236489562328,95.3649985755176
2025-03-30 18:00:00,2374.051924444541,801.8439950342254,112.65058984309431
2025-03-30 19:00:00,2241.144372600855,799.7130430354085,121.9616920779324
2025-03-30 20:00:00,2171.237172102356,773.4384194801405,123.7196022649148
2025-03-30 21:00:00,2277.4613810612477,875.8343638379829,116.98035616114485
2025-03-30 22:00:00,2127.413761938023,772.535727305511,72.07220526086445
2025-03-30 23:00:00,1763.2168048659023,588.911718867771,75.91259365501973
2025-03-31 00:00:00,1294.8378067161573,374.1988185015054,84.72556916671745
2025-03-31 01:00:00,963.5686939955297,273.73023374395297,66.23643221995695
2025-03-31 02:00:00,714.2155702024367,196.44903103384664,58.61548852152298
2025-03-31 03:00:00,584.4106763446622,151.82738093028377,35.106779483465104
2025-03-31 04:00:00,567.7791878014349,158.16363376431934,48.37850851208995
2025-03-31 05:00:00,855.8129620426785,238.2376792477532,55.35257753934204
2025-03-31 06:00:00,1240.0798885558406,337.2827346736821,79.1931761087737
2025-03-31 07:00:00,1735.5476536479314,504.1445181170402,129.94596962337138
2025-03-31 08:00:00,2058.5439686785107,647.6324776654958,160.64325837312865
2025-03-31 09:00:00,2292.9155329952137,716.7137910879877,175.5612121662273
2025-03-31 10:00:00,2565.038916513366,718.5562004861974,157.87305066295608
2025-03-31 11:00:00,2451.4223303179606,655.494267673373,180.69482216566254
2025-03-31 12:00:00,2443.9412235408263,730.2599893885744,149.32263444598908
2025-03-31 13:00:00,2340.1491108977852,693.5371751999,149.8843857892384
2025-03-31 14:00:00,2259.587135001895,692.2874935632026,159.91863607241615
2025-03-31 15:00:00,2251.40966073387,726.8788056155319,144.2656685344947
2025-03-31 16:00:00,2280.531963306759,621.6353296352696,171.77938327522722
2025-03-31 17:00:00,2132.1613447903023,533.7862130803336,138.4418552840199
2025-03-31 18:00:00,1932.8318976248968,568.8661245009204,139.36717579752136
2025-03-31 19:00:00,2029.2087857730305,617.0182999399359,129.91846451372425
2025-03-31 20:00:00,2204.114197400313,620.8151562444298,164.2518763673431
2025-03-31 21:00:00,2087.0660074908205,583.5482777425456,137.03681326308424
2025-03-31 22:00:00,1773.2286145999938,513.4895084605595,147.5474486973082
2025-03-31 23:00:00,1659.8570882255867,457.5530290707004,123.7011414482881
2025-04-01 00:00:00,1321.8673824179177,457.8450574406352,67.53437266744953
2025-04-01 01:00:00,943.5835069677403,364.0514840004607,51.88340376412667
2025-04-01 02:00:00,703.5813371866549,261.7233664733161,36.89827712468256
2025-04-01 03:00:00,587.5089847845742,207.6981010469903,33.03660511362811
2025-04-01 04:00:00,550.0921971456357,202.0971297346786,29.911158950249977
2025-04-01 05:00:00,854.753576001244,315.03245930350374,43.25841268052684
2025-04-01 06:00:00,1257.2817683910114,466.15462233477007,68.0888635761584
2025-04-01 07:00:00,1719.1473154837531,647.6014859352968,77.41796475132064
2025-04-01 08:00:00,2102.875976041282,793.5062164203088,113.62689723547177
2025-04-01 09:00:00,2340.793371392824,880.4432655640018,137.7174535017636
2025-04-01 10:00:00,2541.6439445137034,881.2078113440625,137.10634866352564
2025-04-01 11:00:00,2398.4027811112064,890.5441645680162,148.28746389695056
2025-04-01 12:00:00,2301.6980022394278,888.2578587242541,126.50022049233888
2025-04-01 13:00:00,2392.654195436923,971.7941170871026,122.28327542635611
2025-04-01 14:00:00,2357.966315332202,813.5318147331616,111.43312070606399
2025-04-01 15:00:00,2300.6705792242055,835.4222364940053,118.73633038629883
2025-04-01 16:00:00,2236.786487484649,834.6354792029252,146.7056887711066
2025-04-01 17:00:00,2098.8529725648596,783.7867491916119,119.30231582840993
2025-04-01 18:00:00,2092.499658349054,808.9905300373737,104.90788412250994
2025-04-01 19:00:00,2056.5730125383493,761.8990375729451,100.38384639743363
2025-04-01 20:00:00,2089.000623234796,786.4337827329671,95.81822529851915
2025-04-01 21:00:00,2099.36454122887,826.8049599706472,105.4437799158028
2025-04-01 22:00:00,1989.6191313757274,769.349170702341,111.48325084528172
2025-04-01 23:00:00,1513.1855836400264,637.9686104254426,82.97193871502199
2025-04-02 00:00:00,1273.9848519528725,376.68133846603007,60.00669579198215
2025-04-02 01:00:00,872.8850211961445,275.73073856243735,44.31983705211096
2025-04-02 02:00:00,686.6750770188734,208.33238850856776,39.275909695545415
2025-04-02 03:00:00,545.8202460431644,167.93025038927135,29.17971918453343
2025-04-02 04:00:00,509.645153663699,156.62376184392528,26.877397526484923
2025-04-02 05:00:00,811.0121484060857,253.0976112359029,41.32132025397153
2025-04-02 06:00:00,1186.9447246270963,365.67393623465983,79.17185736962828
2025-04-02 07:00:00,1556.869752008023,498.0326449429469,99.74281230105306
2025-04-02 08:00:00,2076.069351713704,574.5468889111651,125.25058575117026
2025-04-02 09:00:00,2369.5970194760444,689.6451566839364,98.3842813385329
2025-04-02 10:00:00,2491.367223610885,655.7315758145468,125.35653846329781
2025-04-02 11:00:00,2404.337488238296,698.1984917072596,117.9884697782037
2025-04-02 12:00:00,2338.0614605664973,685.5105147856355,131.73344893292852
2025-04-02 13:00:00,2362.7982736710765,697.1190602941093,135.30561360574126
2025-04-02 14:00:00,2349.67561432474,738.88371199828,123.797168190681
2025-04-02 15:00:00,2268.4240857212467,681.9462392463288,106.09918922179578
2025-04-02 16:00:00,2085.7166696643853,691.7488953994496,105.97037572327808
2025-04-02 17:00:00,2062.7473342228327,638.364457186496,116.62727672341373
2025-04-02 18:00:00,2007.4325160557382,631.0555422783895,113.89118564104935
2025-04-02 19:00:00,1893.6449526064703,655.9840026457979,107.88656234349648
2025-04-02 20:00:00,2078.1012245921115,597.1282795983607,110.82545233216464
2025-04-02 21:00:00,2181.4263066693616,595.1738201642976,109.88364129369205
2025-04-02 22:00:00,1856.7386593395024,568.3238660293807,100.02122530346644
2025-04-02 23:00:00,1603.6752192881759,464.76787488313784,88.42426563813886
2025-04-03 00:00:00,1245.2975207531829,467.20743265115556,64.81223659983975
2025-04-03 01:00:00,901.3095882815502,332.92930454855303,44.34339068973482
2025-04-03 02:00:00,686.5151283303843,246.14115315431485,33.09018084956692
2025-04-03 03:00:00,532.5404573545409,219.2744019211206,26.436341206934575
2025-04-03 04:00:00,519.3962792376406,188.56017952794605,23.933781594033395
2025-04-03 05:00:00,819.2013976953924,305.01932752462733,35.42479289500433
2025-04-03 06:00:00,1228.3409241692739,452.5903089090488,61.344189653735555
2025-04-03 07:00:00,1585.6093530338283,561.9840510244741,73.70501127984568
2025-04-03 08:00:00,2054.2148856825133,716.2948246501722,106.57740518712991
2025-04-03 09:00:00,2240.9478105831126,811.3019198677376,109.40282899507288
2025-04-03 10:00:00,2380.7222708843165,903.9684709915897,125.73475292272074
2025-04-03 11:00:00,2377.315463364972,860.2110773673402,122.86715403942353
2025-04-03 12:00:00,2366.310672403553,855.4970181012499,123.03538627634862
2025-04-03 13:00:00,2251.5931881865686,779.0701586120538,104.34513480876284
2025-04-03 14:00:00,2299.971473990328,918.5362427688741,113.16230431071226
2025-04-03 15:00:00,2186.782509640266,811.7208957318178,114.65089190586843
2025-04-03 16:00:00,2148.8977005950424,807.0744508284835,86.07883111990779
2025-04-03 17:00:00,1975.461233651821,734.9042492096585,117.28167511583239
2025-04-03 18:00:00,2073.2519569867072,706.547387129063,119.23175192313083
2025-04-03 19:00:00,1992.3646235661859,801.6463488956628,106.17724167831865
2025-04-03 20:00:00,2062.8035274642416,684.6704219379322,107.68403894825006
2025-04-03 21:00:00,1931.688795125391,764.8114595891311,105.35781654222252
2025-04-03 22:00:00,1757.3271620125531,631.7780946530775,85.0043880521287
2025-04-03 23:00:00,1571.3200312892504,555.5917391192726,73.49482529126854
2025-04-04 00:00:00,1266.8777091025424,414.0522575559328,111.06092064356335
2025-04-04 01:00:00,867.2540794453873,296.60685985467836,65.59843894150649
2025-04-04 02:00:00,709.1550089066448,234.67863813223676,48.820184459152536
2025-04-04 03:00:00,544.5401592670988,164.6158987658964,42.344515275362916
2025-04-04 04:00:00,562.9319734387971,181.29693939617965,46.413973477710435
2025-04-04 05:00:00,800.7288431869449,271.67775398339353,58.21564610735078
2025-04-04 06:00:00,1206.90474096829,381.12001662781284,93.6862157278001
2025-04-04 07:00:00,1708.618919316322,603.4750446370896,130.83816723801948
2025-04-04 08:00:00,1977.9410867509328,669.8371135908055,144.5756141381266
2025-04-04 09:00:00,2215.3730176569793,765.6746751033357,134.21295625660784
2025-04-04 10:00:00,2378.9542793888077,789.8701471292514,170.1609850451941
2025-04-04 11:00:00,2435.7278870988816,806.1130121111096,195.88205072599118
2025-04-04 12:00:00,2248.515759440373,844.1049201503516,196.6989129189048
2025-04-04 13:00:00,2172.4063889124964,867.2339672271681,192.07993098355556
2025-04-04 14:00:00,2296.131396308097,790.5157986239989,191.44705463870054
2025-04-04 15:00:00,2162.051998435846,786.9022088764311,164.04805861547263
2025-04-04 16:00:00,2118.853891864599,788.7292046041122,155.84143866221441
2025-04-04 17:00:00,1945.1130976928557,705.7834942934403,170.8209601028257
2025-04-04 18:00:00,1945.772473509801,725.4459984716051,155.0753200089048
2025-04-04 19:00:00,1994.3142579257017,704.0836118508253,175.2800133676283
2025-04-04 20:00:00,2104.805784985827,702.2452293850943,170.9331038724165
2025-04-04 21:00:00,2007.3117039467193,709.2065956025895,186.95762370797635
2025-04-04 22:00:00,1908.8945955881977,565.5575994841861,138.6407027411607
2025-04-04 23:00:00,1511.1715346757283,531.1218664234955,137.51646731235624
2025-04-05 00:00:00,1263.405522656551,414.1175640389816,97.72117219619696
2025-04-05 01:00:00,979.1151328396843,300.563855755867,58.71975123635338
2025-04-05 02:00:00,710.1956331387839,247.61439577135937,46.275971239421395
2025-04-05 03:00:00,557.626074003036,186.18877192002915,31.674474229030903
2025-04-05 04:00:00,552.3153152193107,192.68381968623333,37.83155977979306
2025-04-05 05:00:00,853.4947718603429,287.6816614304329,57.38841731508044
2025-04-05 06:00:00,1280.1401879786183,431.1006835046483,72.38478049036244
2025-04-05 07:00:00,1656.6691942101927,563.3230140937283,112.11048191289072
2025-04-05 08:00:00,2076.966422385872,753.9583679664523,133.2339508521349
2025-04-05 09:00:00,2341.3699257431963,808.0180187334229,151.3731657078041
2025-04-05 10:00:00,2384.34450198663,870.1414249943296,165.86407173017315
2025-04-05 11:00:00,2436.445448225264,798.8451362420564,160.26542114756666
2025-04-05 12:00:00,2394.040257406635,824.5674329587737,146.61520944578248
2025-04-05 13:00:00,2409.861359635445,854.59660890043,158.32478158970096
2025-04-05 14:00:00,2378.1510778854786,836.9043258848577,160.26832641242632
2025-04-05 15:00:00,2233.291990850083,753.0044767022098,131.76527352868735
2025-04-05 16:00:00,2182.7001365388023,742.8542474624331,136.5221857018899
2025-04-05 17:00:00,2141.7196993797925,695.6923625881113,105.74265641956197
2025-04-05 18:00:00,1999.6505537294663,683.9410445434543,134.3959178464383
2025-04-05 19:00:00,2078.1251571170737,662.3353487868668,143.96022124022693
2025-04-05 20:00:00,2097.5464782460667,725.7523529752609,127.11940308081347
2025-04-05 21:00:00,2045.7804483309017,753.013262522452,132.64578869882263
2025-04-05 22:00:00,1819.958271841717,625.0760763769979,113.51327854955305
2025-04-05 23:00:00,1642.7648058694956,546.2398435557403,94.11110521440513
2025-04-06 00:00:00,1295.8892055469626,445.79057046425373,100.07602555901359
2025-04-06 01:00:00,992.245273508387,345.22570378136174,65.12630812969701
2025-04-06 02:00:00,703.345475804654,239.72876166606122,52.15996361488041
2025-04-06 03:00:00,577.1192423881378,192.66857085435922,38.73639849123844
2025-04-06 04:00:00,598.1719324992711,186.1678373234006,44.735153498577134
2025-04-06 05:00:00,806.634786106655,271.91570864900075,63.95578683389132
2025-04-06 06:00:00,1176.9049977872073,441.25436566823635,88.86611577606135
2025-04-06 07:00:00,1774.7291976957922,589.2120729324976,129.01134725623044
2025-04-06 08:00:00,2052.725363025819,729.3662920269678,153.84072284556103
2025-04-06 09:00:00,2358.59868310603,867.379318793228,198.9100159893707
2025-04-06 10:00:00,2437.019784020773,912.9846678843526,176.9644445575949
2025-04-06 11:00:00,2484.26958670024,785.6651678380999,197.65107780562647
2025-04-06 12:00:00,2354.5518136929404,863.6009280317392,167.58017881308433
2025-04-06 13:00:00,2348.1035577926,825.9216305929187,192.59827525935222
2025-04-06 14:00:00,2353.8880472089245,786.8201947876256,193.9261688239444
2025-04-06 15:00:00,2213.5046815483583,801.0042085214561,190.87431498134737
2025-04-06 16:00:00,2175.4615369552916,704.0003430614049,192.90450383940805
2025-04-06 17:00:00,2104.1518612378645,787.6246153258222,164.40885127198405
2025-04-06 18:00:00,1972.2344722212113,728.867431562257,174.7067019218702
2025-04-06 19:00:00,2041.585255587159,685.2899909146352,182.18059229573413
2025-04-06 20:00:00,2131.8156384797126,714.7495548443943,140.02540193199474
2025-04-06 21:00:00,2101.0562468176736,674.9775790168222,148.96884758573077
2025-04-06 22:00:00,1875.2474142556464,644.2213866503156,118.79746720991665
2025-04-06 23:00:00,1594.6851399843524,539.477689219985,133.41191884795225
2025-04-07 00:00:00,1168.4485022520769,394.2941932983775,77.1037082602634
2025-04-07 01:00:00,884.6363375503504,318.73878558111977,54.249683213217395
2025-04-07 02:00:00,679.1662134843656,245.40353678358636,44.54764034196233
2025-04-07 03:00:00,517.2379853219919,185.24169967762907,32.938497651814565
2025-04-07 04:00:00,520.2445626385003,178.99753503916202,40.903913284234584
2025-04-07 05:00:00,755.3433603569445,274.8262237742543,51.96017916740118
2025-04-07 06:00:00,1148.120826099828,401.9003188294152,71.89369719074718
2025-04-07 07:00:00,1634.8296354582578,525.3963142971817,120.70225288748937
2025-04-07 08:00:00,1948.2198020612736,658.4655328150834,148.97635498911475
2025-04-07 09:00:00,2050.47890804823,752.6580990228532,133.22531102072034
2025-04-07 10:00:00,2293.49842716194,811.2664893214161,161.78461115076615
2025-04-07 11:00:00,2331.647995279769,798.1991583448388,173.07847307970405
2025-04-07 12:00:00,2197.371662429242,790.5893475899701,164.55379934797486
2025-04-07 13:00:00,2217.3166595843377,707.2832328375188,161.0491487492168
2025-04-07 14:00:00,2084.1339035638975,776.4026257020266,185.48969698136656
2025-04-07 15:00:00,1995.7268479414988,737.1057732235283,198.60130543556335
2025-04-07 16:00:00,2036.381645571207,806.6239901225349,151.69807039280383
2025-04-07 17:00:00,1847.1347036450995,674.6472309082021,128.8650805675273
2025-04-07 18:00:00,1865.373883276572,675.1196439955384,141.68515982534473
2025-04-07 19:00:00,1956.5736555248566,760.0158640588487,149.27835192134097
2025-04-07 20:00:00,1838.8190993162625,693.9946940775767,149.49818853197496
2025-04-07 21:00:00,1873.010331821935,685.2901492852633,160.29727845476395
2025-04-07 22:00:00,1677.7221463879646,582.2787506265228,165.7237332157773
2025-04-07 23:00:00,1456.3005932920069,554.560432896292,92.00653533740442
2025-04-08 00:00:00,1194.793578630413,404.5737776139105,81.6761309145901
2025-04-08 01:00:00,914.6504681227583,319.00387651262844,73.52070128570578
2025-04-08 02:00:00,679.994830221017,229.78607981827784,44.738442876021715
2025-04-08 03:00:00,538.9465826012242,187.02083843596685,41.30575917316833
2025-04-08 04:00:00,522.8156259373512,172.14620543913637,39.819701565600226
2025-04-08 05:00:00,779.7681319577529,291.65295697597054,62.60321205186601
2025-04-08 06:00:00,1124.8962316114187,403.76271733777156,99.5934083950577
2025-04-08 07:00:00,1626.4992698830272,530.8568615624265,117.81287989775471
2025-04-08 08:00:00,1887.5251915638823,733.58697617328,113.12110058494524
2025-04-08 09:00:00,2238.771985458545,757.8404510145544,144.750719179999
2025-04-08 10:00:00,2372.7695499414285,828.6695668274023,203.2935117122374
2025-04-08 11:00:00,2299.252522195865,844.6356513778792,138.6048318496639
2025-04-08 12:00:00,2231.1739304991115,814.382786355232,169.14183969557808
2025-04-08 13:00:00,2212.189392335802,694.2434794671002,114.01871345475072
2025-04-08 14:00:00,1982.8170818446663,790.9160374933142,131.7274338752847
2025-04-08 15:00:00,2129.2851310978854,746.0544260068796,165.65748893009933
2025-04-08 16:00:00,2050.470798380154,718.7354158997604,147.82882876828918
2025-04-08 17:00:00,1967.032443677869,695.7205339692542,135.2740811199637
2025-04-08 18:00:00,1942.0230792121438,623.534584738461,124.3267191128832
2025-04-08 19:00:00,1911.3399305710468,686.3895351473584,107.50457222758325
2025-04-08 20:00:00,1907.090342994073,653.2494334661022,151.59269908568479
2025-04-08 21:00:00,1962.0385708501644,689.7400546541214,136.69712158157407
2025-04-08 22:00:00,1755.2102941271685,626.73996664874,104.77066842365514
2025-04-08 23:00:00,1484.263118498948,552.6148718638262,106.26185168694549
2025-04-09 00:00:00,1286.3188021247083,378.31270845120605,93.7822542975104
2025-04-09 01:00:00,960.9559084361133,307.45382662759516,62.95009020382066
2025-04-09 02:00:00,681.4135880714416,226.0832330119598,49.02901564715033
2025-04-09 03:00:00,566.824143510466,169.91724082618967,39.02658873562973
2025-04-09 04:00:00,572.404548792444,160.85063896389028,35.15952315232624
2025-04-09 05:00:00,778.6461823078188,234.14990541815243,56.71507664273653
2025-04-09 06:00:00,1228.8829103365997,381.1010072512094,90.95379304078659
2025-04-09 07:00:00,1657.4404928174038,499.86865358167404,129.097756283731
2025-04-09 08:00:00,2044.9422228771275,672.5503558503494,154.55878087580925
2025-04-09 09:00:00,2261.9271805525905,690.4144375960859,148.22244319503778
2025-04-09 10:00:00,2424.591870381332,716.7786345842125,179.4130928262244
2025-04-09 11:00:00,2549.251544063572,754.3046958539674,175.47650162572185
2025-04-09 12:00:00,2294.359608845942,707.3742478791906,151.2995222817144
2025-04-09 13:00:00,2244.7653495016016,714.1756399655396,151.86812075497403
2025-04-09 14:00:00,2202.781980202297,736.7558305450407,169.09007116446406
2025-04-09 15:00:00,2347.727007782056,692.9025960980895,177.309303422679
2025-04-09 16:00:00,2153.7221284786797,675.1481164610104,120.88187683661053
2025-04-09 17:00:00,2087.9515995377988,649.1592941736652,169.5142581047938
2025-04-09 18:00:00,1997.3873226900353,570.5530478995781,156.72378720482686
2025-04-09 19:00:00,1978.0799192296943,636.85231060984,143.00722519731312
2025-04-09 20:00:00,2075.725529881242,647.7533940790332,140.22470601870617
2025-04-09 21:00:00,2232.8988219582025,670.543919460877,150.05367269311645
2025-04-09 22:00:00,1930.576708680937,588.4339429906182,119.17592925126671
2025-04-09 23:00:00,1532.0422016620605,478.0894057274288,106.06289302007441
2025-04-10 00:00:00,1233.2649754075944,435.5622314122818,75.10793257081025
2025-04-10 01:00:00,862.9494044475143,298.27156458503305,52.89892034662383
2025-04-10 02:00:00,631.8875390138538,230.41649410572705,61.424303432136774
2025-04-10 03:00:00,548.91327186397,180.02703433115389,39.64284244930905
2025-04-10 04:00:00,539.7249740608368,183.03417383619606,39.417625383711005
2025-04-10 05:00:00,796.78658726001,260.2958232725627,56.923433773978516
2025-04-10 06:00:00,1141.5292266519466,427.7003373484978,77.69392736121681
2025-04-10 07:00:00,1586.4714097980664,599.1178635036999,113.68191967952924
2025-04-10 08:00:00,1995.5032922448693,697.667229398938,145.61836805030092
2025-04-10 09:00:00,2219.0279971099308,807.7619111541115,158.4908574366005
2025-04-10 10:00:00,2278.991554357773,730.3879875618416,156.16678104776085
2025-04-10 11:00:00,2189.691695058495,731.4006093825212,177.96715193010436
2025-04-10 12:00:00,2256.830985280719,758.446496719172,169.34831013381145
2025-04-10 13:00:00,2261.1751868395986,753.2148044207703,168.8173262433818
2025-04-10 14:00:00,2089.918755842126,733.3867075745733,171.6812660153204
2025-04-10 15:00:00,2156.313556104318,667.882553959368,153.40812921677758
2025-04-10 16:00:00,2082.981982486705,746.1727790750703,149.47782508511193
2025-04-10 17:00:00,2017.8415068274123,747.3878581477001,169.18941070307253
2025-04-10 18:00:00,1957.3911291056938,694.9476018719945,126.57614373352025
2025-04-10 19:00:00,1884.5120981878545,692.6996319274721,113.04396029443164
2025-04-10 20:00:00,1887.1799954388027,684.2589143966239,154.57047288361375
2025-04-10 21:00:00,1946.9845804551596,649.2540009840401,135.88285109998606
2025-04-10 22:00:00,1801.4912879503627,604.1072075365322,114.56997528141238
2025-04-10 23:00:00,1462.125769134404,560.2048997849554,120.01151809360961
2025-04-11 00:00:00,1214.8463073591802,391.52717383420793,84.67984559242295
2025-04-11 01:00:00,857.6255935610194,284.1216746622099,54.169821016923976
2025-04-11 02:00:00,713.3638614629422,230.36470280313864,57.10865599432979
2025-04-11 03:00:00,558.5571573041829,185.501278738278,31.30701008028269
2025-04-11 04:00:00,546.290052008087,164.8896975130502,36.787932958729684
2025-04-11 05:00:00,813.2329035308966,251.363806261097,43.74857305310548
2025-04-11 06:00:00,1202.0351512347943,371.1091679370118,84.55166538256623
2025-04-11 07:00:00,1618.8864674638223,525.835333417535,105.33929818060074
2025-04-11 08:00:00,1989.6652895018178,676.9520219821283,151.0980340850441
2025-04-11 09:00:00,2217.868386258842,693.6214873767559,155.57787155862204
2025-04-11 10:00:00,2529.825710843009,797.5569371245191,187.53646978739067
2025-04-11 11:00:00,2381.665679038479,757.736568771203,155.285784013862
2025-04-11 12:00:00,2270.7514108339897,822.8870101424067,132.0251262193541
2025-04-11 13:00:00,2273.854649649051,732.8213026707047,159.87553361640553
2025-04-11 14:00:00,2148.72030211468,707.5783350539327,149.34834591528792
2025-04-11 15:00:00,2257.4735023438757,715.9032518269864,120.83490749832487
2025-04-11 16:00:00,2071.5975454181516,667.5063219531696,129.8278156136642
2025-04-11 17:00:00,2049.4438060824355,593.3946222909875,129.15956097981976
2025-04-11 18:00:00,2012.2803195369102,620.9595224818005,158.52302458327912
2025-04-11 19:00:00,1986.3990109759973,624.028753830247,146.91282273242953
2025-04-11 20:00:00,2026.4912234285896,599.7744301869684,135.07107316812332
2025-04-11 21:00:00,2021.7683468298424,647.5322946060752,147.49846548848527
2025-04-11 22:00:00,1794.8110103371528,520.1727845225713,97.29171704793116
2025-04-11 23:00:00,1493.798806665069,479.9274459433656,98.98600592715313
2025-04-12 00:00:00,1440.323666080355,427.74780799380903,84.57780806666206
2025-04-12 01:00:00,1107.632710210725,309.7398481202578,60.170044122959716
2025-04-12 02:00:00,797.9485830009213,227.36527493037374,41.88487110825331
2025-04-12 03:00:00,628.2943864883091,185.41868218200887,35.55223490270601
2025-04-12 04:00:00,620.1541132422622,175.45621395161237,36.247394535449594
2025-04-12 05:00:00,960.6694241902113,270.277071503684,51.743810333513885
2025-04-12 06:00:00,1419.088936689548,404.82160282700943,84.61235213952074
2025-04-12 07:00:00,1949.4535105343773,532.0909966400122,110.34638787768424
2025-04-12 08:00:00,2336.9382917921735,691.0724129637393,138.04715197033536
2025-04-12 09:00:00,2685.8327826243585,775.8746749282375,174.1389066938937
2025-04-12 10:00:00,2725.2742167701977,797.8749920672187,168.03027086312184
2025-04-12 11:00:00,2741.9626167602764,894.2796132312368,182.3991223850567
2025-04-12 12:00:00,2782.7105792762577,779.9185201638501,139.62451124570094
2025-04-12 13:00:00,2708.0490495281183,755.8351646413034,121.60482646884653
2025-04-12 14:00:00,2532.5961060723425,739.3158795562895,142.51859091119675
2025-04-12 15:00:00,2490.3849310725786,704.7426712646958,138.32798005803687
2025-04-12 16:00:00,2493.065424631907,744.2975318668485,159.93480921068237
2025-04-12 17:00:00,2494.943305985082,666.96821588767,116.10801047205668
2025-04-12 18:00:00,2178.095078381874,648.6504572428356,126.79559740657598
2025-04-12 19:00:00,2332.362714722364,653.3253182707296,134.25531281855888
2025-04-12 20:00:00,2288.7251969708973,657.0002872213404,133.70882844996603
2025-04-12 21:00:00,2338.0307587019324,631.4331117826973,129.8223430975098
2025-04-12 22:00:00,2095.3486096528172,599.8141105376573,122.20660975097572
2025-04-12 23:00:00,1766.7685548209818,540.0504436528591,110.94947904346313
2025-04-13 00:00:00,1342.0192914325696,440.184301749048,92.94235137687325
2025-04-13 01:00:00,993.7140758935313,341.99089274199105,58.33137955622951
2025-04-13 02:00:00,736.4611321401237,247.98278495597518,39.88025675012231
2025-04-13 03:00:00,575.6004127652229,196.9410753468778,40.936884102398864
2025-04-13 04:00:00,600.6206678702405,205.2718103475066,30.38138504740625
2025-04-13 05:00:00,888.8810123030977,277.32869370134193,60.79733546698579
2025-04-13 06:00:00,1331.4932836297446,417.62599546939265,87.1713700789972
2025-04-13 07:00:00,1715.4763296616188,573.4288823050205,121.77191900312727
2025-04-13 08:00:00,2216.661791064384,756.1383954236829,138.14591713923994
2025-04-13 09:00:00,2515.382004127632,790.256460071623,111.43115042130788
2025-04-13 10:00:00,2517.0711149353033,803.4952394058221,134.58441697586179
2025-04-13 11:00:00,2580.0791856767974,849.0427538408087,155.9171479518702
2025-04-13 12:00:00,2522.0269458524463,777.8576346460845,137.21233405034081
2025-04-13 13:00:00,2595.7885025253213,810.5511227522093,139.50893863037288
2025-04-13 14:00:00,2562.6023324144285,793.9378302920595,151.7076826852197
2025-04-13 15:00:00,2271.961345140346,755.6296576997756,136.83689457113852
2025-04-13 16:00:00,2482.92650029495,763.2774599681121,117.8969191004084
2025-04-13 17:00:00,2166.078068252499,660.2607147784087,142.50822415382572
2025-04-13 18:00:00,2207.9962769346757,693.2782784353204,132.7369698303851
2025-04-13 19:00:00,2220.0125837115247,676.3045076625667,123.04764520088217
2025-04-13 20:00:00,2161.0826594385508,809.9724409568025,140.0550409700765
2025-04-13 21:00:00,2253.5203617082243,716.8274761723766,131.3866743058973
2025-04-13 22:00:00,1971.0831173522322,614.5137355888168,132.32147151576015
2025-04-13 23:00:00,1695.5240556804417,498.7690228677556,99.2812836735498
2025-04-14 00:00:00,1305.06916947286,410.8059986591074,94.48131279524296
2025-04-14 01:00:00,977.5957120832973,277.1200810736065,48.07320695392558
2025-04-14 02:00:00,713.6701494111202,204.0944275951418,47.644735122407795
2025-04-14 03:00:00,569.198463354545,173.1855674956181,34.880112493335275
2025-04-14 04:00:00,577.3369741521102,172.1760022497033,32.385979387053084
2025-04-14 05:00:00,842.518459900358,254.6320656904349,59.46288767841577
2025-04-14 06:00:00,1263.5689359179019,369.3393900597157,86.51016515982278
2025-04-14 07:00:00,1674.233723906106,512.2512309006491,85.12813584733938
2025-04-14 08:00:00,2030.6342347878717,630.2965934627958,143.63158073548863
2025-04-14 09:00:00,2311.6528249136427,711.3327634400977,159.32783455532348
2025-04-14 10:00:00,2423.051387068341,749.8823757900659,144.86617762676738
2025-04-14 11:00:00,2507.9999345119613,770.0132516157855,142.28051863812632
2025-04-14 12:00:00,2472.9694645480163,719.3192225639656,127.03467881533147
2025-04-14 13:00:00,2338.719302598821,672.2869075161307,144.24090854521222
2025-04-14 14:00:00,2406.2915608913772,684.6789936999762,144.64010729854425
2025-04-14 15:00:00,2353.7051106891868,700.1894439596207,156.94714000727785
2025-04-14 16:00:00,2223.618830151112,601.2611250367933,144.86683856310322
2025-04-14 17:00:00,2066.5281832509813,575.975785457271,119.34943287768236
2025-04-14 18:00:00,2134.9053964320387,636.4335750001603,133.70116215621417
2025-04-14 19:00:00,2053.1188617910598,657.9142294160746,127.4767546829504
2025-04-14 20:00:00,2122.5307768916687,591.6940905540483,121.17329121299461
2025-04-14 21:00:00,2095.0173031703134,633.3307110134879,111.627182318913
2025-04-14 22:00:00,1834.5099076231272,549.758129162856,128.0052317761149
2025-04-14 23:00:00,1523.8124278543003,467.52499650667625,106.16400709203579
2025-04-15 00:00:00,1229.7085602516431,414.6674164040523,87.29492149694164
2025-04-15 01:00:00,862.2983940167367,279.4812021201914,55.33892692307027
2025-04-15 02:00:00,720.4597253515193,212.43635365377637,46.06406360998664
2025-04-15 03:00:00,516.8701205902534,177.63080366888946,30.917520218128136
2025-04-15 04:00:00,503.8102135314141,175.33250088976627,31.781947438547974
2025-04-15 05:00:00,783.6739188073861,247.06062967252342,52.8410677505147
2025-04-15 06:00:00,1203.174483628618,405.1163855552397,80.856615997921
2025-04-15 07:00:00,1592.443088353012,526.6889810354401,89.22981911899866
2025-04-15 08:00:00,1980.1650700522152,645.6500506535531,117.61314308762559
2025-04-15 09:00:00,2075.955447539987,750.2535063983421,143.23863480984076
2025-04-15 10:00:00,2254.09031360595,772.1224714683995,172.78622762405828
2025-04-15 11:00:00,2218.1077628075564,804.6111223925645,142.10871823421175
2025-04-15 12:00:00,2124.3858902821094,724.2996785398659,155.16784515708238
2025-04-15 13:00:00,2195.793635390165,690.1030386253769,153.09132806633224
2025-04-15 14:00:00,2020.9196557042133,718.1576299856368,142.93861330294038
2025-04-15 15:00:00,2034.3938412996201,716.4312480867435,148.1104331011643
2025-04-15 16:00:00,2027.0622779454586,654.1630571824697,119.82717810171128
2025-04-15 17:00:00,1925.0452503939478,621.7254157890617,124.76347958445496
2025-04-15 18:00:00,1926.5429957098422,650.0475280886235,149.98011042605705
2025-04-15 19:00:00,1932.6945471317713,624.2934403669196,151.8318586006919
2025-04-15 20:00:00,2019.996425723384,619.6376578029854,146.5331051695917
2025-04-15 21:00:00,2012.2127368215638,697.5875608764169,150.27303126561273
2025-04-15 22:00:00,1808.8089903121127,574.6805750732582,95.85472389314002
2025-04-15 23:00:00,1480.5749738703444,528.5627832623842,90.53777318472213
2025-04-16 00:00:00,1256.9622981726081,435.19269865129115,86.86463718386801
2025-04-16 01:00:00,922.4018575152029,321.6143544754152,82.72319294760898
2025-04-16 02:00:00,687.460320030578,236.31627230143656,47.711439556679444
2025-04-16 03:00:00,543.8552274461518,167.12918085929192,42.85822942702941
2025-04-16 04:00:00,533.721124738885,177.51237701221547,40.442481237585895
2025-04-16 05:00:00,778.8808620234548,276.2359717634763,59.699322193432934
2025-04-16 06:00:00,1204.249018978765,422.3327796774896,85.62044359305425
2025-04-16 07:00:00,1635.2467759200606,522.1868873772667,102.89504605129412
2025-04-16 08:00:00,1973.0064829587805,699.112516653069,102.61839241758794
2025-04-16 09:00:00,2215.612770835859,744.3675643533255,185.37224289265225
2025-04-16 10:00:00,2289.586765714174,835.6420690326025,159.50437626206477
2025-04-16 11:00:00,2422.9348748331827,821.575991587463,135.73931189081517
2025-04-16 12:00:00,2318.6083077134062,835.693873594926,174.75438398680913
2025-04-16 13:00:00,2202.9688202601833,827.7163825218547,170.17433008634922
2025-04-16 14:00:00,2273.878695659347,792.5623297790128,173.6896455357441
2025-04-16 15:00:00,2144.6306106913935,791.2986277748389,176.09167678684787
2025-04-16 16:00:00,2039.1909484954083,727.554338986975,137.8617793776554
2025-04-16 17:00:00,2090.6800421580774,805.5550703052896,132.7228786852478
2025-04-16 18:00:00,1935.8270035470564,644.8609920287226,136.8506328106367
2025-04-16 19:00:00,1953.9682027371098,671.5854914388876,155.21554449119074
2025-04-16 20:00:00,2035.0426917315485,739.6668046046321,113.2559982300872
2025-04-16 21:00:00,2097.570086422258,734.5707164207107,148.63036516942674
2025-04-16 22:00:00,1809.0577533318922,645.2927732620269,143.542154669385
2025-04-16 23:00:00,1476.0763409905699,549.9075929742794,120.75572422659718
2025-04-17 00:00:00,1225.2105890644857,382.1241347600319,106.62166760202403
2025-04-17 01:00:00,868.7094738528724,333.92115356728385,80.57032654510662
2025-04-17 02:00:00,698.1093657922161,231.19711540827507,38.2453591480465
2025-04-17 03:00:00,532.6309099205375,198.85433231695117,51.334806015044606
2025-04-17 04:00:00,489.2032142792354,165.64933955520618,44.344734489890186
2025-04-17 05:00:00,779.5947874023078,275.1643100178049,72.48207524128868
2025-04-17 06:00:00,1215.097211753063,394.7476568781116,82.55425889187363
2025-04-17 07:00:00,1657.3631747595534,574.4431741410096,105.55165395777212
2025-04-17 08:00:00,2045.8861201562017,695.8450291331858,190.57054968203857
2025-04-17 09:00:00,2123.354181961498,783.2004936379377,161.36827960740817
2025-04-17 10:00:00,2352.796370283534,766.4819218026045,181.93487933744174
2025-04-17 11:00:00,2237.4286672804365,801.819739541985,198.0628261599681
2025-04-17 12:00:00,2254.0056658094923,781.845174290371,199.16937477967448
2025-04-17 13:00:00,2107.899198246043,788.0125399497175,200.26160637275706
2025-04-17 14:00:00,2114.226067059636,794.3651719322693,180.93339107827015
2025-04-17 15:00:00,2069.637268749487,748.1766167887206,153.3553638308879
2025-04-17 16:00:00,2106.677981859706,678.9529766565894,181.52300095150744
2025-04-17 17:00:00,2012.1195264397854,696.5980057690728,174.11684965553044
2025-04-17 18:00:00,1917.570148032942,754.6449832463305,125.48644152545192
2025-04-17 19:00:00,1841.556668125582,727.4999507981587,181.13074255913824
2025-04-17 20:00:00,1950.9773619824584,593.2824900852869,118.04986912096169
2025-04-17 21:00:00,1927.0957933567079,695.1151174921603,179.56452303853368
2025-04-17 22:00:00,1793.1333105512902,644.2036388952871,133.79554682175777
2025-04-17 23:00:00,1527.4038375258776,516.090036701551,130.59972385958304
2025-04-18 00:00:00,1275.2847642120553,470.77764665120174,93.5740815103377
2025-04-18 01:00:00,884.8830691273197,346.8249877593831,64.45309939686896
2025-04-18 02:00:00,628.671442349348,271.6762645754727,51.112684825432204
2025-04-18 03:00:00,519.8555159181808,200.7470083315446,38.7818338534763
2025-04-18 04:00:00,556.9503695149235,220.19070272606632,41.31051582098259
2025-04-18 05:00:00,783.4735979114332,307.15114874430014,70.13187871906923
2025-04-18 06:00:00,1158.137636673251,439.0081214281508,72.39968912118643
2025-04-18 07:00:00,1704.0733226263592,667.7590353366813,76.41788872412856
2025-04-18 08:00:00,2068.1752567712183,718.4232039333981,136.57607258263482
2025-04-18 09:00:00,2244.635673044358,848.4713673416769,152.17455244826866
2025-04-18 10:00:00,2335.4051505056455,889.9545198689544,161.68648097209086
2025-04-18 11:00:00,2334.8944273000598,1005.399865375256,150.9596659791085
2025-04-18 12:00:00,2313.487113417588,863.9663062341554,180.10719893406696
2025-04-18 13:00:00,2343.341387236055,780.9995851973276,136.5887609018484
2025-04-18 14:00:00,2235.6962644321175,834.7023734021185,165.89807454106796
2025-04-18 15:00:00,2208.885876675592,860.0684100009629,165.69319985384504
2025-04-18 16:00:00,2178.06609939221,850.9310262344346,156.16370149603358
2025-04-18 17:00:00,1953.9265833009745,871.5961298330245,152.22327313594297
2025-04-18 18:00:00,1994.1263051365045,810.7698357812645,154.16585304728383
2025-04-18 19:00:00,1947.9549894512777,770.3853375588099,141.42387325093162
2025-04-18 20:00:00,1877.970955785743,751.2781201474412,139.1840744348948
2025-04-18 21:00:00,1899.855029169108,846.8139051232718,152.21118496939232
2025-04-18 22:00:00,1745.6303566946144,685.9283342252197,136.97845613473194
2025-04-18 23:00:00,1540.2459623162356,571.1546674135484,119.10894671107303
2025-04-19 00:00:00,1433.8864067230047,380.70686712516346,65.30405342667034
2025-04-19 01:00:00,1048.160480737146,266.2955479761313,57.313116968451546
2025-04-19 02:00:00,827.8664510125021,208.61423423597307,38.95031822606634
2025-04-19 03:00:00,608.1222031302129,169.45093008440784,37.49831564158497
2025-04-19 04:00:00,617.1101030164874,173.8145357461613,37.35280845185196
2025-04-19 05:00:00,921.7109247555327,243.7770916071511,49.727521338949984
2025-04-19 06:00:00,1336.851377351597,348.2842367650403,70.49961674666196
2025-04-19 07:00:00,1881.8091175529414,471.48346841030576,112.24629277724836
2025-04-19 08:00:00,2202.508712250407,633.077542656166,127.41805075964946
2025-04-19 09:00:00,2690.947098888938,706.2541807671446,167.57702744724227
2025-04-19 10:00:00,2666.113762506484,718.9974247058971,181.6288540621642
2025-04-19 11:00:00,2858.4303318229036,718.6781426252808,168.09786313417504
2025-04-19 12:00:00,2651.0200699635006,734.849699329462,152.53384702700015
2025-04-19 13:00:00,2663.3365294645696,751.1220106315022,173.84433366094862
2025-04-19 14:00:00,2546.549323689522,667.1108001375217,146.73291482643273
2025-04-19 15:00:00,2496.6600589331283,682.1845417544205,132.85639995335592
2025-04-19 16:00:00,2394.6728817325024,692.4256322523344,126.53484155767515
2025-04-19 17:00:00,2339.0556246457395,609.9369317075787,120.77868318172585
2025-04-19 18:00:00,2274.0071731523635,612.2502443484268,126.30412038176652
2025-04-19 19:00:00,2217.2224060101876,615.08359188655,133.48091705310463
2025-04-19 20:00:00,2323.157908692473,593.5305675615141,110.71572209406813
2025-04-19 21:00:00,2291.5761823062753,638.8947382182159,124.37843776852033
2025-04-19 22:00:00,2206.7769653222335,564.5370226271108,118.9529268315439
2025-04-19 23:00:00,1747.081445057096,488.89565718782734,105.05022136380055
2025-04-20 00:00:00,1335.7399044472104,450.9342483712741,59.44746025251724
2025-04-20 01:00:00,929.142263919925,349.2130128761423,44.64556907144119
2025-04-20 02:00:00,708.5182529748355,280.37288628532656,28.361692802596576
2025-04-20 03:00:00,544.0831178941688,232.2755843864281,23.707253821232776
2025-04-20 04:00:00,546.4803991205895,219.55558954921887,25.594283000942156
2025-04-20 05:00:00,823.6501096135102,288.50669839268494,40.22736908597942
2025-04-20 06:00:00,1276.9364129681956,466.8095544218666,58.35235124840303
2025-04-20 07:00:00,1694.8609412493208,614.6089050322746,71.2204390747283
2025-04-20 08:00:00,2145.087512681567,782.2058232257519,93.69156564864056
2025-04-20 09:00:00,2360.679571343021,834.1036188425172,125.62962415192914
2025-04-20 10:00:00,2545.244014678156,834.196386816373,120.01866384501471
2025-04-20 11:00:00,2419.053234748086,890.1905216363523,110.82536865099623
2025-04-20 12:00:00,2535.553928405293,919.0708706610786,98.38046648159701
2025-04-20 13:00:00,2287.7391516994603,878.5417979246749,99.64130544547312
2025-04-20 14:00:00,2235.6520520476033,870.1719739135564,106.43667867427858
2025-04-20 15:00:00,2162.744810018777,845.0396058325182,107.32213947187243
2025-04-20 16:00:00,2322.6525215791266,830.6708653517505,107.73583906758262
2025-04-20 17:00:00,2136.1507336057666,800.2180312575122,101.30684739073995
2025-04-20 18:00:00,2000.268844647667,744.3381329063147,90.23811525113305
2025-04-20 19:00:00,2101.487069776586,761.7155154801288,89.31338018587944
2025-04-20 20:00:00,2128.466149365516,846.0280215911905,118.75401736615906
2025-04-20 21:00:00,2203.030414549349,785.5934891423067,91.3743593654685
2025-04-20 22:00:00,1777.2360385782624,695.4241246703691,74.39732610226243
2025-04-20 23:00:00,1557.3790467838699,589.1156188399768,60.09946489591252
2025-04-21 00:00:00,1261.9718732160395,416.59849994975815,70.65250116866294
2025-04-21 01:00:00,881.717219367866,300.83851636849465,59.068367674333906
2025-04-21 02:00:00,723.7492244109028,233.82968336849987,37.8727345973959
2025-04-21 03:00:00,560.5349095368337,181.45214728662182,37.63851660769022
2025-04-21 04:00:00,564.7182412860245,180.92889187358443,31.765660508745196
2025-04-21 05:00:00,871.9568280812351,259.09971092473455,52.644035511409
2025-04-21 06:00:00,1208.886208168058,404.1831182281779,64.40221675375564
2025-04-21 07:00:00,1661.5977502833364,569.3651131872169,88.85187871957798
2025-04-21 08:00:00,2068.0709741375636,671.8575924307133,119.60038058540553
2025-04-21 09:00:00,2378.299105530268,688.1643979283177,139.92613023236004
2025-04-21 10:00:00,2391.1399345697982,822.9744433775442,136.89657362569974
2025-04-21 11:00:00,2375.472127506186,800.9629864797201,143.332695952044
2025-04-21 12:00:00,2442.074884602604,743.6376411230092,144.96740222347412
2025-04-21 13:00:00,2338.9586798178534,790.7267456372432,112.5515443844005
2025-04-21 14:00:00,2149.7510249791226,700.0507180459593,126.16957660318567
2025-04-21 15:00:00,2157.454212258492,772.8826775211717,121.15378047997454
2025-04-21 16:00:00,2267.598903945312,714.7360113317876,118.68914736754965
2025-04-21 17:00:00,2107.65830058898,611.0636706589977,125.02739410759264
2025-04-21 18:00:00,1972.2980879237602,669.3776412698978,109.4662307474117
2025-04-21 19:00:00,2017.0609066003742,654.3289849106749,91.19392392632248
2025-04-21 20:00:00,2085.032457670712,667.908591119121,116.69304220016689
2025-04-21 21:00:00,2127.089183691121,661.9028587957572,105.96885261729437
2025-04-21 22:00:00,1783.7088611793918,606.8229892627479,112.24800192252371
2025-04-21 23:00:00,1529.4776639449328,503.7023592302732,97.83676841206864
2025-04-22 00:00:00,1277.4856280754173,405.6111154343832,50.17156997184568
2025-04-22 01:00:00,922.8550894245703,345.30461367962425,43.87718758828888
2025-04-22 02:00:00,708.3132877379675,242.15980209617874,37.455146347260424
2025-04-22 03:00:00,540.9872753744934,189.94533632205076,24.57159091678723
2025-04-22 04:00:00,554.2854505641717,182.3759359727354,30.8029815009642
2025-04-22 05:00:00,836.0407015279588,295.8044264465262,46.74687490588
2025-04-22 06:00:00,1227.218077515149,398.8473850772917,61.55385420957332
2025-04-22 07:00:00,1673.7479029014976,589.839636938725,79.0524075516837
2025-04-22 08:00:00,2038.4207929244842,698.1401899599327,79.33032415885566
2025-04-22 09:00:00,2241.4667054240854,786.1755747457377,129.2123520003088
2025-04-22 10:00:00,2404.2608473941577,801.5898066866704,151.66417944811352
2025-04-22 11:00:00,2482.0470767083834,817.4932922912194,148.16921355570906
2025-04-22 12:00:00,2344.2220293769437,827.088800887106,119.14191869931892
2025-04-22 13:00:00,2237.944491817942,815.8607763467863,104.71999334871875
2025-04-22 14:00:00,2229.6581551152317,764.445724735329,127.58326110223796
2025-04-22 15:00:00,2227.5121632412784,775.172439185989,113.04892870912688
2025-04-22 16:00:00,2135.5107436036287,791.1396943938914,117.44431744869352
2025-04-22 17:00:00,2094.7316620151214,668.0206312048393,110.4466581003689
2025-04-22 18:00:00,2027.4215307701577,702.1642265886566,104.44126903762279
2025-04-22 19:00:00,2059.5511976446223,673.9000165498943,115.56078803686293
2025-04-22 20:00:00,2148.8881306177855,689.4545678997475,119.27193307205741
2025-04-22 21:00:00,2124.201096957727,735.6188918140531,100.89812840716736
2025-04-22 22:00:00,1790.4939666911573,629.1706232100145,85.63407338243599
2025-04-22 23:00:00,1513.9493064783874,513.7916308680077,58.64350510984971
2025-04-23 00:00:00,1221.1744258535734,470.84187934315327,71.17791787472527
2025-04-23 01:00:00,882.083656477811,337.3959279741273,47.59682949678521
2025-04-23 02:00:00,651.6600995723852,220.61978965817445,42.51403542253377
2025-04-23 03:00:00,534.2159692181931,181.62817572800537,31.496131710988834
2025-04-23 04:00:00,522.8520036638854,197.09508816525303,31.230326253802616
2025-04-23 05:00:00,768.5033449404225,279.2909942725648,51.48175513531159
2025-04-23 06:00:00,1158.3861816282313,453.257233083121,73.65350875240179
2025-04-23 07:00:00,1662.223052840603,599.2332727165519,96.01308747507572
2025-04-23 08:00:00,1983.7018433124033,723.6420286877689,140.94754124952294
2025-04-23 09:00:00,2367.9480603796237,761.3343627299021,144.5314853834794
2025-04-23 10:00:00,2336.249425047943,860.737399597221,134.18024501496498
2025-04-23 11:00:00,2295.4154706755844,785.1282830465404,134.21935609434902
2025-04-23 12:00:00,2270.368244064546,872.6648586619627,148.87015298714985
2025-04-23 13:00:00,2230.9028356016365,817.2801446636003,136.78161161875397
2025-04-23 14:00:00,2208.5174681466547,757.4971540287648,115.85879621828437
2025-04-23 15:00:00,2261.9357163313803,803.1380724189545,141.6885330557627
2025-04-23 16:00:00,2033.6926784223456,834.7971296684971,142.97403073825265
2025-04-23 17:00:00,2042.610854111348,713.6811994900819,135.93686729751354
2025-04-23 18:00:00,1939.8587127446422,715.9467003390449,135.98862069819597
2025-04-23 19:00:00,1854.5722950614647,686.7104211708623,143.43944564448773
2025-04-23 20:00:00,2037.6889902130747,724.2519749144765,143.0889971088529
2025-04-23 21:00:00,2065.3728785786743,668.6856974005547,124.97566376333361
2025-04-23 22:00:00,1731.990318829853,641.606554481612,104.8061399384576
2025-04-23 23:00:00,1498.7432696598053,543.2018982858061,72.65815441634035
2025-04-24 00:00:00,1121.8808409026656,451.64510804572336,87.26565907626166
2025-04-24 01:00:00,830.2366635263542,276.9872060018808,67.20633569044617
2025-04-24 02:00:00,667.340146260748,225.44466834490183,48.172301554504756
2025-04-24 03:00:00,514.299323651733,195.13056693880105,30.664046948358944
2025-04-24 04:00:00,494.67271867201725,177.8417202536435,36.579708562668145
2025-04-24 05:00:00,759.2602825643194,263.73339463624063,59.68409382320167
2025-04-24 06:00:00,1109.2223616670158,380.8001239915132,74.00423418126191
2025-04-24 07:00:00,1529.5172580090118,521.6966688400163,116.66909038459583
2025-04-24 08:00:00,1939.1346899591356,610.5710421784581,147.05751416056646
2025-04-24 09:00:00,2064.029336759876,729.0874238137004,176.8299716200799
2025-04-24 10:00:00,2182.68435846517,751.5852991836372,196.27296239006952
2025-04-24 11:00:00,2238.290575395735,790.110250792405,158.0768204698808
2025-04-24 12:00:00,2245.466340841482,741.3050758838111,164.88857269220222
2025-04-24 13:00:00,2207.010789287214,734.5301149824334,161.42324010270198
2025-04-24 14:00:00,2062.392297737853,724.5553776041776,166.31579188584038
2025-04-24 15:00:00,2112.9029374149354,724.1132421372056,161.11393281772163
2025-04-24 16:00:00,1962.0373804887438,689.0322008650048,171.2063810014385
2025-04-24 17:00:00,2019.1007962023577,642.4178936785651,106.24196026831225
2025-04-24 18:00:00,1798.663637350188,657.4845055392398,143.57154334076873
2025-04-24 19:00:00,1937.3965669719896,692.5106776568091,145.42821366746162
2025-04-24 20:00:00,1885.894519057128,681.4088806778968,138.4519359903862
2025-04-24 21:00:00,2029.1360652452674,657.2236512988866,107.27594998640555
2025-04-24 22:00:00,1737.2152051912951,598.8367678027163,125.54614156897628
2025-04-24 23:00:00,1402.8645124256698,458.469937226457,98.56523355646341
2025-04-25 00:00:00,1239.8081191028136,422.81229650643485,100.41949803491768
2025-04-25 01:00:00,938.6200130827581,304.7712517298666,64.57245181848756
2025-04-25 02:00:00,712.5423977205318,223.62005299204583,42.73673431094557
2025-04-25 03:00:00,555.2621508348655,181.389605941518,29.23952128056513
2025-04-25 04:00:00,545.7214288702257,180.74877371100226,39.171821244487724
2025-04-25 05:00:00,822.4437777791079,285.5746599625562,58.503669521457425
2025-04-25 06:00:00,1205.9850434750576,428.0099803731548,79.27551953801495
2025-04-25 07:00:00,1594.5710831619795,534.594508417086,119.05392698330314
2025-04-25 08:00:00,1981.8294120779874,668.9115382527553,131.82977121434166
2025-04-25 09:00:00,2291.8488982229087,752.004420951335,171.5686376734281
2025-04-25 10:00:00,2471.226149213952,840.3259183735904,178.7963257182566
2025-04-25 11:00:00,2486.129983777546,810.4935471396461,132.20740686179192
2025-04-25 12:00:00,2384.296821030962,793.0533772202997,133.84687773191158
2025-04-25 13:00:00,2295.166455556322,790.3446997747101,187.60820921251204
2025-04-25 14:00:00,2289.8467140070557,736.9776377953605,166.79697671507284
2025-04-25 15:00:00,2156.738902675173,792.6091856330753,128.18843462725889
2025-04-25 16:00:00,2131.9030089020353,724.3426275904122,120.06857749921578
2025-04-25 17:00:00,2003.3151204280025,665.0413779759097,141.6327791627522
2025-04-25 18:00:00,1913.4512730885294,663.3357410760588,117.38307251002445
2025-04-25 19:00:00,2012.4889045306322,714.8192181915521,130.0820651046324
2025-04-25 20:00:00,2061.1350713979673,679.4979901148157,137.81129638966917
2025-04-25 21:00:00,2089.891407140745,725.6327939699964,137.16463367730216
2025-04-25 22:00:00,1851.9464482866802,598.501084059455,138.2420466357407
2025-04-25 23:00:00,1551.5856032714912,502.1141969519627,124.77145206009935
2025-04-26 00:00:00,1368.5127646191872,450.9017424505001,113.67999926384559
2025-04-26 01:00:00,982.4025470719262,305.44933964547465,76.80505420976495
2025-04-26 02:00:00,749.4593763103137,249.80772044939133,68.6906220869011
2025-04-26 03:00:00,583.2467206774086,196.32119481965455,62.31143606513045
2025-04-26 04:00:00,589.2084928913853,181.11222052533756,49.62228304142484
2025-04-26 05:00:00,878.3416016224209,278.62442437441507,83.7686697964167
2025-04-26 06:00:00,1262.830274979031,406.2111138092253,104.12603782255587
2025-04-26 07:00:00,1774.7838008324552,584.3584181336968,158.0342707571616
2025-04-26 08:00:00,2134.7677927100713,768.8202786140886,168.9996512356673
2025-04-26 09:00:00,2403.6597481979948,776.8546634631851,217.29563598687977
2025-04-26 10:00:00,2480.4056199268784,851.8230722815383,224.96591136525186
2025-04-26 11:00:00,2638.8292296720324,827.4249353569993,241.6721082696131
2025-04-26 12:00:00,2574.610068074208,811.6544152764203,265.21949061988215
2025-04-26 13:00:00,2476.1485913071065,784.7181836973925,207.9113898130313
2025-04-26 14:00:00,2535.498612816304,746.9172597337741,167.5565880349737
2025-04-26 15:00:00,2342.1562264215386,775.8780501350633,204.90564416226204
2025-04-26 16:00:00,2488.169587841728,733.4397276157271,210.6954966970155
2025-04-26 17:00:00,2182.9123052233494,681.176693651532,199.72075216999357
2025-04-26 18:00:00,2139.2132232681925,722.5394881218152,185.75773787139292
2025-04-26 19:00:00,2112.4757322596565,696.0017920400348,220.6388862469513
2025-04-26 20:00:00,2219.7165921572873,704.4952420572685,198.332067790272
2025-04-26 21:00:00,2248.1418541381017,758.5325565956281,193.23676222551856
2025-04-26 22:00:00,1947.995610942909,577.3896186644004,159.23758032677728
2025-04-26 23:00:00,1732.807495974062,568.2750665725915,119.12667868405647
2025-04-27 00:00:00,1400.4834152354324,461.79819051100014,102.84815549002283
2025-04-27 01:00:00,1023.1554642020692,355.67748252642997,74.41563007105228
2025-04-27 02:00:00,745.5913973124302,257.68971407535753,48.35356716939801
2025-04-27 03:00:00,621.9147876063495,203.61469364140925,43.67243044212068
2025-04-27 04:00:00,599.9520585319169,222.0587871300032,42.32013898278375
2025-04-27 05:00:00,875.1256428980972,336.36947688881,59.258318353303515
2025-04-27 06:00:00,1299.762542459908,455.6955761460767,86.7031377425682
2025-04-27 07:00:00,1966.0321277111268,644.5986524843539,136.32421483401606
2025-04-27 08:00:00,2226.29109394288,779.7349226336759,156.19338151861953
2025-04-27 09:00:00,2415.8397551325793,946.2044236449981,168.28005440200857
2025-04-27 10:00:00,2591.999281962552,822.8465485737003,171.12344269957
2025-04-27 11:00:00,2627.2363799034447,928.8342771744059,185.17745150650947
2025-04-27 12:00:00,2620.335880484318,863.3510062684045,202.66603495040826
2025-04-27 13:00:00,2557.3337432289904,773.6095364253786,183.79030244030346
2025-04-27 14:00:00,2527.6208334795165,845.0892150778382,172.54797225921882
2025-04-27 15:00:00,2386.8724889305113,918.0577380419751,179.30394603722797
2025-04-27 16:00:00,2390.5457033123284,794.9561004574717,193.99168872813152
2025-04-27 17:00:00,2212.3545862011665,816.3519160816514,170.4797628806601
2025-04-27 18:00:00,2154.754249237244,804.3039917146184,160.93342093695506
2025-04-27 19:00:00,2148.703642941567,764.0956068350962,168.29468717572493
2025-04-27 20:00:00,2192.5724617838523,790.8567327332523,159.12495298448056
2025-04-27 21:00:00,2335.246132753167,720.9959583181669,165.11524399536654
2025-04-27 22:00:00,2056.16818638864,675.2043385508179,136.3952510299869
2025-04-27 23:00:00,1750.7682487084353,616.8102342356822,101.25681343044343
2025-04-28 00:00:00,1255.943272213081,363.88990849517364,113.80351033017503
2025-04-28 01:00:00,936.0281131092702,269.6626130635237,83.13882898566003
2025-04-28 02:00:00,656.5751155604721,200.99388863398542,58.52061216780935
2025-04-28 03:00:00,568.5599505444201,177.5842430033104,54.00093812168999
2025-04-28 04:00:00,546.5875828556219,154.02115413283875,43.86024728948194
2025-04-28 05:00:00,817.4175844801924,250.37367410551568,56.80360588590725
2025-04-28 06:00:00,1210.880213372855,348.75097142205067,96.89834572243512
2025-04-28 07:00:00,1603.91334817649,516.0999465094148,120.22161042409493
2025-04-28 08:00:00,1937.0556298784786,550.0194015928157,183.29384958707269
2025-04-28 09:00:00,2224.668129180228,662.2997339817342,182.3843969440978
2025-04-28 10:00:00,2420.202537663111,675.9372705101023,230.59891764240191
2025-04-28 11:00:00,2417.034097967054,690.424312241277,229.0384647257571
2025-04-28 12:00:00,2237.3373584741285,712.5280444947072,183.11127008317894
2025-04-28 13:00:00,2207.6127470723477,668.465037102128,181.1811820660906
2025-04-28 14:00:00,2190.80149718555,684.8236596871338,206.88103532731196
2025-04-28 15:00:00,2168.9812563775167,613.057901064397,211.9383295974766
2025-04-28 16:00:00,2053.2472074491247,592.717904343402,146.0518618563552
2025-04-28 17:00:00,1963.010895802379,591.6498676859597,184.24923029898827
2025-04-28 18:00:00,1931.1488157072733,570.5464333299697,131.78661009258795
2025-04-28 19:00:00,1992.583927951249,569.7090167269873,163.55243806992627
2025-04-28 20:00:00,1976.7960227676258,563.7744198692153,199.9533240739926
2025-04-28 21:00:00,2037.5863533846175,625.468241792554,237.01163006708433
2025-04-28 22:00:00,1872.3529498714458,516.7111382985319,154.95890283157303
2025-04-28 23:00:00,1480.7122921920163,475.03918985310526,116.27092939453576
2025-04-29 00:00:00,1329.478566760675,443.9385197506873,88.28736210902765
2025-04-29 01:00:00,1004.5063909834392,334.1746658220813,68.75654379593462
2025-04-29 02:00:00,727.5374962532486,250.8316853647435,47.73062286744697
2025-04-29 03:00:00,582.4013453817602,188.55067383681123,37.23797744574521
2025-04-29 04:00:00,598.7057859762546,195.80998998061213,38.66515940065874
2025-04-29 05:00:00,849.0238108557525,310.63038617226766,62.426578935416856
2025-04-29 06:00:00,1316.4772668781782,428.8800547518933,87.6417031978922
2025-04-29 07:00:00,1778.9851348014524,608.6898310047942,111.1730848860163
2025-04-29 08:00:00,2133.9879248454895,738.8539948098492,139.70697030527143
2025-04-29 09:00:00,2451.489911162986,814.5471866241893,161.5414628032702
2025-04-29 10:00:00,2562.0175616840993,850.1102225839462,158.3252457159307
2025-04-29 11:00:00,2599.32750899516,860.7221544485229,163.16132772282228
2025-04-29 12:00:00,2441.2191802324746,852.9394001858777,185.37974122155416
2025-04-29 13:00:00,2421.865345218518,750.1267993635947,164.89877733658503
2025-04-29 14:00:00,2378.9241918631437,800.1189702622439,134.99374138747723
2025-04-29 15:00:00,2380.852497192355,767.8081821302393,181.32579069480772
2025-04-29 16:00:00,2209.6967974015406,740.4694056703041,166.19573316413764
2025-04-29 17:00:00,2240.540425819064,768.172847678154,129.5185604705011
2025-04-29 18:00:00,2133.9697438091343,674.1386369190992,141.44242710344042
2025-04-29 19:00:00,2040.6357071992486,655.4888337401323,135.41361945986895
2025-04-29 20:00:00,2252.179530916802,750.6805998873529,163.4561901960407
2025-04-29 21:00:00,2314.5978995283467,673.1895658821207,146.18196548486333
2025-04-29 22:00:00,1992.4714559480876,583.1123533207821,134.43087593017137
2025-04-29 23:00:00,1702.9829182125586,567.2501831949374,112.14551233344305
2025-04-30 00:00:00,1243.1800561596444,422.3977351487641,82.72217638327
2025-04-30 01:00:00,863.7752106583874,313.1520512463502,82.86858967586227
2025-04-30 02:00:00,647.694256708702,225.8597077738251,58.1137808709905
2025-04-30 03:00:00,553.0098133630817,173.1594323744269,40.08069195107866
2025-04-30 04:00:00,529.0568544499318,171.3910546521755,43.607218567406484
2025-04-30 05:00:00,774.0464058574743,264.94029411842877,69.7277734342484
2025-04-30 06:00:00,1182.4113964704904,375.70002514879246,94.63158111884668
2025-04-30 07:00:00,1658.4041888263896,559.2301504206432,151.27590821532974
2025-04-30 08:00:00,1917.1562080017104,660.2675299168492,208.77055890617103
2025-04-30 09:00:00,2215.3437762395565,765.050521273698,175.73152991272
2025-04-30 10:00:00,2454.244796539788,801.9130105167726,175.23060210496706
2025-04-30 11:00:00,2273.4066894647895,806.994052963812,166.20945852864
2025-04-30 12:00:00,2355.0550763672877,795.8775498138898,138.87027368936913
2025-04-30 13:00:00,2213.097337508688,745.6491831657333,202.21526085464114
2025-04-30 14:00:00,2243.7152932251993,753.6080012661346,168.79563420754326
2025-04-30 15:00:00,2231.802243617697,740.2458708284873,188.24778217722883
2025-04-30 16:00:00,2153.3797392736356,629.2728197861667,187.04679845823904
2025-04-30 17:00:00,2071.829472670212,704.269269858168,141.69584718271594
2025-04-30 18:00:00,1890.808800013486,665.0951366435564,139.52531414095455
2025-04-30 19:00:00,2025.9000254000662,682.1926560086409,185.47677417273925
2025-04-30 20:00:00,1972.4077649503643,640.4007115181214,159.2412259239557
2025-04-30 21:00:00,2035.171405814445,672.4798732515634,148.99726184597333
2025-04-30 22:00:00,1810.5467871034666,575.4795299759076,126.61395567177286
2025-04-30 23:00:00,1539.4816409891346,531.8603834677444,118.77597161510846
2025-05-01 00:00:00,1210.0473222712703,377.4193959977939,91.70282983147973
2025-05-01 01:00:00,854.9573995903935,282.48832861326576,61.8575967668888
2025-05-01 02:00:00,635.2552056063722,228.7600439158333,44.2713849838562
2025-05-01 03:00:00,543.8065673469911,173.86930125689997,40.91503554907141
2025-05-01 04:00:00,522.7996038695987,167.7998804058663,39.37161458911415
2025-05-01 05:00:00,792.5159493801787,270.76276658848207,52.32806995039977
2025-05-01 06:00:00,1143.4733839832647,404.47906059952146,97.91219337693782
2025-05-01 07:00:00,1513.9617340367201,550.899710731251,100.86728482130383
2025-05-01 08:00:00,1983.4055586185975,679.175905048385,142.10818576258316
2025-05-01 09:00:00,2145.8602366530304,724.2435741934947,136.54682968513313
2025-05-01 10:00:00,2297.753168142125,761.22904173784,164.31292103243356
2025-05-01 11:00:00,2224.279687835024,741.2102139596572,144.9827647252724
2025-05-01 12:00:00,2324.1986518089284,756.7338809196882,153.44518883375088
2025-05-01 13:00:00,2115.206628628723,713.7446522488458,179.47810344850785
2025-05-01 14:00:00,2115.842170371861,706.4165224371877,154.94745161336323
2025-05-01 15:00:00,2099.1619388520894,727.4920331520724,144.7491634797808
2025-05-01 16:00:00,1976.8229010926505,728.248769120238,122.86915608618278
2025-05-01 17:00:00,1970.8657722578853,672.3784940702217,131.0538509401168
2025-05-01 18:00:00,1973.2080317038951,693.1986410029037,110.64731779782277
2025-05-01 19:00:00,1872.9649968854544,619.5826094354904,136.87898059463245
2025-05-01 20:00:00,1974.3903157452512,601.0189708010912,140.4127098521631
2025-05-01 21:00:00,1802.8855446786044,682.4739646757506,125.94319388608754
2025-05-01 22:00:00,1735.5008630050522,564.9785257111477,134.8299823719924
2025-05-01 23:00:00,1455.2428549334875,489.35156040953746,112.4612415012659
2025-05-02 00:00:00,1232.717310648587,377.26947139676486,70.22403774973668
2025-05-02 01:00:00,949.3529349411808,288.2737233200543,53.56675250056013
2025-05-02 02:00:00,688.4986257536478,210.73074170765767,35.63868685600999
2025-05-02 03:00:00,556.04541559402,178.9210602143158,29.709553668486553
2025-05-02 04:00:00,541.7133648464047,175.63628951295954,26.492927109065537
2025-05-02 05:00:00,764.9101584346904,265.4639271286378,41.979623334462055
2025-05-02 06:00:00,1166.791124256894,417.68876806213973,65.25579188141273
2025-05-02 07:00:00,1702.7749396991974,560.0939773846096,74.52246050913308
2025-05-02 08:00:00,1912.5442878652336,612.5088166777008,118.27123466860729
2025-05-02 09:00:00,2232.830582547239,768.1658972527355,138.80315859787788
2025-05-02 10:00:00,2368.2711637916887,787.5222384142463,131.08128807939914
2025-05-02 11:00:00,2499.7505423575503,775.891707952602,92.47798615196767
2025-05-02 12:00:00,2388.529952509619,763.9132758640608,124.58402969170821
2025-05-02 13:00:00,2246.157996205453,753.6020034242025,106.14739310705653
2025-05-02 14:00:00,2329.548371501111,710.494368996695,115.00345710825367
2025-05-02 15:00:00,2156.773857494463,713.9160572260969,139.5850642210113
2025-05-02 16:00:00,2206.1185101363158,741.9240196773417,86.58412357878274
2025-05-02 17:00:00,1976.9832939053724,649.1944983809655,102.62715377349343
2025-05-02 18:00:00,2046.5233915847195,617.4628628914951,118.60845935976859
2025-05-02 19:00:00,1975.6336012888905,651.5934515977029,101.15182375994469
2025-05-02 20:00:00,1995.9441451758232,635.3233980044247,103.0890181475379
2025-05-02 21:00:00,2042.5099600567855,616.0699318815459,137.313769516056
2025-05-02 22:00:00,1842.4433690699293,587.9763840569718,104.2485520130049
2025-05-02 23:00:00,1523.5717591928797,540.6724723223025,93.1799718235614
2025-05-03 00:00:00,1409.6842864078508,454.84828452192414,89.80776279215826
2025-05-03 01:00:00,997.1968217547617,335.63701989029164,63.33778232904578
2025-05-03 02:00:00,777.269602793233,224.96100796074668,53.33217240094287
2025-05-03 03:00:00,621.8159749252269,205.90319403705706,45.49195830586717
2025-05-03 04:00:00,600.7225035185776,198.4241617142856,30.222880402854354
2025-05-03 05:00:00,877.9098118988277,282.3985439412503,54.37469120627514
2025-05-03 06:00:00,1331.4008392049996,439.0003392780188,81.03317294871471
2025-05-03 07:00:00,1853.1780605580805,604.055947088517,106.87277159887927
2025-05-03 08:00:00,2365.903518257312,696.719356939101,151.95196059979165
2025-05-03 09:00:00,2577.6217539159375,837.7454190783217,158.52470006817228
2025-05-03 10:00:00,2708.4248547314596,915.6087117365776,195.624922028034
2025-05-03 11:00:00,2850.4202382123985,851.8926651781234,180.31553439481812
2025-05-03 12:00:00,2611.233452782553,809.5356426885745,181.40562387743873
2025-05-03 13:00:00,2545.7197911515277,817.426930171098,134.23267311569128
2025-05-03 14:00:00,2522.921527192524,845.7934879080447,138.69136214333273
2025-05-03 15:00:00,2356.0230388794575,748.6149563142043,137.2191936278037
2025-05-03 16:00:00,2332.6387540343994,797.0341329336484,165.79763412277683
2025-05-03 17:00:00,2230.075022345578,718.1975731331389,124.37533115946545
2025-05-03 18:00:00,2226.710317246193,726.3713703933948,120.68183344992664
2025-05-03 19:00:00,2188.9351149859713,702.3509293850876,118.69076543860027
2025-05-03 20:00:00,2270.784976229515,722.1845881425736,180.27182957559575
2025-05-03 21:00:00,2330.7533132856825,797.2611181919426,136.77021815164326
2025-05-03 22:00:00,2060.893978405591,615.5661612339695,130.65850101030884
2025-05-03 23:00:00,1692.6152738658475,571.2512428685915,91.52917765319233
2025-05-04 00:00:00,1426.2625258583573,546.5199296315383,101.26129310633762
2025-05-04 01:00:00,1095.0740632405502,380.47769114535623,54.143279226730776
2025-05-04 02:00:00,817.3527171375597,259.71173006715264,45.15202106826098
2025-05-04 03:00:00,614.3885920402512,209.34153583078339,37.389522137413785
2025-05-04 04:00:00,624.6652993555352,210.69370984686475,40.71836211419761
2025-05-04 05:00:00,935.0427724640626,325.3921938872391,53.70848298718071
2025-05-04 06:00:00,1418.3134027287376,486.8796887129873,102.06133986452672
2025-05-04 07:00:00,1959.4081490351439,622.192176392653,127.17701048468528
2025-05-04 08:00:00,2360.652815379329,778.2918203459643,136.80481591158696
2025-05-04 09:00:00,2672.5585267343204,876.5330723188184,183.88912091654717
2025-05-04 10:00:00,2765.201986155798,949.3132657555957,166.8154056755051
2025-05-04 11:00:00,2695.488553294271,1044.6617575217942,162.32779913807818
2025-05-04 12:00:00,2675.2537338258226,892.8085109111751,186.5853199885214
2025-05-04 13:00:00,2630.972596505264,869.2300760592939,121.94221076951679
2025-05-04 14:00:00,2587.8650607363684,849.4807634213171,176.49975546776878
2025-05-04 15:00:00,2404.442553295855,907.6815556021869,147.8475679216497
2025-05-04 16:00:00,2445.3117154113515,856.2227469027692,144.01590275174178
2025-05-04 17:00:00,2371.935742581114,786.0441760430857,181.14252595518357
2025-05-04 18:00:00,2271.816501798668,780.5197865722704,136.22774121181047
2025-05-04 19:00:00,2287.003661076593,768.404276869244,160.3870033179241
2025-05-04 20:00:00,2400.4943679599305,833.427186558241,153.99667493634394
2025-05-04 21:00:00,2296.855236289764,928.3621187531305,155.67413909415222
2025-05-04 22:00:00,2011.0624198019614,750.465038094136,129.38069021221517
2025-05-04 23:00:00,1762.8491034688711,614.8578053369405,108.68419315639753
2025-05-05 00:00:00,1322.6104216052343,501.09056653744915,87.52371405593954
2025-05-05 01:00:00,990.7268194607354,353.69269647952126,60.399762977207
2025-05-05 02:00:00,729.1616839290061,295.42029402792696,39.15103601133747
2025-05-05 03:00:00,550.4992890898316,237.0490411699338,29.52818232639571
2025-05-05 04:00:00,558.7606665138836,219.78794898531078,30.558070978429384
2025-05-05 05:00:00,835.8025812783092,351.25841131649264,53.24233041600779
2025-05-05 06:00:00,1242.9694214975655,495.00486388147067,80.88378790733566
2025-05-05 07:00:00,1727.5899455799763,705.9623141645959,104.64051998274971
2025-05-05 08:00:00,2032.2614210470954,845.8250499478563,99.81585078421344
2025-05-05 09:00:00,2345.742450195884,928.133611680943,146.88197384237898
2025-05-05 10:00:00,2486.6273746275883,937.2557444763532,162.65384771016826
2025-05-05 11:00:00,2502.555109590615,971.1110493973176,144.5423825840722
2025-05-05 12:00:00,2345.637807893321,998.4794788491989,168.98657277179169
2025-05-05 13:00:00,2318.9242050246253,913.1442621902339,116.40392903445485
2025-05-05 14:00:00,2132.4311646048877,941.825303852441,143.6956033331746
2025-05-05 15:00:00,2220.8720987618794,856.2848270714574,116.6218695400727
2025-05-05 16:00:00,2169.7093133434378,913.5871445227294,142.33904542344393
2025-05-05 17:00:00,2048.8825273219895,855.9392357166905,130.4289975367419
2025-05-05 18:00:00,2048.5991148967278,767.8722699536231,141.31884509350408
2025-05-05 19:00:00,2047.5910615516698,811.0450941002675,125.37743520672788
2025-05-05 20:00:00,1975.8691503294515,881.1662089829522,116.97487347083374
2025-05-05 21:00:00,2121.628684280997,791.8225496006355,115.8229306720217
2025-05-05 22:00:00,1827.7270852993645,711.3307701111952,105.88648204649134
2025-05-05 23:00:00,1607.184080903118,631.8387651228787,86.88990667924737
2025-05-06 00:00:00,1224.1345869721335,503.4525801946778,80.23517657104011
2025-05-06 01:00:00,928.4289246275929,322.5994359223512,58.23005626049702
2025-05-06 02:00:00,694.1618066031031,257.53401269130063,32.347675248991116
2025-05-06 03:00:00,567.6866715754132,204.89067263747845,31.179796076318357
2025-05-06 04:00:00,553.4443674061794,192.59398921490538,30.62788804189507
2025-05-06 05:00:00,807.8748505537651,294.7580003388048,41.08950408359254
2025-05-06 06:00:00,1160.5695097225835,426.43048901221374,70.05802127150946
2025-05-06 07:00:00,1599.6731674335788,589.3719315613499,106.57862830551426
2025-05-06 08:00:00,2011.2953192697223,675.8913079740247,123.66244360459382
2025-05-06 09:00:00,2294.858504176829,824.1118513225584,145.06324537798042
2025-05-06 10:00:00,2368.438462390961,903.7239260590278,122.57326805311598
2025-05-06 11:00:00,2439.8411069861686,864.3545132254387,132.79523478938705
2025-05-06 12:00:00,2334.034020350906,890.1775081692841,119.01183533957527
2025-05-06 13:00:00,2233.5254860834316,848.2494164716958,129.89363415046446
2025-05-06 14:00:00,2243.633584634707,810.4551499056972,129.17317430932908
2025-05-06 15:00:00,2229.5804573835794,772.2173302651921,134.9020774668636
2025-05-06 16:00:00,2178.201798794756,757.6717606410549,135.9870164653311
2025-05-06 17:00:00,2175.8911056874035,690.2844294638795,122.53915219517934
2025-05-06 18:00:00,1961.7006921230352,709.2818347203755,100.00860676260297
2025-05-06 19:00:00,2006.3182020539175,727.7661567837755,94.67708342728054
2025-05-06 20:00:00,2092.037511574824,804.8144379597202,120.45500636849879
2025-05-06 21:00:00,2066.0805556783444,762.1397418057355,132.54983297274975
2025-05-06 22:00:00,1813.758055652511,633.5451832280401,101.1941244399671
2025-05-06 23:00:00,1487.269254326843,519.8761478260095,71.58176763771448
2025-05-07 00:00:00,1308.2948027624752,397.9328769266264,109.36945149014173
2025-05-07 01:00:00,940.7576084371382,305.24768153203166,68.66552947923773
2025-05-07 02:00:00,696.3021365183561,219.19309122315337,50.103039415104405
2025-05-07 03:00:00,575.5435250969877,182.93726253380225,34.57951299621539
2025-05-07 04:00:00,559.8458319606386,173.12549422589228,38.84682300264384
2025-05-07 05:00:00,864.5802601707668,266.5716484829068,61.45291106312026
2025-05-07 06:00:00,1288.9461907131524,354.2470580322717,89.8773482171913
2025-05-07 07:00:00,1700.1551102707556,569.2131327685637,108.65631696944455
2025-05-07 08:00:00,2121.780826682221,612.4481014681539,142.8287284183125
2025-05-07 09:00:00,2274.876617406415,754.5539814222084,150.58861476137267
2025-05-07 10:00:00,2483.759232209347,752.6894223956725,199.83328236482586
2025-05-07 11:00:00,2534.548605996255,754.8707299409359,184.86294487583103
2025-05-07 12:00:00,2515.618208605662,736.0074722557083,155.96649355674052
2025-05-07 13:00:00,2351.61801422377,735.6383532505286,140.9473278846277
2025-05-07 14:00:00,2433.0980270893597,731.6729700823875,163.7117597553311
2025-05-07 15:00:00,2217.9704950259957,737.3081452958298,147.43003271385714
2025-05-07 16:00:00,2177.8200746466614,729.9016004814755,144.8611553341882
2025-05-07 17:00:00,2203.973706171531,665.0026438145132,127.47401011113489
2025-05-07 18:00:00,2187.190829729092,685.311141456457,125.13958351675689
2025-05-07 19:00:00,2130.53677129384,639.3203265979743,143.79914697594987
2025-05-07 20:00:00,2158.705424863711,688.6091919576688,141.12297559138733
2025-05-07 21:00:00,2028.64487577323,668.0704718145287,184.55946451855104
2025-05-07 22:00:00,1814.2685979166156,566.8694496810855,137.60799082290197
2025-05-07 23:00:00,1630.9285428731894,496.45934713468546,95.65844367880922
2025-05-08 00:00:00,1176.1082528863597,448.8504623293906,58.32072356649194
2025-05-08 01:00:00,841.3425047002819,319.7168540973024,53.31006919043467
2025-05-08 02:00:00,656.1312280097105,246.39383296067152,36.90119158139184
2025-05-08 03:00:00,528.6937088274292,202.51857778496836,35.493025989487684
2025-05-08 04:00:00,529.9570414496073,190.2339898823584,31.323930964293723
2025-05-08 05:00:00,764.4490659079621,240.8916301901586,35.21859070957976
2025-05-08 06:00:00,1173.6105075007536,452.5007439804373,59.43372318429739
2025-05-08 07:00:00,1561.4758776250362,567.5266671638109,85.19165152989513
2025-05-08 08:00:00,1906.782293564757,677.4823395785093,118.00092307409858
2025-05-08 09:00:00,2211.3219582863653,749.0211913623065,112.02788509209952
2025-05-08 10:00:00,2192.5034629742063,817.8847425937423,134.8939032620561
2025-05-08 11:00:00,2419.7802562642732,804.9579423457333,112.9847297339797
2025-05-08 12:00:00,2223.8593857444416,782.8140699468797,129.64894744613937
2025-05-08 13:00:00,2170.3293212438657,765.9564047334507,131.48418102471473
2025-05-08 14:00:00,2146.5294904105444,800.2915640904114,144.22953712292082
2025-05-08 15:00:00,2181.531773741907,839.6594129866547,125.27224520060517
2025-05-08 16:00:00,2064.2551710314774,774.4734907977872,108.38922629749386
2025-05-08 17:00:00,1847.5594464399148,752.1898125203217,132.26107023464675
2025-05-08 18:00:00,1943.6094294237587,677.2584797470439,107.9242142577645
2025-05-08 19:00:00,1863.0526847860565,697.2978608854543,119.9989638359132
2025-05-08 20:00:00,1940.055004680032,728.1654994970421,106.32248907190079
2025-05-08 21:00:00,1865.1596356601199,690.6841310207418,114.98970903925252
2025-05-08 22:00:00,1746.3365678094206,621.7273998120818,92.53768202689086
2025-05-08 23:00:00,1428.0557833298672,558.6701196062955,88.61317474925079
2025-05-09 00:00:00,1219.8384560227794,462.5721133598263,68.21814234993347
2025-05-09 01:00:00,881.9533265129448,322.172038469345,43.412890531140526
2025-05-09 02:00:00,706.781396319023,228.2693910202052,32.54295524101235
2025-05-09 03:00:00,569.63169506136,192.1794282949885,28.92289823119531
2025-05-09 04:00:00,529.5230043997423,177.70611674507126,24.850078090667843
2025-05-09 05:00:00,781.2578199357525,282.7253949754633,33.63013598119942
2025-05-09 06:00:00,1149.7461103322203,424.8706735128674,62.23581271903333
2025-05-09 07:00:00,1647.8091909485793,569.8216803715806,81.50954099457341
2025-05-09 08:00:00,1940.613890245746,715.7549117817985,99.64455310133779
2025-05-09 09:00:00,2172.8471379635776,810.2330601022928,119.83543173662778
2025-05-09 10:00:00,2370.9382171197813,843.9986340156253,127.58300294283123
2025-05-09 11:00:00,2262.4165975121964,781.474014172302,116.44578295520485
2025-05-09 12:00:00,2250.915573574623,803.9565708196014,102.13944937163465
2025-05-09 13:00:00,2101.6167466983616,809.9618884273979,105.60575993215696
2025-05-09 14:00:00,2208.575535440892,842.1382120498246,118.82320600134845
2025-05-09 15:00:00,2237.3615834231437,756.5350049039433,111.11536884969412
2025-05-09 16:00:00,2109.3989579908352,766.8091424503175,100.34017343999467
2025-05-09 17:00:00,2061.28753745967,745.7559036951685,93.50995132018852
2025-05-09 18:00:00,1869.6980901287184,685.1337298975611,105.40321954714659
2025-05-09 19:00:00,1938.5743146251612,734.3008772427322,96.9814305678678
2025-05-09 20:00:00,1928.2679761318752,756.9686389935455,110.49860062403144
2025-05-09 21:00:00,1967.8368181810408,763.1356035048298,111.89804212731278
2025-05-09 22:00:00,1800.1528726957763,650.634476994491,87.84046336336955
2025-05-09 23:00:00,1493.527351448001,599.3761096909575,84.7320227941892
2025-05-10 00:00:00,1267.5701165253654,416.4856966724281,76.1862908152948
2025-05-10 01:00:00,928.6616833156089,345.8230097158499,56.42574539005124
2025-05-10 02:00:00,698.9815304635176,245.2826754836493,31.563607247848665
2025-05-10 03:00:00,592.8264856553732,202.56312984327556,29.770744740124105
2025-05-10 04:00:00,605.9731713392653,183.48813932128715,29.35853816992614
2025-05-10 05:00:00,877.7214921040539,286.2827889903297,46.43809364454712
2025-05-10 06:00:00,1193.633487179988,438.2855079707784,72.57842608090412
2025-05-10 07:00:00,1803.2970460603792,534.5235056811158,100.31509011670647
2025-05-10 08:00:00,2181.168834984665,685.964683468322,124.64281152870505
2025-05-10 09:00:00,2283.3387586319805,695.8421346747172,125.68095387563415
2025-05-10 10:00:00,2483.63819776596,807.7704394175596,153.13407219133495
2025-05-10 11:00:00,2569.273428574793,778.9334492578348,169.5568503783378
2025-05-10 12:00:00,2483.18384932588,787.1423278982967,133.79188435608725
2025-05-10 13:00:00,2299.080988689506,886.0277401027466,125.99333972981592
2025-05-10 14:00:00,2390.8684645673966,828.221526429283,123.80269700415992
2025-05-10 15:00:00,2165.8583397641005,697.0863090724386,132.22955208847372
2025-05-10 16:00:00,2230.136482176739,749.605269966447,120.38817778169577
2025-05-10 17:00:00,2217.5917406244844,726.157855924033,99.37262380443556
2025-05-10 18:00:00,2079.2391291502067,664.9564226425679,99.5827269330968
2025-05-10 19:00:00,2060.9001063219775,685.7253590028853,132.00215051191046
2025-05-10 20:00:00,2202.6685840631753,708.4718331338354,139.2043553268094
2025-05-10 21:00:00,2207.7951594997808,653.5960543396872,143.41079004407064
2025-05-10 22:00:00,1982.2053062000966,590.9981699212397,111.43338182405911
2025-05-10 23:00:00,1655.3970856780343,530.0274039919609,82.06477998407267
2025-05-11 00:00:00,1390.9158153541252,419.9518296614993,84.07511642509239
2025-05-11 01:00:00,1006.6112347709319,294.8848737559445,54.07885887850701
2025-05-11 02:00:00,749.4571996450452,221.44088706855402,40.58275916076483
2025-05-11 03:00:00,599.9483801643665,184.44918080706728,40.20005397384692
2025-05-11 04:00:00,582.4431544470012,189.28094371494205,40.561993766873364
2025-05-11 05:00:00,835.8855688506094,266.8296890843662,68.53569686167542
2025-05-11 06:00:00,1255.1151441645832,430.5112701211413,83.5363335474617
2025-05-11 07:00:00,1760.5036305380986,530.8095471211019,98.95858861965932
2025-05-11 08:00:00,2189.235675780002,679.4370157543032,140.273829292109
2025-05-11 09:00:00,2539.536753581782,742.7638735686713,154.7083246192232
2025-05-11 10:00:00,2559.548189249729,815.8074351091094,158.6087296287756
2025-05-11 11:00:00,2621.892374239716,759.6437880190579,172.91567796590783
2025-05-11 12:00:00,2577.33652822567,846.6897041828731,142.06231677384565
2025-05-11 13:00:00,2425.519120308992,693.9126018245516,161.8405052616698
2025-05-11 14:00:00,2444.8705378229765,806.234494439949,168.28594927850807
2025-05-11 15:00:00,2340.404652883399,732.6197676523641,177.69141986967367
2025-05-11 16:00:00,2380.585046103664,729.6705479917886,155.11202895162393
2025-05-11 17:00:00,2237.8666200812468,724.5950955891379,159.95105024867397
2025-05-11 18:00:00,2055.3870874540303,685.4415609104851,132.3053300528423
2025-05-11 19:00:00,2147.8454158712775,638.5157731445901,135.17043817397888
2025-05-11 20:00:00,2300.0297363112822,700.4133025892814,164.6886816713382
2025-05-11 21:00:00,2187.6903348656156,742.1428131891099,122.40926018563283
2025-05-11 22:00:00,1980.801850281476,579.6011712997988,122.30645209791506
2025-05-11 23:00:00,1678.4444809738752,564.2120643752017,121.26078689677671
2025-05-12 00:00:00,1142.8775773414995,424.46398788219386,68.46303319494953
2025-05-12 01:00:00,872.607970056666,298.2113516365173,49.6329413778688
2025-05-12 02:00:00,623.9857798828209,219.93197686675276,37.54063593010595
2025-05-12 03:00:00,513.4824297782933,183.0283629670263,31.504991395698426
2025-05-12 04:00:00,527.4440626812268,164.1432558701947,34.06351873704704
2025-05-12 05:00:00,762.318908676692,261.86193060757637,49.424442617464074
2025-05-12 06:00:00,1114.6230746986723,392.944870739519,67.00456670386579
2025-05-12 07:00:00,1565.6174211945686,519.0131597624027,102.9289304443262
2025-05-12 08:00:00,1891.433136867171,695.0368119243115,116.95439150337484
2025-05-12 09:00:00,2127.5444098922662,745.0055625248605,138.37170703568364
2025-05-12 10:00:00,2273.285485614912,766.0314718217653,118.10709494678427
2025-05-12 11:00:00,2176.6479219120174,774.2231540367436,157.1328316923645
2025-05-12 12:00:00,2182.0218151698336,784.9117431468853,132.83827318709854
2025-05-12 13:00:00,2108.2490958838794,755.6409205433977,88.96948198650847
2025-05-12 14:00:00,2002.3558278095327,716.6121976824568,147.109831970125
2025-05-12 15:00:00,2000.146122950935,731.2362778175243,122.27541293116867
2025-05-12 16:00:00,2087.753083505681,706.4000784484844,113.97368296887298
2025-05-12 17:00:00,1936.3044269740753,640.8592757361188,106.56983218964281
2025-05-12 18:00:00,1783.922113571221,646.6723829731259,115.51388179244711
2025-05-12 19:00:00,1782.8076116568916,678.0455481966023,100.24308634123574
2025-05-12 20:00:00,1909.7193897298152,697.0153604448934,106.92480429720634
2025-05-12 21:00:00,1999.2489293837352,670.6991208013404,107.22120472114821
2025-05-12 22:00:00,1695.7525551592153,623.2719497548761,98.2681891302805
2025-05-12 23:00:00,1493.3905495155898,485.9209943145572,80.98967347424215
2025-05-13 00:00:00,1294.4924268950733,422.69520515735974,87.78975938088394
2025-05-13 01:00:00,949.4482514761972,319.93834901469944,60.480413541962115
2025-05-13 02:00:00,680.8782605975325,262.14346417366636,46.23106937079714
2025-05-13 03:00:00,584.2587926844653,198.32650661889676,38.0564369873243
2025-05-13 04:00:00,552.6402393900383,190.2324532110952,34.62584597356471
2025-05-13 05:00:00,842.0072545460655,305.380429082591,45.86229412562944
2025-05-13 06:00:00,1196.5880665464053,417.2995815289889,91.76302034667687
2025-05-13 07:00:00,1692.4616968170153,644.9719039013515,116.19049911747699
2025-05-13 08:00:00,2083.6751936246283,695.4877295352604,151.94591718340877
2025-05-13 09:00:00,2306.26335740033,761.3303135417569,161.48032069705465
2025-05-13 10:00:00,2458.621638388334,833.4655792312223,144.84402951407026
2025-05-13 11:00:00,2401.6586117179,826.1792659228552,113.18294179662037
2025-05-13 12:00:00,2330.6621267004607,788.3139772559005,129.04506409341167
2025-05-13 13:00:00,2420.084232938264,901.2651942014573,155.22792018283997
2025-05-13 14:00:00,2348.595113531113,800.7467133277404,141.49252077631354
2025-05-13 15:00:00,2188.269463627767,790.0572239731578,133.81839644035472
2025-05-13 16:00:00,2212.8987589087665,736.0239721362988,99.71349289863682
2025-05-13 17:00:00,2043.1000391610369,700.9195454289944,130.63123780145864
2025-05-13 18:00:00,1950.6705219657063,731.82725469356,111.69214883029579
2025-05-13 19:00:00,2087.492602819081,644.3648018867422,117.24629988415391
2025-05-13 20:00:00,1987.0787294630222,681.2051639622059,142.84597954403625
2025-05-13 21:00:00,2140.3826516567437,712.442753133341,116.25460877509002
2025-05-13 22:00:00,1843.4196290683603,683.5638897728303,104.64890872225234
2025-05-13 23:00:00,1559.936889108292,532.5063433820056,100.36533039520495
2025-05-14 00:00:00,1250.8825985563064,376.9037579497384,100.21307411509576
2025-05-14 01:00:00,918.8400182486205,270.476160879338,64.03158885339754
2025-05-14 02:00:00,666.7028645155978,216.66314281128234,58.55098601567998
2025-05-14 03:00:00,560.4396375387897,151.5554668068615,35.05501524450033
2025-05-14 04:00:00,540.0453855156208,166.55193307619652,33.591527513171336
2025-05-14 05:00:00,765.4792304694998,234.71617001722097,48.959521590874644
2025-05-14 06:00:00,1175.6976099942458,368.6964742409558,71.8366679097626
2025-05-14 07:00:00,1687.400658256099,466.1408757221853,124.68020318839673
2025-05-14 08:00:00,2083.7532636750216,595.366348262788,131.7994555963699
2025-05-14 09:00:00,2279.1938353593778,664.2130127020145,140.2093791770935
2025-05-14 10:00:00,2267.3159300350317,666.665423906761,180.78784130799573
2025-05-14 11:00:00,2366.181099251655,654.1374607025424,188.2366291671557
2025-05-14 12:00:00,2344.27040705655,664.8750571481555,188.822174081433
2025-05-14 13:00:00,2279.715504756416,671.7185362940305,181.10957333257906
2025-05-14 14:00:00,2249.427035020496,633.5105058613367,146.79774356370328
2025-05-14 15:00:00,2178.711384600324,634.0527211482757,164.46928638619127
2025-05-14 16:00:00,2097.152018604102,570.5141050757655,163.95843971096863
2025-05-14 17:00:00,1978.51987365764,590.5072555293783,141.37430683594044
2025-05-14 18:00:00,1843.0428920830423,610.2062998853324,146.67256353746058
2025-05-14 19:00:00,1975.856040786168,604.6757605280235,125.30488335486986
2025-05-14 20:00:00,2023.175941787481,598.7598924677902,138.91251039523056
2025-05-14 21:00:00,2044.060044996777,608.3751325073142,155.02263341239077
2025-05-14 22:00:00,1724.1026734673922,513.6158958346897,154.23773954765562
2025-05-14 23:00:00,1541.1395990718224,487.7982144670325,126.0535217783552
2025-05-15 00:00:00,1238.3357937256612,436.06406217376576,97.71613859844958
2025-05-15 01:00:00,858.1459409593022,292.14612959531553,67.2531315872142
2025-05-15 02:00:00,645.2461587706797,246.20158902813486,49.92285659974557
2025-05-15 03:00:00,524.9041602053277,170.3565337530411,34.179442794297664
2025-05-15 04:00:00,538.860446533283,162.1542659909085,36.119085358581486
2025-05-15 05:00:00,729.8353178453664,245.57968760075,53.424644448156016
2025-05-15 06:00:00,1125.0066969007298,374.62960244348704,92.52629255660986
2025-05-15 07:00:00,1504.1198925191104,578.9959712200433,132.04760362684416
2025-05-15 08:00:00,1856.036861609894,629.3117306604271,158.46687726505635
2025-05-15 09:00:00,2112.8027811804022,686.3650896959022,185.82963135713754
2025-05-15 10:00:00,2304.2498899046477,719.0027154072161,174.27804878354968
2025-05-15 11:00:00,2321.363102969819,789.375463129355,153.81051226096915
2025-05-15 12:00:00,2195.3478360825957,769.3146321236378,167.9280967112399
2025-05-15 13:00:00,2093.4803493137933,699.3275412808474,151.83635314413422
2025-05-15 14:00:00,2229.348373437339,641.4731618875195,173.85079682686094
2025-05-15 15:00:00,2017.8777781064039,653.537952166798,152.85547001720917
2025-05-15 16:00:00,1958.0477114928638,729.5933047732401,153.29463361614478
2025-05-15 17:00:00,1811.34809743389,666.588559799395,159.54221193508664
2025-05-15 18:00:00,1914.7033603296331,625.7537088862705,132.00040626534042
2025-05-15 19:00:00,1903.4623341769613,684.0430761926768,159.36957685875626
2025-05-15 20:00:00,2034.514376744189,706.2044948844676,126.77505237631654
2025-05-15 21:00:00,1831.8627257407402,643.9724640861332,153.3286560190598
2025-05-15 22:00:00,1764.9771330604322,573.554289326906,130.76333667673947
2025-05-15 23:00:00,1436.3317697748616,471.5656437300433,121.61925527035613
2025-05-16 00:00:00,1221.5283033012618,429.56694416387035,63.38950375446761
2025-05-16 01:00:00,833.3139526545748,295.5843832777737,45.42910534573077
2025-05-16 02:00:00,686.4702676759932,223.09542352878768,44.43534890061408
2025-05-16 03:00:00,542.6482365955005,177.46436403910485,31.695573633535115
2025-05-16 04:00:00,519.7151141443644,199.64441576276312,32.10933161351224
2025-05-16 05:00:00,780.2823611093061,258.3486059109528,44.36323102601585
2025-05-16 06:00:00,1116.7172747973839,455.2946237025149,78.14519170278251
2025-05-16 07:00:00,1543.8784331584968,551.9425481779142,100.97466148899416
2025-05-16 08:00:00,1897.6226606295345,759.8547637217931,122.94444545001058
2025-05-16 09:00:00,2046.331539487041,772.9109062923709,117.48616344598665
2025-05-16 10:00:00,2319.54862751631,763.2652366913952,148.83230119318307
2025-05-16 11:00:00,2329.3534229180177,872.971814032226,125.42718986529063
2025-05-16 12:00:00,2168.196612051561,860.9975463478038,128.01967831276815
2025-05-16 13:00:00,2178.9805593067276,752.320274921864,114.63859101816485
2025-05-16 14:00:00,2110.1166490379305,762.6619886242541,130.2575498168281
2025-05-16 15:00:00,2102.1643968273806,726.2082062891326,144.78147595648122
2025-05-16 16:00:00,1993.97395108134,735.658594661519,129.59853629928105
2025-05-16 17:00:00,1895.952613173544,712.4482872245846,115.36924996267075
2025-05-16 18:00:00,1934.9208491667823,673.6861914907802,118.53970669834509
2025-05-16 19:00:00,1887.022101867796,628.5945135620377,119.1442310243883
2025-05-16 20:00:00,2053.695718788996,688.8360428979172,122.02534757472006
2025-05-16 21:00:00,1946.428463729657,732.871397326695,123.4835299876641
2025-05-16 22:00:00,1685.0936597146506,624.3243592551279,95.68783974054267
2025-05-16 23:00:00,1512.3394386483974,524.6860757280023,92.187758346189
2025-05-17 00:00:00,1412.778366384884,439.9280842627509,58.506357478494444
2025-05-17 01:00:00,1035.3130142276937,326.76430667446584,56.069760364325596
2025-05-17 02:00:00,791.1020598465794,271.3695531676494,35.07655610076691
2025-05-17 03:00:00,604.9663904197077,193.1932914795637,36.136344194375084
2025-05-17 04:00:00,601.6014725564769,207.3196700154006,23.09909933516697
2025-05-17 05:00:00,885.9160339094524,296.04971160731196,54.69188558823287
2025-05-17 06:00:00,1278.2499408402384,445.21891192836205,56.74798443263052
2025-05-17 07:00:00,1810.7645640207993,583.8567498861893,82.57462240890611
2025-05-17 08:00:00,2318.583352187283,729.0459918794411,120.02943364391159
2025-05-17 09:00:00,2525.769944939796,832.3471429520653,139.2551055146227
2025-05-17 10:00:00,2534.6646331683905,851.890106205301,132.79883021304522
2025-05-17 11:00:00,2507.3221097846385,883.7129022583163,149.5150509591982
2025-05-17 12:00:00,2690.9624720871007,872.1194953913708,122.2344171363657
2025-05-17 13:00:00,2502.8089091612674,920.082688744264,124.87732616226337
2025-05-17 14:00:00,2427.084872546254,831.2177966612728,124.37551183650692
2025-05-17 15:00:00,2403.4301077148025,729.312034296223,118.64854929237546
2025-05-17 16:00:00,2262.337122069237,827.0403188944335,97.06625401881962
2025-05-17 17:00:00,2349.893547287812,742.5355613785563,117.2503234131106
2025-05-17 18:00:00,2161.356857833339,795.7107461925068,112.26302454740461
2025-05-17 19:00:00,2281.7325055783595,781.1601403575877,127.65792156211137
2025-05-17 20:00:00,2263.327697319073,731.6018403750173,101.21130120868742
2025-05-17 21:00:00,2350.2998412828083,776.119694628599,109.43298438988413
2025-05-17 22:00:00,2025.4137258164612,648.112917368488,118.22544986405063
2025-05-17 23:00:00,1740.1603168477461,564.050853546488,91.21749483031823
2025-05-18 00:00:00,1446.530047804226,522.8969309099439,87.95216564803373
2025-05-18 01:00:00,1054.5554136452117,390.0310259135724,63.65811382609605
2025-05-18 02:00:00,789.753434885363,291.37538216530317,48.05844885835964
2025-05-18 03:00:00,625.4435159932048,225.6027030530388,44.11557517274381
2025-05-18 04:00:00,649.8164145820217,246.70472649172288,36.468831806046516
2025-05-18 05:00:00,886.2998185601558,318.9597793690949,47.412547711842315
2025-05-18 06:00:00,1354.6242238890827,446.0332914142068,84.7750699530412
2025-05-18 07:00:00,1863.9543080463511,619.7528002174722,102.39401530625872
2025-05-18 08:00:00,2308.5308977129343,873.2610449965348,132.05988868365404
2025-05-18 09:00:00,2531.9295963424315,911.651935359645,156.03695448833744
2025-05-18 10:00:00,2713.4919627550034,967.8465040738948,143.48465144253709
2025-05-18 11:00:00,2664.505159470447,930.8285573745694,148.07963374655517
2025-05-18 12:00:00,2510.2252967142554,917.2151014055715,161.66618476354418
2025-05-18 13:00:00,2563.351229715949,880.2049125321155,141.126079931197
2025-05-18 14:00:00,2446.917404227218,921.9658996104404,163.35699059531805
2025-05-18 15:00:00,2353.821694172295,879.0960384193644,129.37005116758021
2025-05-18 16:00:00,2419.2648470667186,878.6592349323319,125.99295791972591
2025-05-18 17:00:00,2339.7609818393307,837.755111817446,162.99996912583234
2025-05-18 18:00:00,2264.833027094294,780.5558333827622,109.04236241862527
2025-05-18 19:00:00,2280.2753628002724,744.9575531578507,131.03571664944667
2025-05-18 20:00:00,2183.719074382405,762.589696241305,162.20226577121184
2025-05-18 21:00:00,2220.566923178729,944.8956953410068,134.72037267278904
2025-05-18 22:00:00,2167.157569999777,785.8394197534582,137.76407074910247
2025-05-18 23:00:00,1685.227394594155,660.0546660698129,108.80575813133451
2025-05-19 00:00:00,1374.1070065372799,362.83512639291064,92.1306901286393
2025-05-19 01:00:00,969.1469882507481,274.4393724373606,66.47989954216553
2025-05-19 02:00:00,747.7946303520614,198.9686813853202,39.24690258761769
2025-05-19 03:00:00,590.3243294685257,156.24495734814369,39.59620336264203
2025-05-19 04:00:00,598.0891945476947,158.8192424711916,41.19556703662558
2025-05-19 05:00:00,870.4314332235544,256.16902602574004,60.65910740466528
2025-05-19 06:00:00,1274.4078147837783,372.85260358757296,111.56569355207012
2025-05-19 07:00:00,1722.4590637247516,469.51392552159905,124.7807673193835
2025-05-19 08:00:00,2190.010940216643,594.2783545910348,158.45859107546787
2025-05-19 09:00:00,2357.2822762409805,701.906445755884,187.4937279095167
2025-05-19 10:00:00,2591.480054824032,691.3113896594365,184.98583359403395
2025-05-19 11:00:00,2735.7717121713777,710.3130998817558,172.32351176592547
2025-05-19 12:00:00,2594.6993705911705,707.6475792694522,169.14136085281828
2025-05-19 13:00:00,2488.8714993797953,690.1697894801359,160.19596427937302
2025-05-19 14:00:00,2397.8787061865432,675.4877865332771,171.91628878157636
2025-05-19 15:00:00,2227.704244292147,633.1735465037245,157.77083496078166
2025-05-19 16:00:00,2209.9957575824087,620.0765189771639,167.18969268292207
2025-05-19 17:00:00,2276.6962175038875,576.7241111661439,133.6262124034232
2025-05-19 18:00:00,2078.482146606387,545.4698362752094,147.34842887352818
2025-05-19 19:00:00,2095.7164936829236,590.0984508333771,170.35912689919826
2025-05-19 20:00:00,2187.78288306741,634.2793071531854,146.35399260476007
2025-05-19 21:00:00,2132.7572315236503,569.4442940388504,179.90082763449357
2025-05-19 22:00:00,1888.9664715081162,550.1816418576968,135.84853263493724
2025-05-19 23:00:00,1651.1891156092186,476.46633654962193,112.15419183996917
2025-05-20 00:00:00,1363.7810784566293,445.61062856586534,96.53884048396576
2025-05-20 01:00:00,1001.7808055459512,353.02318081881435,67.38083661988618
2025-05-20 02:00:00,755.6611675772447,291.6443860843511,41.37763636162254
2025-05-20 03:00:00,631.3319156105115,223.39901328234754,46.454339042013835
2025-05-20 04:00:00,605.7793872789974,193.91944150401793,51.42027310524779
2025-05-20 05:00:00,893.2561974367156,323.9161623446035,64.37425499598868
2025-05-20 06:00:00,1358.2695284810156,450.2726526998365,96.40081043814448
2025-05-20 07:00:00,1829.580937293406,663.7947376942784,122.73756778454788
2025-05-20 08:00:00,2232.6009015310806,760.5443334155059,172.58581611352434
2025-05-20 09:00:00,2558.7494994138806,880.8733076604806,171.42452891199878
2025-05-20 10:00:00,2700.2523531877414,902.8223334664646,185.91408556420507
2025-05-20 11:00:00,2627.4255263253876,922.6873309086129,149.39051860376398
2025-05-20 12:00:00,2594.0017665134674,880.1966525476413,166.3220810325225
2025-05-20 13:00:00,2470.4224283405324,873.589204551971,178.99649186950478
2025-05-20 14:00:00,2428.1953147316076,820.5275480165384,186.23753906680463
2025-05-20 15:00:00,2490.282761594126,872.7223529846443,182.98671705310127
2025-05-20 16:00:00,2404.82154751699,837.6382704691696,134.256084845516
2025-05-20 17:00:00,2304.060455493267,733.3553632230521,130.2950718992762
2025-05-20 18:00:00,2217.2560590815115,806.2448398025809,159.4388102155202
2025-05-20 19:00:00,2215.376424802431,767.0758913989583,138.6341008260531
2025-05-20 20:00:00,2319.381029260169,801.7919233476636,170.09158737023444
2025-05-20 21:00:00,2334.5480511385967,824.9902784284023,127.73875792744937
2025-05-20 22:00:00,2076.221441279907,719.2360175623531,136.54468072784456
2025-05-20 23:00:00,1706.8322302408508,632.2650465814181,116.24293952696208
2025-05-21 00:00:00,1316.8773607045878,365.7827244116998,92.64080003249359
2025-05-21 01:00:00,933.2399931416861,284.98737415697155,57.230731802342696
2025-05-21 02:00:00,712.7289693908407,206.19827448868776,38.30004277295365
2025-05-21 03:00:00,568.6264166922881,169.1779414130148,39.916266035153306
2025-05-21 04:00:00,556.6471936463296,164.9609956137245,40.588629517540525
2025-05-21 05:00:00,797.1182599540828,252.4889222148816,62.69307707893819
2025-05-21 06:00:00,1234.748662841516,366.80928111303047,80.8600783211622
2025-05-21 07:00:00,1797.2595439848758,476.85321200647957,125.35784716683592
2025-05-21 08:00:00,2018.0962652245473,578.3830113345615,149.1114877337752
2025-05-21 09:00:00,2293.642629558062,668.356325842797,181.75475037639492
2025-05-21 10:00:00,2372.644953185891,677.3271523945267,165.89297050804558
2025-05-21 11:00:00,2358.645666630747,664.239259985842,135.0235347544843
2025-05-21 12:00:00,2447.030678024041,615.898480041715,161.7588447019777
2025-05-21 13:00:00,2246.0800138978448,619.7591010996467,160.53128160331715
2025-05-21 14:00:00,2225.2015670706987,723.3923500357522,165.42526277174667
2025-05-21 15:00:00,2111.698286608375,626.1813025275391,128.04529833511214
2025-05-21 16:00:00,2107.3721467932564,688.1315163103751,144.50276502419862
2025-05-21 17:00:00,1963.7494721752157,615.3120223556634,156.69480961107843
2025-05-21 18:00:00,2029.237092004366,582.2088821748423,136.9550120453477
2025-05-21 19:00:00,2162.20431348285,544.3296064834462,134.69599915031395
2025-05-21 20:00:00,2041.0224737122269,603.6780510911707,172.78127350690636
2025-05-21 21:00:00,1966.1477345547116,658.7849055344016,126.66532105204824
2025-05-21 22:00:00,1881.305268196261,577.5854240554836,144.48230874916217
2025-05-21 23:00:00,1519.9747834160887,460.1046545449954,119.67622142249483
2025-05-22 00:00:00,1237.5082299448368,336.2862813634288,97.08299313928798
2025-05-22 01:00:00,866.673498709005,248.41098947261227,72.53143425282754
2025-05-22 02:00:00,648.1654502960031,188.62365569295676,54.76282939623586
2025-05-22 03:00:00,528.9187090955874,168.29731281754218,45.164917534912355
2025-05-22 04:00:00,531.8968411903179,167.56992523926453,40.611458164859066
2025-05-22 05:00:00,761.8115992284659,230.77070201387556,60.926423558574605
2025-05-22 06:00:00,1124.9114711679795,335.1512830956595,91.40154227025137
2025-05-22 07:00:00,1559.520122606416,502.63647515524593,126.1056181661826
2025-05-22 08:00:00,1852.6768680108803,545.6523307642616,154.68280236751153
2025-05-22 09:00:00,2179.937148817232,644.4838244349039,136.10973550605274
2025-05-22 10:00:00,2149.9828977516113,689.8499613255251,190.55191199709213
2025-05-22 11:00:00,2224.280055900008,643.5239055542615,176.96235516031874
2025-05-22 12:00:00,2256.3259421710122,638.5397986119232,146.93138400786071
2025-05-22 13:00:00,2174.2779769022927,620.6764042181076,172.8524768542267
2025-05-22 14:00:00,2158.9854817759474,676.7144126625714,169.6903587334114
2025-05-22 15:00:00,2077.4381431769716,678.0327982596735,197.3426331800598
2025-05-22 16:00:00,2094.0285441308533,607.9895939482783,159.11308395666612
2025-05-22 17:00:00,1992.444402751752,571.6245750370355,173.5345611130671
2025-05-22 18:00:00,1901.5622156420102,543.7689174541291,179.9093873134475
2025-05-22 19:00:00,1937.7780520744695,563.2529177682053,146.6989091229159
2025-05-22 20:00:00,1982.9908132830437,563.7242581763293,161.01265355291943
2025-05-22 21:00:00,1918.4453398025876,576.4204154269751,192.1068327539436
2025-05-22 22:00:00,1663.6607665664724,525.707923636572,147.60075136386249
2025-05-22 23:00:00,1478.5120335708925,427.1950599936263,126.69278061277008
2025-05-23 00:00:00,1151.5554826385217,411.84755337657003,101.91383053564893
2025-05-23 01:00:00,855.05544335661,301.3547373071105,83.78850078833882
2025-05-23 02:00:00,610.4117658252502,226.16954721733381,58.661321491789316
2025-05-23 03:00:00,492.2292261160844,181.11533319365515,38.06024464771275
2025-05-23 04:00:00,501.22089488583373,188.03443745686832,44.7257082343599
2025-05-23 05:00:00,726.8458812337274,244.0294201023126,59.69252113488894
2025-05-23 06:00:00,1026.4463728758087,427.30120809000584,103.07693752091059
2025-05-23 07:00:00,1505.078098779156,549.4111334473292,126.11374360338144
2025-05-23 08:00:00,1730.007901038528,688.2957767248652,180.34532610746203
2025-05-23 09:00:00,1993.6154967468578,776.7099019709624,193.39518077939002
2025-05-23 10:00:00,2230.295771886823,760.606821276065,174.7336410019507
2025-05-23 11:00:00,2248.03212470307,749.1924679232508,190.3375127905063
2025-05-23 12:00:00,2027.1742616002464,730.5874518956931,210.4719969475616
2025-05-23 13:00:00,2028.8358317767882,741.4219433188688,216.36231202171655
2025-05-23 14:00:00,2019.6272512871133,764.2356573464737,171.09417821514617
2025-05-23 15:00:00,2074.9609994664247,703.9008477375379,163.7318694538893
2025-05-23 16:00:00,1899.3743514718503,726.514358284231,219.2162877916332
2025-05-23 17:00:00,1820.1229066368987,598.5727784622858,173.20162145149297
2025-05-23 18:00:00,1860.9528161314745,641.498155572356,169.32009048786253
2025-05-23 19:00:00,1775.1685672064914,694.5259328956623,155.12979430682995
2025-05-23 20:00:00,1881.8991266357373,670.4147813460304,177.4211475768954
2025-05-23 21:00:00,1768.5901306120893,648.8920242641506,205.55046431404887
2025-05-23 22:00:00,1633.8590957867798,582.5052708745715,158.55189088828317
2025-05-23 23:00:00,1323.6502662305375,434.13663545592425,145.4861643028495
2025-05-24 00:00:00,1342.2895613914409,400.0824624218052,84.51822433424229
2025-05-24 01:00:00,1035.0364462963491,323.3398773746363,54.77311814804675
2025-05-24 02:00:00,762.4528461313131,225.68713963677035,43.07504647285913
2025-05-24 03:00:00,609.3478866856738,182.80409105664518,32.92591132485159
2025-05-24 04:00:00,589.8386894435029,162.56879249693932,37.564198010580604
2025-05-24 05:00:00,881.9562773993551,248.62619985103362,61.217569533894924
2025-05-24 06:00:00,1332.2134278220767,424.9600174863841,81.88155806013621
2025-05-24 07:00:00,1866.6076581366806,569.0804441455733,106.98870709154568
2025-05-24 08:00:00,2062.4572319830836,634.463832165457,124.0021982826391
2025-05-24 09:00:00,2440.1968455964675,736.6858555018725,158.04023561699123
2025-05-24 10:00:00,2633.7893805291096,796.426521373906,138.34456390094172
2025-05-24 11:00:00,2602.5418162508377,747.854160157037,139.4797994947993
2025-05-24 12:00:00,2589.0265761332503,703.2141725812608,171.1488811895651
2025-05-24 13:00:00,2516.8970599308354,754.0118579936877,147.6169667453499
2025-05-24 14:00:00,2440.1032043675505,769.2919823807238,145.1007180917627
2025-05-24 15:00:00,2376.0113993363043,754.4821816097642,144.21865174546664
2025-05-24 16:00:00,2333.431003568685,744.8950083488284,154.36891130756047
2025-05-24 17:00:00,2322.613315406683,633.0479994444286,139.546536879274
2025-05-24 18:00:00,2131.581987193878,663.729069956881,121.90835419696266
2025-05-24 19:00:00,2184.6213014465548,656.9999935585224,123.12150048427758
2025-05-24 20:00:00,2261.9372933665354,681.6000348024263,134.19907064008865
2025-05-24 21:00:00,2348.483180500297,677.475683234042,141.57388734473108
2025-05-24 22:00:00,1985.8018386769497,589.6519677724643,121.52710369968685
2025-05-24 23:00:00,1738.1582679785365,439.7274494860934,101.73623828058257
2025-05-25 00:00:00,1366.2240107853236,482.67694879736325,114.00941993923722
2025-05-25 01:00:00,964.1375972633455,339.52372512707467,82.63224966635211
2025-05-25 02:00:00,724.9509451137069,234.20315598230476,57.34744087040902
2025-05-25 03:00:00,581.8766857261444,207.84882438522965,56.480903487887616
2025-05-25 04:00:00,571.3315768620772,194.79657649334078,46.84619981856511
2025-05-25 05:00:00,867.7704989988812,287.31103079900623,73.81339316391751
2025-05-25 06:00:00,1269.765545435856,420.29971311481233,84.21158059359745
2025-05-25 07:00:00,1746.2556327333675,615.8552400862769,145.53831612261294
2025-05-25 08:00:00,2058.481529278509,706.8979482331324,160.8280423174982
2025-05-25 09:00:00,2321.087343072749,781.610908357565,183.196331027056
2025-05-25 10:00:00,2653.742156095794,913.7688108244943,271.39990034596644
2025-05-25 11:00:00,2479.6463202779523,854.7851400969233,219.81633649363786
2025-05-25 12:00:00,2391.800838473837,839.8375772447121,237.82049595082535
2025-05-25 13:00:00,2480.8925730669635,853.053620685299,223.849903086692
2025-05-25 14:00:00,2368.549900416143,786.8660024628746,223.31275016226087
2025-05-25 15:00:00,2339.9130499710723,778.7074075011105,193.52230240998034
2025-05-25 16:00:00,2234.9271979514447,787.7635710864558,226.1838209187481
2025-05-25 17:00:00,2129.805666945826,688.0963098950073,201.47491863581928
2025-05-25 18:00:00,2068.1050809732137,726.6646370708534,179.27241418057724
2025-05-25 19:00:00,2009.0750168654627,696.6356083616752,184.6023195108871
2025-05-25 20:00:00,2143.654188418135,774.3049260793217,181.84149788062524
2025-05-25 21:00:00,2166.6981085237458,763.1978408267023,185.61420947358474
2025-05-25 22:00:00,2011.1462042806209,674.9349377360743,163.47386762929125
2025-05-25 23:00:00,1620.4306767610565,515.8506695203711,144.57500815407013
2025-05-26 00:00:00,1143.174753191996,412.8190110720092,94.66720825825664
2025-05-26 01:00:00,892.4745842303691,286.2995928738109,50.69826699133362
2025-05-26 02:00:00,727.8379594362785,228.9757241491312,49.49174784776707
2025-05-26 03:00:00,558.0640515206046,164.15823563769231,34.085281782078404
2025-05-26 04:00:00,521.8520654426104,167.65005061666344,39.56421391236291
2025-05-26 05:00:00,798.433094826767,281.8143650034346,49.32785070591287
2025-05-26 06:00:00,1144.0073504641869,403.4188908247351,79.50799474180572
2025-05-26 07:00:00,1544.9367880050759,535.4271220464462,102.81139332674354
2025-05-26 08:00:00,1947.391889951154,637.8579356497382,104.13712151232339
2025-05-26 09:00:00,2212.7529461694294,709.5364764819566,170.8421681822515
2025-05-26 10:00:00,2195.3485248432776,793.5222960870881,135.52933629295617
2025-05-26 11:00:00,2231.538328131193,769.2003768657793,151.56963857621
2025-05-26 12:00:00,2262.4426783932718,824.7735318143219,130.58224854631825
2025-05-26 13:00:00,2181.950832486537,742.118390350036,122.99914279901455
2025-05-26 14:00:00,2198.278863344691,739.7758534174213,138.5169321274948
2025-05-26 15:00:00,2058.284210121644,674.2888515567735,129.89610255873762
2025-05-26 16:00:00,2117.2839945781157,692.0001287242561,118.14634891451804
2025-05-26 17:00:00,1922.6589476037047,680.3830574478716,129.04866301383512
2025-05-26 18:00:00,2010.9975862189642,640.5824096052787,105.19042164672027
2025-05-26 19:00:00,1841.0569575792406,640.6445373794784,127.69266244683173
2025-05-26 20:00:00,1927.7238154348192,685.2753606553264,127.76099992473436
2025-05-26 21:00:00,2011.574322150173,724.0407206492275,94.78859132079066
2025-05-26 22:00:00,1851.9358258199034,604.6139604750671,108.77199920952647
2025-05-26 23:00:00,1509.453957994761,535.7463583118323,102.42320643388685
2025-05-27 00:00:00,1231.386749456326,423.45681105105734,85.77891103338871
2025-05-27 01:00:00,887.5905624764912,316.610516800117,74.8577043240655
2025-05-27 02:00:00,651.1571707139003,220.61619730072866,56.10709424105686
2025-05-27 03:00:00,532.908542553649,181.38100347624868,38.44362966500283
2025-05-27 04:00:00,511.54485660577126,177.77837789886783,42.27627541790852
2025-05-27 05:00:00,750.9534096688354,271.05410336212645,67.82111635289233
2025-05-27 06:00:00,1171.1282241177637,407.7716649936295,83.81848474618867
2025-05-27 07:00:00,1541.7684897945571,543.0028936890675,124.42841691771652
2025-05-27 08:00:00,1966.786016902636,689.0629258752435,175.25171641031451
2025-05-27 09:00:00,2108.3030619467486,721.673173104669,158.6983591026323
2025-05-27 10:00:00,2315.246956617318,811.9933250883006,192.71012648032846
2025-05-27 11:00:00,2254.2091466637494,813.0500475112782,161.39535029631554
2025-05-27 12:00:00,2330.12212898316,785.1835611796902,176.13779910677923
2025-05-27 13:00:00,2207.6290034352573,746.704991530783,183.37827285457843
2025-05-27 14:00:00,2229.7195094917142,756.0826061482747,127.50572749022737
2025-05-27 15:00:00,2067.40371987806,685.1902356837738,159.09997850831067
2025-05-27 16:00:00,2061.0060423061573,704.4795846123809,172.16673367696265
2025-05-27 17:00:00,1917.0588404213722,678.0961406036434,161.44307529358
2025-05-27 18:00:00,1884.014698184447,604.7596166341598,143.7827087471412
2025-05-27 19:00:00,1902.8392491307845,664.9249152300802,134.94881285381928
2025-05-27 20:00:00,1931.1089112444315,628.0033620887975,168.306276986536
2025-05-27 21:00:00,1904.1545152674119,654.5446441124028,152.09741706691534
2025-05-27 22:00:00,1685.0299195699308,596.0143571549098,148.5345713869252
2025-05-27 23:00:00,1386.3792662065016,485.2032705986697,123.47278435633343
2025-05-28 00:00:00,1200.0991186223303,392.99239864480455,88.21919794183297
2025-05-28 01:00:00,920.827914863714,287.3823921055615,75.71600960966086
2025-05-28 02:00:00,653.3618845493706,207.89178331205642,47.97533627785402
2025-05-28 03:00:00,530.1853844956274,179.28720076528293,46.648307080454586
2025-05-28 04:00:00,567.2135625814474,164.6732562268887,46.28604829235015
2025-05-28 05:00:00,780.3087841986518,279.30248790248123,66.32305728327317
2025-05-28 06:00:00,1191.904192389407,371.9540835855882,86.83260884609011
2025-05-28 07:00:00,1652.5853912550047,484.7762443595539,155.24219718746204
2025-05-28 08:00:00,2025.0249995794798,599.3916812872237,151.5050859460025
2025-05-28 09:00:00,2136.5476814756257,745.5472350976078,171.6500677564877
2025-05-28 10:00:00,2326.8430236401973,726.6539903903541,175.15611390193902
2025-05-28 11:00:00,2225.557995455635,689.1528934730425,153.3918739865511
2025-05-28 12:00:00,2442.9181607074206,753.7237046656048,195.4463788886243
2025-05-28 13:00:00,2132.025668652438,692.1373601891319,156.93052643968477
2025-05-28 14:00:00,2133.92615973838,717.8340347971929,181.1951260015552
2025-05-28 15:00:00,2091.4406036219248,712.7018604656474,181.74182215518266
2025-05-28 16:00:00,2011.0459045481227,673.1694470456342,167.61196611355436
2025-05-28 17:00:00,2086.285997870182,710.1101382410176,139.43363783107495
2025-05-28 18:00:00,2075.544272900811,564.0224854323471,140.3652277282782
2025-05-28 19:00:00,1929.0977452573593,594.375785146353,104.12830014799924
2025-05-28 20:00:00,1936.2072156726006,628.4783895118755,148.81560503012668
2025-05-28 21:00:00,1884.7494232458967,705.9626447968554,163.80026552533937
2025-05-28 22:00:00,1777.0699706290934,615.6389708676768,130.69434150821965
2025-05-28 23:00:00,1499.55708294669,508.7576929740345,106.18364068227922
2025-05-29 00:00:00,1275.5053354792685,413.37816393787455,54.64237520748682
2025-05-29 01:00:00,956.6957400885764,304.3196728286904,46.75510196008943
2025-05-29 02:00:00,726.5353521673526,228.25994693771597,31.047062000244235
2025-05-29 03:00:00,584.5037171851377,184.42194114534027,30.234882987087467
2025-05-29 04:00:00,562.6542759322514,201.40802038314715,23.14786281789157
2025-05-29 05:00:00,809.0295481212501,272.9539649400306,37.129127423514355
2025-05-29 06:00:00,1264.1618810617533,408.4671004614647,51.4091801681886
2025-05-29 07:00:00,1706.1045913712683,585.504389845727,90.75399100520269
2025-05-29 08:00:00,2140.480180102508,635.5330951847167,92.53809894141445
2025-05-29 09:00:00,2395.8174035090697,777.6505859580111,125.32508263782461
2025-05-29 10:00:00,2362.511151929506,770.8999603017102,102.06197911152309
2025-05-29 11:00:00,2350.509455108467,798.7139467996285,123.99973549885064
2025-05-29 12:00:00,2351.45878678037,772.3366513623137,105.73039441783502
2025-05-29 13:00:00,2274.9430552938584,751.7367851253744,111.09433822571462
2025-05-29 14:00:00,2357.9709758044746,772.4876460954836,87.12022506837258
2025-05-29 15:00:00,2285.0208462954038,756.7935884250301,102.04885948863654
2025-05-29 16:00:00,2272.4490014898115,721.8129219987264,84.73876545362631
2025-05-29 17:00:00,2135.26625251557,711.3655800389577,94.3352435682622
2025-05-29 18:00:00,2054.117538030148,647.3873629553892,74.17815843414768
2025-05-29 19:00:00,2122.6444748142376,702.0321049908777,88.35146426708695
2025-05-29 20:00:00,2139.5860972707596,691.8639767820081,102.65988544062701
2025-05-29 21:00:00,2115.897522419863,682.4842586215229,97.21885644425589
2025-05-29 22:00:00,1957.3863492898242,598.081168124829,70.78736921487044
2025-05-29 23:00:00,1594.5149975281524,519.8015367545895,54.891636835525674
2025-05-30 00:00:00,1240.826951259011,443.9448643849394,73.84288936960569
2025-05-30 01:00:00,894.5595564370003,297.06340871934657,60.063794337911645
2025-05-30 02:00:00,705.9393997281853,212.7545967420893,34.72587494590825
2025-05-30 03:00:00,577.4408801267008,189.64083869335337,38.3447763216281
2025-05-30 04:00:00,546.2019893441892,173.870978380634,30.606502912578915
2025-05-30 05:00:00,833.5440640473514,265.1901697388482,35.48947673407861
2025-05-30 06:00:00,1129.7735388148578,377.5232282538247,55.642591555670215
2025-05-30 07:00:00,1640.3027503587502,567.5349922689592,99.65303073605692
2025-05-30 08:00:00,2009.6124323670645,635.7646614418918,114.23384613601588
2025-05-30 09:00:00,2212.0338484078634,784.1623175851803,146.700707127644
2025-05-30 10:00:00,2527.470205281937,731.7460709995714,115.49561781598165
2025-05-30 11:00:00,2354.1586841094604,756.3642821453012,133.7586715312472
2025-05-30 12:00:00,2287.4414861880773,803.6583781008582,129.65606965068628
2025-05-30 13:00:00,2259.5145957232894,740.4714270304397,124.47471555580526
2025-05-30 14:00:00,2099.911210680445,803.0896576437798,119.39741419847864
2025-05-30 15:00:00,2133.345461579218,699.8013996986236,117.25924130680649
2025-05-30 16:00:00,2182.0063483810377,699.4341591397834,121.16302990305728
2025-05-30 17:00:00,1998.4977968080655,722.7282496809829,117.63540370057704
2025-05-30 18:00:00,1921.5981505130483,593.0532400766264,113.1596541185772
2025-05-30 19:00:00,2050.671338685306,592.5696534483824,125.22703289083923
2025-05-30 20:00:00,2110.373850301764,636.2779185630975,99.10641054530733
2025-05-30 21:00:00,2063.601795277085,687.7795570593667,91.58563471698218
2025-05-30 22:00:00,1787.5687942553734,543.1223627841517,112.53652538617636
2025-05-30 23:00:00,1520.783789442874,512.4320619321775,76.98067867769225
2025-05-31 00:00:00,1325.5874074380206,506.76506216736254,70.16349408190045
2025-05-31 01:00:00,964.475927911733,396.74987260855073,49.98252969522956
2025-05-31 02:00:00,727.5088502211217,286.8983076666705,37.662258504019725
2025-05-31 03:00:00,593.3432777760814,223.90113702682953,27.43828660862829
2025-05-31 04:00:00,574.5344774357845,229.77980614926344,29.955598913385863
2025-05-31 05:00:00,832.6769341614947,325.57634520677027,50.27934194279458
2025-05-31 06:00:00,1303.3123312163063,461.55954872530805,69.8636345922534
2025-05-31 07:00:00,1792.382056096129,613.0043543167628,101.32359792936869
2025-05-31 08:00:00,2284.7250851067947,772.9603591771603,111.36983516256677
2025-05-31 09:00:00,2402.363089079756,890.4012032950909,144.98699368859093
2025-05-31 10:00:00,2590.6407352718,944.2753621715409,131.01118977322707
2025-05-31 11:00:00,2579.5933254599236,835.6704053486236,106.50993653457367
2025-05-31 12:00:00,2490.940161939273,904.529248712256,139.99685655355407
2025-05-31 13:00:00,2498.948222059929,893.3640734300825,143.05159685741447
2025-05-31 14:00:00,2463.871950602702,902.1433144454032,122.25228892508704
2025-05-31 15:00:00,2384.731828825204,928.9481306506822,144.0440495421285
2025-05-31 16:00:00,2286.017007124034,846.6052025860615,112.80016124690171
2025-05-31 17:00:00,2183.366252730406,768.3342070398465,127.62713350123121
2025-05-31 18:00:00,2051.1233330415103,708.8160892952337,136.78202492263273
2025-05-31 19:00:00,2096.4466407120262,807.5617618993418,116.18047242459932
2025-05-31 20:00:00,2167.0762622134907,769.9077987330013,116.0789845921256
2025-05-31 21:00:00,2136.1587160982044,837.3964025618726,117.63396984213671
2025-05-31 22:00:00,1986.832308308603,763.6114175934929,124.5525162524539
2025-05-31 23:00:00,1714.836422320873,559.5498262606014,93.43441553201738
2025-06-01 00:00:00,1272.4219003899213,463.5179306607927,79.88709763128638
2025-06-01 01:00:00,962.7090902769329,350.9194486997616,48.87622199972183
2025-06-01 02:00:00,700.7198120652008,261.7974974042188,33.305971951962135
2025-06-01 03:00:00,576.4547474546641,180.64980309174265,27.056298161488552
2025-06-01 04:00:00,558.7423233703831,188.8634418851774,28.48747440878236
2025-06-01 05:00:00,852.446415386776,271.9318167063711,32.447231969050875
2025-06-01 06:00:00,1223.4914559101833,442.14993439004377,58.76372556905837
2025-06-01 07:00:00,1762.747978853963,604.6213376633204,80.98107197703821
2025-06-01 08:00:00,2085.3234231180236,631.2864094085339,107.0010108879151
2025-06-01 09:00:00,2313.924774967913,803.0274561564305,141.6456991047738
2025-06-01 10:00:00,2386.896283422457,888.398487655217,123.58848575923172
2025-06-01 11:00:00,2479.204550339989,857.3254685307488,96.84965492024328
2025-06-01 12:00:00,2475.459912061624,840.9868737130769,108.10087290149438
2025-06-01 13:00:00,2374.670321692657,800.498256727385,120.37976114402869
2025-06-01 14:00:00,2466.8081261824245,761.6487716360643,116.4783045825766
2025-06-01 15:00:00,2365.7664655837234,785.9675489420529,132.8528488953104
2025-06-01 16:00:00,2197.4901832082396,768.3554892829246,121.5305568505393
2025-06-01 17:00:00,2104.2345941625263,755.9650956723308,116.06578779156725
2025-06-01 18:00:00,2079.9465931783184,733.802989926021,99.58029954835006
2025-06-01 19:00:00,2016.371391880106,716.889116703032,114.74810421689115
2025-06-01 20:00:00,2192.24669688226,772.9984712398078,95.23648702642804
2025-06-01 21:00:00,2144.5329510540623,720.8020417358119,116.5012870454367
2025-06-01 22:00:00,1903.0367477886657,607.7087181735873,90.9864699191089
2025-06-01 23:00:00,1628.166475007372,565.1319089878704,66.92209983637869
2025-06-02 00:00:00,1207.9907430204878,388.7146853257019,100.7462378462958
2025-06-02 01:00:00,848.3479728900339,289.8353708639186,79.83772676138163
2025-06-02 02:00:00,636.8208784121078,201.05233300740605,50.16738338421949
2025-06-02 03:00:00,537.2736454133176,187.79384235537322,49.506714928374166
2025-06-02 04:00:00,518.9300239188432,175.20013368838255,34.07016695618849
2025-06-02 05:00:00,734.9293869763931,245.1281934564541,53.02893106441846
2025-06-02 06:00:00,1101.3250721905933,352.42889397407737,89.01618300511107
2025-06-02 07:00:00,1520.3748511583346,533.3059762426083,119.22727734538205
2025-06-02 08:00:00,1869.8698830333142,587.4739969763758,141.08522915930166
2025-06-02 09:00:00,1998.4908908182388,772.4858521144614,173.09135636298666
2025-06-02 10:00:00,2086.020778451037,709.0796996035939,168.82533780717662
2025-06-02 11:00:00,2115.8850151487727,787.8439604621597,171.29941808519217
2025-06-02 12:00:00,2071.2095345735856,707.1685312147158,180.10947284695814
2025-06-02 13:00:00,2039.8410045839955,749.5604148448409,158.30427465776907
2025-06-02 14:00:00,2082.644144526571,661.5981330396887,166.16483989214652
2025-06-02 15:00:00,1995.812616661096,672.8199847141161,153.21530782931197
2025-06-02 16:00:00,1964.6207708179634,680.4850418733921,139.56709011753003
2025-06-02 17:00:00,1807.7126628867854,647.529927117964,166.44628576483743
2025-06-02 18:00:00,1786.7311257777735,639.0800400059318,176.1477910567285
2025-06-02 19:00:00,1850.1980472551822,595.8255601280997,166.7442994199644
2025-06-02 20:00:00,1902.8125731926673,630.0090935330261,159.2622916863695
2025-06-02 21:00:00,1833.8355624974206,665.3252172849207,143.07708800055374
2025-06-02 22:00:00,1673.7559578468447,539.4989139992431,132.6197032711917
2025-06-02 23:00:00,1495.9350898905886,485.5385690087338,129.00577050909286
2025-06-03 00:00:00,1210.5553542326215,359.7735129989685,83.13953555002108
2025-06-03 01:00:00,870.7127853839297,269.2332294528512,77.73994008861719
2025-06-03 02:00:00,669.1402533253959,202.70400668999545,66.1458990795207
2025-06-03 03:00:00,544.5021834883374,156.8405271121296,43.401944556595524
2025-06-03 04:00:00,530.0816479700252,157.8077933023383,50.73588737837928
2025-06-03 05:00:00,779.4696497618921,235.87051752155938,73.99894534961427
2025-06-03 06:00:00,1110.622309110133,345.72698077312856,88.87765595054312
2025-06-03 07:00:00,1545.5732540865604,513.1321578730254,146.11003160449107
2025-06-03 08:00:00,1935.7396495792216,612.1211233431959,165.32204425998427
2025-06-03 09:00:00,2170.8293267615136,663.9637680633306,207.70281478169963
2025-06-03 10:00:00,2252.455197895812,661.7628618521945,223.6881039415423
2025-06-03 11:00:00,2266.609000569353,656.6333283771577,216.55309451462452
2025-06-03 12:00:00,2238.5785397082177,735.0167978895877,205.26627135957315
2025-06-03 13:00:00,2235.0690240191575,622.791841620798,204.96756884773887
2025-06-03 14:00:00,2142.617484821097,648.6268527820854,170.90190018930372
2025-06-03 15:00:00,2128.9393448224187,643.1711929428716,191.2450326685767
2025-06-03 16:00:00,2020.5637160632302,606.6826443717539,170.86510522263927
2025-06-03 17:00:00,1996.7993989549705,561.4717340482297,199.10312099901012
2025-06-03 18:00:00,1920.6927186228613,549.001531932114,186.02764719380153
2025-06-03 19:00:00,1957.7444534368522,558.7318810491057,187.0287445439362
2025-06-03 20:00:00,2004.5589863856278,569.8269342793859,212.31563265823158
2025-06-03 21:00:00,1997.7127720802293,627.9775702234894,172.72439090467094
2025-06-03 22:00:00,1745.0880022712397,525.1468266494531,150.00745996965608
2025-06-03 23:00:00,1490.6521767154054,433.2407648881401,129.76767614134562
2025-06-04 00:00:00,1266.9490903447265,410.2652657403757,65.2945706850595
2025-06-04 01:00:00,886.2367105562325,309.1138727074965,48.3958239868007
2025-06-04 02:00:00,672.182762523025,223.1784221705578,46.870743593997624
2025-06-04 03:00:00,555.9021768525333,191.48145479035801,30.147016013350978
2025-06-04 04:00:00,548.4635286184177,168.7931030724131,30.757111269134416
2025-06-04 05:00:00,775.171497807865,278.1132478605124,50.372264390906224
2025-06-04 06:00:00,1173.3270996905615,389.8654454354496,72.11124425161219
2025-06-04 07:00:00,1608.5184991517872,533.7450426209714,113.44468944402217
2025-06-04 08:00:00,1851.1688234646,632.63031733857,127.49692748756075
2025-06-04 09:00:00,2200.010666026106,690.68424961043,129.82369889920807
2025-06-04 10:00:00,2312.6232925987692,708.4137002655591,164.7798485976469
2025-06-04 11:00:00,2301.5549373895697,738.6149999029227,160.10661890831784
2025-06-04 12:00:00,2357.902469299054,773.8069861902345,123.38046956197692
2025-06-04 13:00:00,2138.423219123738,700.1530392435935,145.97355832739254
2025-06-04 14:00:00,2130.588530492698,669.2392375605003,129.1643840936991
2025-06-04 15:00:00,1981.2040245628914,677.7563666920405,126.18514061355991
2025-06-04 16:00:00,2054.5247996876274,677.952280698769,160.71396051392034
2025-06-04 17:00:00,1973.0559977221767,650.7605241890352,129.79257706566972
2025-06-04 18:00:00,1902.0733349926345,636.0877511589961,120.9489412542162
2025-06-04 19:00:00,2000.5102310748696,675.8559500672263,125.70936568313054
2025-06-04 20:00:00,2043.055050005879,701.8160833280475,140.1818971004196
2025-06-04 21:00:00,1999.439503001923,726.0258269592897,118.35171737478785
2025-06-04 22:00:00,1758.227052152131,543.0210117466614,107.49734654858659
2025-06-04 23:00:00,1546.6002763836514,478.0999755369569,103.36984181798466
2025-06-05 00:00:00,1320.3964128837379,386.93747318585326,78.25792785947667
2025-06-05 01:00:00,947.7784015741926,268.76167072715856,76.09398642685618
2025-06-05 02:00:00,700.5543478252049,217.14832724642372,43.08637631613761
2025-06-05 03:00:00,588.013835704033,170.36023217643918,41.064064517496604
2025-06-05 04:00:00,595.9466068073292,177.9855626227113,34.203922491660215
2025-06-05 05:00:00,907.1109139800554,253.82038106515836,53.52916870284156
2025-06-05 06:00:00,1264.7678063302867,376.0679995776025,102.0228517558296
2025-06-05 07:00:00,1693.839392995284,480.5970275988166,136.49958459646328
2025-06-05 08:00:00,2047.070252557196,596.9822961531414,168.69847917154289
2025-06-05 09:00:00,2411.2740558822557,662.8379463047186,141.8921050398086
2025-06-05 10:00:00,2368.9282564595023,654.5126166974773,156.48636577411426
2025-06-05 11:00:00,2518.1408705719214,752.643213011112,182.19008392173075
2025-06-05 12:00:00,2488.7660891555506,714.2106042602904,185.75198656009385
2025-06-05 13:00:00,2403.6023603256726,661.5435370367643,153.7129286397593
2025-06-05 14:00:00,2325.197136211359,704.6521209487662,155.39526107169115
2025-06-05 15:00:00,2328.9002087906447,629.749993470075,142.57761826475624
2025-06-05 16:00:00,2244.8617535146277,576.6924487354119,186.7066485792453
2025-06-05 17:00:00,2094.029389299856,635.9950344218083,143.8829942463151
2025-06-05 18:00:00,2177.3032384901194,550.2673985827867,147.19494314257133
2025-06-05 19:00:00,2061.567928208104,584.2745481410601,148.86263400432512
2025-06-05 20:00:00,2186.9235774383865,612.4898207921518,169.81421578083254
2025-06-05 21:00:00,1995.9572048438913,617.750970826948,136.0488657583387
2025-06-05 22:00:00,1974.3907229123945,562.2802051602735,152.15621641133046
2025-06-05 23:00:00,1679.9737597239703,470.0487498751515,98.53299173895024
2025-06-06 00:00:00,1234.5927370456448,380.7874503611881,114.59231495866472
2025-06-06 01:00:00,920.4707907106256,262.0992011884222,60.89412163017164
2025-06-06 02:00:00,698.9027552037069,209.87077086198823,56.127376796724036
2025-06-06 03:00:00,547.2690538285561,155.36291101752352,54.054004704746085
2025-06-06 04:00:00,554.713896054944,176.70118497503753,48.47086256113507
2025-06-06 05:00:00,779.2427845588356,223.45995276143694,68.76440033403115
2025-06-06 06:00:00,1158.9798799800737,348.58006943203407,86.23206648928752
2025-06-06 07:00:00,1666.1834756428025,454.7295158962794,122.66398199385591
2025-06-06 08:00:00,2029.073390354336,572.9756765239438,186.64565174305253
2025-06-06 09:00:00,2171.5756844393986,666.5452513363582,192.08279319397562
2025-06-06 10:00:00,2276.7373126975967,681.0349401706554,210.20844676710664
2025-06-06 11:00:00,2271.7373317172437,734.1358128228053,192.36787875839386
2025-06-06 12:00:00,2316.2622532592773,690.0033539884988,181.53912490871053
2025-06-06 13:00:00,2153.4102642897105,651.1965756120549,197.9006613073514
2025-06-06 14:00:00,2204.2984732071127,652.0321100880153,185.09745863512453
2025-06-06 15:00:00,2183.5374669823095,681.1000382201862,173.20341912832183
2025-06-06 16:00:00,2079.246428641163,654.3090829933836,145.64890217852468
2025-06-06 17:00:00,2053.4579192952183,567.4342345757055,181.74839055345095
2025-06-06 18:00:00,1915.2553571782714,561.7106538152121,166.93485212920584
2025-06-06 19:00:00,1930.9780428812503,597.5303868743569,149.7414527453551
2025-06-06 20:00:00,1942.6126710699152,610.7793532498071,185.76411207805575
2025-06-06 21:00:00,2053.854694037119,570.0018578878595,169.0942198006165
2025-06-06 22:00:00,1740.8778926345462,554.300495455313,150.93384967514166
2025-06-06 23:00:00,1520.977261477168,433.40014722760503,136.13684033661596
2025-06-07 00:00:00,1394.9838498640459,496.639433328131,99.47947936067868
2025-06-07 01:00:00,996.5533948948816,351.9559142534617,70.30915686889762
2025-06-07 02:00:00,766.1334750332644,246.2318420977791,50.672769799136454
2025-06-07 03:00:00,655.3512261680356,205.49489943816891,50.86362027497141
2025-06-07 04:00:00,622.0982625409479,201.2932418257716,37.798370661454655
2025-06-07 05:00:00,877.6150665258577,304.1654359560438,64.77242666616998
2025-06-07 06:00:00,1347.3222158997803,442.1007779371086,87.86092130844298
2025-06-07 07:00:00,1823.160640496167,577.946339188666,127.47414717640258
2025-06-07 08:00:00,2454.7237882406193,697.7915140212826,168.40914907504757
2025-06-07 09:00:00,2530.838495527758,861.4843267496957,161.0274985826217
2025-06-07 10:00:00,2606.5139650326973,892.7246957889777,186.2346781243941
2025-06-07 11:00:00,2726.1446225679265,880.8732173879357,179.03017918609484
2025-06-07 12:00:00,2440.401568162561,871.1256867951317,158.9035914252326
2025-06-07 13:00:00,2517.458564707066,814.0717907047165,189.32137622412043
2025-06-07 14:00:00,2611.5326776090074,834.1548055572534,176.81123478710776
2025-06-07 15:00:00,2416.404412028171,909.7590075971518,153.33518440379837
2025-06-07 16:00:00,2248.0724263031643,834.4569064831187,175.51064197895627
2025-06-07 17:00:00,2238.4657661576675,745.9705914345782,136.7170350455989
2025-06-07 18:00:00,2278.2233338943865,713.1983380010962,144.84751896668467
2025-06-07 19:00:00,2224.780620813914,634.0369534326109,139.3389485476465
2025-06-07 20:00:00,2210.465010613585,795.634851751084,162.43572837935852
2025-06-07 21:00:00,2220.1758214221,785.3115854662727,142.43259520133606
2025-06-07 22:00:00,1984.6282332097057,656.1265064662756,144.78885285515315
2025-06-07 23:00:00,1724.1750686023995,531.0019916773215,120.57463055549665
2025-06-08 00:00:00,1359.7760607319826,368.99107226202324,85.50337486702713
2025-06-08 01:00:00,991.8248913000477,293.46050794174926,78.47409465694896
2025-06-08 02:00:00,741.306014139102,217.3096322489068,45.755999789361255
2025-06-08 03:00:00,571.0140841964325,182.74967753257803,34.17747518179914
2025-06-08 04:00:00,559.92882897625,174.10716240784618,43.19705781974631
2025-06-08 05:00:00,860.3697212730574,264.58966294775684,44.23777632944021
2025-06-08 06:00:00,1205.8262318394227,380.25318017045515,98.93135264669445
2025-06-08 07:00:00,1705.1392739679864,532.1507409618055,117.95190732934167
2025-06-08 08:00:00,2115.7805397450766,562.3077790872935,120.6238905606275
2025-06-08 09:00:00,2277.886828332996,659.5909707669307,143.5458624755569
2025-06-08 10:00:00,2397.7825417821496,723.0199515489729,138.16270247876741
2025-06-08 11:00:00,2450.3594324608953,770.7953336345445,173.95760167793807
2025-06-08 12:00:00,2444.4200315321946,784.1155310681654,140.3684389161207
2025-06-08 13:00:00,2422.380550829705,695.9028728453266,168.6431908687987
2025-06-08 14:00:00,2357.2027116094896,670.6747552899704,152.39873517548125
2025-06-08 15:00:00,2276.273451024491,613.261901089712,146.50526498762085
2025-06-08 16:00:00,2167.586054251502,687.6297249299021,158.8036852244041
2025-06-08 17:00:00,2057.6717263274572,615.6117193983921,153.94120037211647
2025-06-08 18:00:00,2022.3821823955407,699.2767942045066,156.78090966957828
2025-06-08 19:00:00,2086.8529912077533,593.1823210419283,130.66293412336552
2025-06-08 20:00:00,2141.053034692822,696.8518667062705,143.74990096495554
2025-06-08 21:00:00,1996.7146556170476,655.3392297064495,134.30429332042414
2025-06-08 22:00:00,1848.1274751468031,535.3875812663033,130.73867781996654
2025-06-08 23:00:00,1654.0191017915981,482.4802295382309,99.63813915065042
2025-06-09 00:00:00,1159.5274320813949,466.6211147328613,74.54634215660296
2025-06-09 01:00:00,818.2316851580886,327.6327775730587,54.924826745405504
2025-06-09 02:00:00,691.2748500230298,262.4020188330931,45.190071059245895
2025-06-09 03:00:00,526.1667037413191,212.8234668185298,35.57232457431249
2025-06-09 04:00:00,521.968236853417,206.58118228388625,36.78424420289621
2025-06-09 05:00:00,758.6456087164775,291.4783877126926,50.07986958768468
2025-06-09 06:00:00,1094.7751119982288,405.6266690024476,70.01314136027766
2025-06-09 07:00:00,1482.0842786393987,586.0102765539662,104.27534036863926
2025-06-09 08:00:00,1957.8714573930854,724.7687445336055,112.43634647736361
2025-06-09 09:00:00,2130.083097853698,732.5060927650948,148.53911967725617
2025-06-09 10:00:00,2223.60075226942,852.0668558997362,142.25827934811983
2025-06-09 11:00:00,2198.356914259247,837.255921577154,149.33639206607563
2025-06-09 12:00:00,2063.380594770106,773.612458836258,146.76964051094393
2025-06-09 13:00:00,2145.9578676769142,792.63937301977,164.16449551055592
2025-06-09 14:00:00,1993.4542418154022,781.783522839705,143.55532037949843
2025-06-09 15:00:00,2016.6878602139873,850.5781860867513,136.18869976010788
2025-06-09 16:00:00,1860.737799701774,766.252360327561,121.82345056543488
2025-06-09 17:00:00,1762.1707375188055,762.9672137998502,137.1451474217607
2025-06-09 18:00:00,1823.7471132497242,698.8300576282536,118.5052459691989
2025-06-09 19:00:00,1776.76761406431,642.7197647183824,102.50362831291478
2025-06-09 20:00:00,1764.8684769086183,750.1844900437175,123.52980504890157
2025-06-09 21:00:00,1896.8961486246233,703.4217180958447,128.80652939120932
2025-06-09 22:00:00,1763.9406612032153,636.9804069041688,102.50394547608363
2025-06-09 23:00:00,1465.9158584662512,520.7171134011643,94.07735506410386
2025-06-10 00:00:00,1156.7769528414772,413.1333299401429,87.55992327889608
2025-06-10 01:00:00,858.8285775607687,319.0080550524348,64.63375098475143
2025-06-10 02:00:00,670.4811947416188,241.6011971573996,56.16745137137192
2025-06-10 03:00:00,548.3085076018051,202.26106676181885,34.55195534190348
2025-06-10 04:00:00,516.4264342035148,199.63726869854003,48.17768126293006
2025-06-10 05:00:00,757.1605682232235,240.82244240006673,57.08511403306903
2025-06-10 06:00:00,1123.4146711771727,370.9046206160812,89.66821571540848
2025-06-10 07:00:00,1546.3287701046363,490.9816140789614,116.92133575931929
2025-06-10 08:00:00,1853.0475555658338,677.2716034113354,114.5644779190967
2025-06-10 09:00:00,2077.7599675687616,711.9121339735173,139.84345787136937
2025-06-10 10:00:00,2271.2066296499916,754.4259872010522,156.23377645570852
2025-06-10 11:00:00,2250.2414477889733,761.0423596959857,182.57198918869634
2025-06-10 12:00:00,2164.3186933779825,768.6255655588288,137.5360337551631
2025-06-10 13:00:00,2184.845124063564,683.6827837579478,143.2734446935655
2025-06-10 14:00:00,2031.9288600691395,681.5807470909261,158.3403229805556
2025-06-10 15:00:00,2104.4811604505676,711.3809987657171,160.2694740419014
2025-06-10 16:00:00,1991.867867698049,733.4869897492433,155.71797956366098
2025-06-10 17:00:00,2052.179085445159,663.5866571264544,127.25334638689391
2025-06-10 18:00:00,1758.5058256559814,618.127284309813,113.95493485726517
2025-06-10 19:00:00,1794.088457801081,579.1850034652388,146.61999717135325
2025-06-10 20:00:00,1902.3897533630663,695.021458799984,164.48707469633786
2025-06-10 21:00:00,1901.257297207862,640.7504236586385,137.09200703928923
2025-06-10 22:00:00,1767.3245701967644,559.3272884796725,111.2176660252263
2025-06-10 23:00:00,1394.077356073524,460.2916463240486,102.58552688656837
2025-06-11 00:00:00,1203.9705052640988,376.4513396021272,96.38117389174167
2025-06-11 01:00:00,894.1213584963139,284.5196308986976,66.45324039640606
2025-06-11 02:00:00,673.4793055361122,224.9484335890594,59.907415904453025
2025-06-11 03:00:00,522.7493675034759,174.26576739018498,46.51678317331836
2025-06-11 04:00:00,547.6057537884343,183.17816338527192,42.304098840810525
2025-06-11 05:00:00,789.4480596568717,259.85081143408445,47.38185968913996
2025-06-11 06:00:00,1141.7151654854106,428.50231066052504,81.77710015839011
2025-06-11 07:00:00,1542.7150902011772,484.9684721091687,113.596161958917
2025-06-11 08:00:00,1884.9043198543827,650.4354580357596,135.54168577740614
2025-06-11 09:00:00,2094.5371604142024,729.38012914568,168.65721165625678
2025-06-11 10:00:00,2241.321237481715,720.8776559978298,177.30030659866645
2025-06-11 11:00:00,2193.544928008136,758.6388908998961,141.28600130795735
2025-06-11 12:00:00,2099.5708887239757,768.5818934062775,184.0247091051239
2025-06-11 13:00:00,2037.678239325044,726.6680711116277,165.5346436014105
2025-06-11 14:00:00,2024.8829597997676,760.3980256609996,169.11824491683382
2025-06-11 15:00:00,2039.7960375398195,624.9239191718926,172.4407096369825
2025-06-11 16:00:00,1974.3509188908522,653.0651039772137,142.63545426320502
2025-06-11 17:00:00,1905.0172835926367,699.0322512873337,169.36617701164354
2025-06-11 18:00:00,1857.5948960441597,659.0794169666216,142.00189121073845
2025-06-11 19:00:00,1809.9710390268442,651.3686603766225,168.74942082843555
2025-06-11 20:00:00,1971.1417254145315,691.3991406714059,134.65357960761358
2025-06-11 21:00:00,1879.470375804779,591.984220869441,172.25788958404453
2025-06-11 22:00:00,1667.6695874872619,604.0454336733211,119.89450053334409
2025-06-11 23:00:00,1450.4798653370174,518.529435777973,143.72553777003728
2025-06-12 00:00:00,1248.1588490094584,362.52305901905896,77.85535145641722
2025-06-12 01:00:00,949.5415024737447,311.50687115567257,71.37486517471099
2025-06-12 02:00:00,761.5147897364257,212.96421948867837,46.97972808709871
2025-06-12 03:00:00,574.0655444368435,153.5070325674852,42.8800232704038
2025-06-12 04:00:00,610.3261759204589,171.5588835214008,38.87266049789245
2025-06-12 05:00:00,892.222831926484,235.1745588308869,49.80929893962449
2025-06-12 06:00:00,1245.21340661092,378.2861458640855,57.89166812572775
2025-06-12 07:00:00,1731.7419900582438,501.8591840300957,144.05311586004444
2025-06-12 08:00:00,2162.404982691771,579.544670974003,139.4203991988874
2025-06-12 09:00:00,2318.9879832605616,717.3474401988829,105.65029374241688
2025-06-12 10:00:00,2524.234877023393,733.3194405522671,167.90195248902168
2025-06-12 11:00:00,2407.0375391795314,670.2113648367779,173.89282893229088
2025-06-12 12:00:00,2374.955530989828,680.0544262339407,146.50875959798708
2025-06-12 13:00:00,2297.165800115365,685.4658598541238,143.12517384688346
2025-06-12 14:00:00,2337.30841886799,647.3233246834662,152.39995622229955
2025-06-12 15:00:00,2342.585221737544,635.4072857309682,169.16871872244366
2025-06-12 16:00:00,2200.382451377092,630.6236091106324,147.48430090063766
2025-06-12 17:00:00,2044.5828136342896,572.2398372250575,161.97688753320904
2025-06-12 18:00:00,1988.8976738724853,520.6804782513129,151.8510594622403
2025-06-12 19:00:00,2085.1314430232674,593.7870885458484,132.6871887236876
2025-06-12 20:00:00,2229.0251514717015,545.2982035684134,116.08720303147805
2025-06-12 21:00:00,2143.1560690486517,574.3634068888981,136.4148521686378
2025-06-12 22:00:00,1869.6495424816546,491.84763885255774,131.78628042052821
2025-06-12 23:00:00,1637.1543845608714,419.82356309594184,106.42340654401956
2025-06-13 00:00:00,1155.537121614296,434.97969903692854,92.02511768498675
2025-06-13 01:00:00,850.1374022163833,311.39432642003567,69.54425115765497
2025-06-13 02:00:00,638.9064993224678,237.49954049005126,51.386863405538456
2025-06-13 03:00:00,555.8762718354228,183.46900328215483,38.41270764539678
2025-06-13 04:00:00,487.4913687582763,186.12938014120934,41.02562961975149
2025-06-13 05:00:00,774.7342480581813,282.6986097399378,69.66552931807992
2025-06-13 06:00:00,1098.2239632467592,406.59436303973354,69.09032409428897
2025-06-13 07:00:00,1500.70789689092,578.3017440803419,118.3022685107687
2025-06-13 08:00:00,1940.1812533898762,710.4060971662279,164.31780380472617
2025-06-13 09:00:00,2034.2310338978368,751.143350455835,134.12860739351046
2025-06-13 10:00:00,2135.648071577142,726.0967976627796,178.6045172758686
2025-06-13 11:00:00,2158.968551635166,764.7882313172738,180.09117495668937
2025-06-13 12:00:00,2150.888703529077,775.3083001203819,132.25773718056317
2025-06-13 13:00:00,2050.014602790396,731.858567545129,165.4893564090982
2025-06-13 14:00:00,1955.319699869254,711.0548257232837,146.9557524779766
2025-06-13 15:00:00,1956.2029384322705,736.90338125614,147.42711538687354
2025-06-13 16:00:00,2023.9120571260646,800.0147480401338,139.56127695063452
2025-06-13 17:00:00,1876.8043516951573,669.9438238006663,158.3280860489647
2025-06-13 18:00:00,1834.901132366044,663.7752734686105,132.5132716061331
2025-06-13 19:00:00,1808.9049703104617,625.209266500104,128.13043245123015
2025-06-13 20:00:00,1838.39661595153,727.417666866275,131.94833159456817
2025-06-13 21:00:00,1960.641715238622,715.1813964371149,133.5287426386558
2025-06-13 22:00:00,1661.3791871233136,635.7223808110327,109.19794356532435
2025-06-13 23:00:00,1399.1949112003833,553.172791769025,99.5192632914375
2025-06-14 00:00:00,1404.5112631571412,432.04268225910164,88.381052910534
2025-06-14 01:00:00,985.6056075306627,320.8656972315031,67.23322991095021
2025-06-14 02:00:00,755.2149892650617,269.1703217490189,55.58417785589173
2025-06-14 03:00:00,625.3928619489927,208.58880567298243,41.080991524642414
2025-06-14 04:00:00,613.3221589476528,177.22905598698424,37.25987148468882
2025-06-14 05:00:00,893.3657162591528,293.43529242595963,50.58603656292105
2025-06-14 06:00:00,1379.4448793531594,410.03493558102434,86.11972036598772
2025-06-14 07:00:00,1795.8736298401066,600.9747495782576,112.48755885332778
2025-06-14 08:00:00,2027.5096424792878,716.9192496031245,137.8057128517411
2025-06-14 09:00:00,2455.6444557308255,721.435034099404,160.25938159144502
2025-06-14 10:00:00,2555.132569507019,837.0176789131098,172.6352222889177
2025-06-14 11:00:00,2543.6187865070824,830.8010023597546,167.43727440036787
2025-06-14 12:00:00,2510.0741377496065,821.2060473889395,156.69876072805155
2025-06-14 13:00:00,2431.5191141875375,809.6931623268539,142.3260466020324
2025-06-14 14:00:00,2394.255711885395,832.3787317830012,143.37107028252535
2025-06-14 15:00:00,2390.431895762209,776.036138367236,164.31043267745827
2025-06-14 16:00:00,2256.03105856631,742.369759968728,139.97119314066154
2025-06-14 17:00:00,2137.429668892159,750.2078089366539,120.12717163531985
2025-06-14 18:00:00,2303.54616727394,762.2337636995261,153.08828835489624
2025-06-14 19:00:00,2093.3521409063515,722.0927260048037,122.84525879105428
2025-06-14 20:00:00,2201.680562144274,717.829116431688,141.13379002603043
2025-06-14 21:00:00,2103.828952366399,725.6103747040706,148.06734761273705
2025-06-14 22:00:00,1963.9794923698405,641.5665665461553,125.404974196225
2025-06-14 23:00:00,1616.9307824751838,537.9213905508361,77.81768633998855
2025-06-15 00:00:00,1247.5687511583203,461.8988031337166,67.82161094452718
2025-06-15 01:00:00,960.262222970475,297.63920680712033,54.96171056902111
2025-06-15 02:00:00,722.3288438398585,249.16074733081513,39.851453505564535
2025-06-15 03:00:00,590.0923359755795,191.09566302173755,23.04893226620451
2025-06-15 04:00:00,541.6765527598499,175.11568065502783,36.1117595433257
2025-06-15 05:00:00,865.2005001030398,269.9219490276349,36.31596101116467
2025-06-15 06:00:00,1167.93746615849,389.3174735558732,54.97840398816562
2025-06-15 07:00:00,1718.7209664904276,560.8422554766317,92.09696987020374
2025-06-15 08:00:00,2068.9047319673527,668.7449008754221,108.69965436391202
2025-06-15 09:00:00,2289.9624638488076,709.0629380892734,117.10507628131768
2025-06-15 10:00:00,2307.2337248172043,838.0392163734454,114.26586963454147
2025-06-15 11:00:00,2362.6300278389203,819.7900132829814,138.64560618110792
2025-06-15 12:00:00,2278.286117065028,822.7829316321726,118.42496963292281
2025-06-15 13:00:00,2255.4527164099013,754.4921873010524,96.4331434016495
2025-06-15 14:00:00,2205.1134342275946,733.7432913356135,129.64366439377883
2025-06-15 15:00:00,2052.665437181842,744.9627490302745,114.78737266914071
2025-06-15 16:00:00,2188.0335073902884,682.6139128000428,122.47461557736482
2025-06-15 17:00:00,2028.919425059285,677.3242718783105,111.24547733126286
2025-06-15 18:00:00,1940.8566288374764,645.6996683126687,127.57642142147549
2025-06-15 19:00:00,1947.5392337009987,608.5928914227004,98.50582365765482
2025-06-15 20:00:00,2053.883863308767,677.2394847185691,104.9401228734243
2025-06-15 21:00:00,1982.7664093804603,658.7318052399268,112.91437186325882
2025-06-15 22:00:00,1699.2103964264372,593.1948915495387,90.34950924015453
2025-06-15 23:00:00,1555.7938852118352,518.1327113084984,86.1262143485803
2025-06-16 00:00:00,1259.9594878652022,431.44777328089424,62.35244371481349
2025-06-16 01:00:00,914.2814273896956,288.52259110916765,67.2289146760816
2025-06-16 02:00:00,681.7948105739767,226.75434055188114,51.33578525903109
2025-06-16 03:00:00,576.7870664116961,181.31739347568845,41.76661367142144
2025-06-16 04:00:00,541.5128005106363,177.34733246912117,37.66561305625047
2025-06-16 05:00:00,788.5996640182797,258.0498757326456,65.7031348511958
2025-06-16 06:00:00,1163.2846550072093,385.1419042613523,82.79439425724642
2025-06-16 07:00:00,1656.4003555085376,544.5832285085806,121.85296913721113
2025-06-16 08:00:00,1953.0776845704672,655.6921140826896,144.83430986783068
2025-06-16 09:00:00,2181.9551524907847,686.1218982856226,171.66594429746786
2025-06-16 10:00:00,2443.6033796699494,805.7437577554086,197.20917163411283
2025-06-16 11:00:00,2329.0603645020137,789.2356877516512,173.57096631363387
2025-06-16 12:00:00,2284.7794934240856,708.3923350276402,181.99593989046593
2025-06-16 13:00:00,2186.7788011933194,765.9064635181273,165.40386957113813
2025-06-16 14:00:00,2141.073388662799,723.8025608216082,151.69143505462472
2025-06-16 15:00:00,2004.0036550845407,693.1737961813675,154.89644842635423
2025-06-16 16:00:00,2136.8655599745516,692.6614570576934,148.64000589296262
2025-06-16 17:00:00,2019.5354255162347,651.9065012455835,156.03797857680047
2025-06-16 18:00:00,1920.3953397214773,648.2634379330865,143.89023418799064
2025-06-16 19:00:00,1933.3663542950244,640.8829550764173,130.75251983783494
2025-06-16 20:00:00,2035.5692763249015,642.0661763576901,143.47430431612162
2025-06-16 21:00:00,1907.9570219684763,588.7559525048837,122.74027958039828
2025-06-16 22:00:00,1750.2144646848517,597.2022943049778,128.53654057862425
2025-06-16 23:00:00,1462.7988996206004,485.4541722800932,111.36083742325039
2025-06-17 00:00:00,1271.308259714349,363.9750042358629,75.41614071559997
2025-06-17 01:00:00,919.4124987520353,265.931615627718,53.54793220489315
2025-06-17 02:00:00,645.8546986925285,195.92618781933862,31.82650478702573
2025-06-17 03:00:00,538.8403382373152,170.98040053542056,29.93584579220499
2025-06-17 04:00:00,550.1219411627116,161.4726758133658,29.43365291376424
2025-06-17 05:00:00,782.3665435716862,231.39432701866707,40.25421862982066
2025-06-17 06:00:00,1116.1852437296836,333.38265714671263,59.26491452739283
2025-06-17 07:00:00,1663.2900416770642,494.0260060805101,79.00216468557134
2025-06-17 08:00:00,1939.6897643512373,537.5988587170151,120.40960613926462
2025-06-17 09:00:00,2181.658300330134,613.7376551169472,107.06707010463133
2025-06-17 10:00:00,2214.107765881695,614.637879806913,121.89814195761842
2025-06-17 11:00:00,2292.6114765916327,673.6152381546663,85.00683792635257
2025-06-17 12:00:00,2181.992152686511,620.6351350964828,125.06849796474563
2025-06-17 13:00:00,2136.0679081880303,609.293331084492,126.47559130990413
2025-06-17 14:00:00,2157.9208353493905,599.0163000310044,97.90761406870524
2025-06-17 15:00:00,1985.236270097998,604.0870508601316,102.30369006780607
2025-06-17 16:00:00,2117.975561172498,551.5877243351935,110.73196869478691
2025-06-17 17:00:00,1953.734139419064,501.7913339715575,101.43013454617767
2025-06-17 18:00:00,1948.3447002692997,556.7507399610774,102.88899598288793
2025-06-17 19:00:00,1834.7028088924135,491.7216773900726,95.43264847104098
2025-06-17 20:00:00,1893.7154866147462,586.127012519721,121.61666220294832
2025-06-17 21:00:00,1880.7549667821982,605.30617271636,93.88455686010678
2025-06-17 22:00:00,1746.6842225920052,498.2816012679519,116.61562634383043
2025-06-17 23:00:00,1475.6812601229462,453.3348738453037,87.00196960544494
2025-06-18 00:00:00,1165.8705213168544,350.806105748768,95.334550323001
2025-06-18 01:00:00,850.9794019448029,280.5527788025878,57.54978931634814
2025-06-18 02:00:00,648.3997082306671,195.45603642990503,54.66938985304509
2025-06-18 03:00:00,549.2693662885533,144.83365672160642,43.38676409162155
2025-06-18 04:00:00,532.814328738505,159.89503384381368,30.807948671944654
2025-06-18 05:00:00,759.1599546730278,249.15112690345708,48.60288205787506
2025-06-18 06:00:00,1179.1269774541258,344.78034380609944,86.9308291970827
2025-06-18 07:00:00,1533.9653627255814,445.7679592954101,112.2040865249916
2025-06-18 08:00:00,1939.9013196863348,565.9188639307326,130.97146118487063
2025-06-18 09:00:00,2066.178699348984,652.9477088765744,173.4300238517996
2025-06-18 10:00:00,2214.252415461007,651.2126361513893,147.27600556791097
2025-06-18 11:00:00,2185.646175447444,733.588504991719,154.1076637480145
2025-06-18 12:00:00,2046.4606854928008,622.7973747322761,147.9408986700746
2025-06-18 13:00:00,2181.084006871438,653.894564258694,163.87520283704205
2025-06-18 14:00:00,2059.0728344848476,637.2211096709652,124.57931009193437
2025-06-18 15:00:00,2068.391302529985,582.0662318390616,141.95208003979647
2025-06-18 16:00:00,1933.7658331633074,575.2675095419964,119.00451805048824
2025-06-18 17:00:00,1885.0910990413734,590.842724064688,135.48311153054686
2025-06-18 18:00:00,1788.3581830143535,548.7646932686359,146.3195101517814
2025-06-18 19:00:00,1906.5249568514746,556.9363909210034,147.39570808197962
2025-06-18 20:00:00,1910.2807458404056,518.5469423997346,129.19256750242246
2025-06-18 21:00:00,1913.2238350716113,580.9792534600481,148.3182906910882
2025-06-18 22:00:00,1754.3173676679862,509.55404926555144,122.64606551964904
2025-06-18 23:00:00,1482.063369546519,425.5741190136979,121.9585054163797
2025-06-19 00:00:00,1209.1155622012823,371.51645298785365,87.7328067200953
2025-06-19 01:00:00,843.5329152310688,265.57915011984636,44.79421186507377
2025-06-19 02:00:00,661.7006218514972,202.18330427941322,55.632403228054535
2025-06-19 03:00:00,537.1569693023265,168.46861440501576,39.47832753015669
2025-06-19 04:00:00,553.4941366687167,163.5659320931046,39.566642535192706
2025-06-19 05:00:00,780.313093111556,264.80969760007855,60.49677688241208
2025-06-19 06:00:00,1088.915241143441,364.8560793417774,72.03441178365274
2025-06-19 07:00:00,1531.9933388019297,452.78638229073454,116.70056072986384
2025-06-19 08:00:00,1797.7673915093324,635.660310310278,149.17026746915366
2025-06-19 09:00:00,2096.8942037413794,634.1772415523211,164.0679535126182
2025-06-19 10:00:00,2100.0175989958884,680.1076294055282,154.78177710248377
2025-06-19 11:00:00,2224.0008208651216,705.3459749032506,182.4140701832574
2025-06-19 12:00:00,2173.616700552872,600.2173093310519,144.2334846778508
2025-06-19 13:00:00,2211.913283167942,640.3133025037893,147.17148345530538
2025-06-19 14:00:00,2118.476541084907,620.6169138777574,153.26785714354503
2025-06-19 15:00:00,2004.789530134249,631.9681128176375,157.36913046117203
2025-06-19 16:00:00,2023.0407077366679,620.9808448780443,143.4504042585772
2025-06-19 17:00:00,1822.3860915950931,582.7544440737578,161.49125342473113
2025-06-19 18:00:00,1785.9973682362165,562.7146732656308,142.3629312837648
2025-06-19 19:00:00,1862.6827625359758,598.5703063703124,139.85703903300976
2025-06-19 20:00:00,1782.1025024662604,593.4712879406411,146.55880702066258
2025-06-19 21:00:00,1894.443641235743,586.1126954764429,153.84839748587177
2025-06-19 22:00:00,1644.5761417071415,525.8758340058819,130.55767817486378
2025-06-19 23:00:00,1442.381271646,483.0405597066419,86.952725446529
2025-06-20 00:00:00,1115.6168518023967,409.8370530310174,72.01830040859825
2025-06-20 01:00:00,864.290281769118,294.3136516258258,48.4620690491788
2025-06-20 02:00:00,657.1447985119653,210.64845519136222,39.51251326725853
2025-06-20 03:00:00,559.4181125460392,177.03751359494254,28.8300913897552
2025-06-20 04:00:00,528.5931354571459,182.5268060395094,23.752451835870207
2025-06-20 05:00:00,739.2620115307348,265.55281170632145,31.88432460854073
2025-06-20 06:00:00,1093.302853587125,378.55042129326813,55.363266803546054
2025-06-20 07:00:00,1439.5017645058915,537.4727230004632,88.46014737861154
2025-06-20 08:00:00,1841.9870419577933,625.8759293050887,116.33570429992567
2025-06-20 09:00:00,2072.025883661326,688.4303782773542,117.90434634031685
2025-06-20 10:00:00,2284.5136874096697,777.5464661425393,106.07865626442506
2025-06-20 11:00:00,2090.3219011760066,801.4723830033479,109.04412604275872
2025-06-20 12:00:00,2072.1753496133274,698.2192317619296,134.15124392214287
2025-06-20 13:00:00,2005.6669846513107,728.7859279553559,97.98699118743039
2025-06-20 14:00:00,2020.73880032473,644.4200074046036,138.09643927025954
2025-06-20 15:00:00,1990.3560334323874,646.2469675412774,132.68935991711373
2025-06-20 16:00:00,1917.1556052684175,659.124516236254,132.37379167847317
2025-06-20 17:00:00,1896.922914431876,686.2641244356967,107.36602815968561
2025-06-20 18:00:00,1751.148600455954,605.908510925871,96.1161542547496
2025-06-20 19:00:00,1841.069393337723,608.119155752875,104.22399122418896
2025-06-20 20:00:00,1868.7545948702461,651.6848496871959,113.25409061743717
2025-06-20 21:00:00,1840.4474611298876,651.7162035434076,95.86083101955211
2025-06-20 22:00:00,1629.2293486825454,558.7456067483917,81.09818563018376
2025-06-20 23:00:00,1491.6391590730914,541.0508154619257,75.84194910352531
2025-06-21 00:00:00,1284.7121405844223,426.9037411065318,71.26356872354137
2025-06-21 01:00:00,983.3913110268728,322.56552612077866,65.42573382308474
2025-06-21 02:00:00,733.2932562726078,241.57984616071616,41.345535203820106
2025-06-21 03:00:00,643.7931819317952,206.00022491230405,36.64405448036517
2025-06-21 04:00:00,616.8056197953077,209.81306868593552,39.38502733937282
2025-06-21 05:00:00,845.7979750729668,306.4077025319692,58.050347824424485
2025-06-21 06:00:00,1276.1500162402103,398.58633530710927,76.09211233847918
2025-06-21 07:00:00,1723.0303010986327,592.6800279530358,105.38743846545962
2025-06-21 08:00:00,2054.025927917774,703.7614189613182,109.70550944815402
2025-06-21 09:00:00,2382.415361691634,803.5884421447844,153.25746959533427
2025-06-21 10:00:00,2472.7565264756654,801.0524739632605,164.45322453139792
2025-06-21 11:00:00,2449.513494445001,793.6604641447099,114.87579884801075
2025-06-21 12:00:00,2386.790064131783,821.5982623087517,168.2848682674397
2025-06-21 13:00:00,2361.1016871622087,802.8517812791888,127.52988599849763
2025-06-21 14:00:00,2313.800634223217,813.5237553456499,144.72620026192754
2025-06-21 15:00:00,2257.5334467721045,748.4794865019848,134.42162269463967
2025-06-21 16:00:00,2157.904989989603,719.0125062128553,129.10854461908215
2025-06-21 17:00:00,2206.382593976311,610.5180035598271,121.82018885573856
2025-06-21 18:00:00,1979.0257843967306,618.3743786935111,107.641779465695
2025-06-21 19:00:00,2074.6383773032103,661.5067715184622,128.1281485965734
2025-06-21 20:00:00,2087.88318002757,656.0671561619951,120.74833266080482
2025-06-21 21:00:00,2210.2529943343447,720.2676287843312,106.95530707331777
2025-06-21 22:00:00,1832.986722529324,579.3446049900183,98.76821832466005
2025-06-21 23:00:00,1564.767435511449,512.7551337893742,81.27991808327998
2025-06-22 00:00:00,1228.1656479643786,453.7703014275803,109.06623417497221
2025-06-22 01:00:00,945.5880225866945,364.64155995218374,90.34094273332056
2025-06-22 02:00:00,692.6773027373963,257.047344788877,60.90184516648072
2025-06-22 03:00:00,582.3168756575585,221.75576200176963,59.76452301058324
2025-06-22 04:00:00,544.536661004139,215.03720107896126,52.383264799954766
2025-06-22 05:00:00,834.2749231400741,318.01444529937123,73.53065210572126
2025-06-22 06:00:00,1191.2732633569856,462.48300288519573,110.86291451480217
2025-06-22 07:00:00,1573.5664891973051,602.6803193336467,173.0768021987338
2025-06-22 08:00:00,2060.1822837413692,674.8703764913606,155.98457738320153
2025-06-22 09:00:00,2156.3260106435364,813.6667266157441,241.7265278856456
2025-06-22 10:00:00,2398.70081327508,861.9194526672219,237.2502937921547
2025-06-22 11:00:00,2289.903791266104,870.6474766046467,213.4342730538047
2025-06-22 12:00:00,2394.8004002426583,812.7515355519106,236.8310825022915
2025-06-22 13:00:00,2284.913801055149,868.3063580435896,197.84781638761316
2025-06-22 14:00:00,2143.446034788643,811.4674510268636,208.26184741841044
2025-06-22 15:00:00,2106.795263295354,759.5898127399132,186.44900911057965
2025-06-22 16:00:00,2143.6172800033655,757.878405860008,213.2670428326696
2025-06-22 17:00:00,2006.4279367860029,812.5003974189856,170.97476680869218
2025-06-22 18:00:00,1946.9404260880226,742.3688391859806,178.18444595683098
2025-06-22 19:00:00,2036.9254011654161,759.9202718934796,193.4085589502975
2025-06-22 20:00:00,1978.9756276321198,705.7249596748283,206.12886757087958
2025-06-22 21:00:00,2026.3927649614116,718.4064980243197,168.6938456144153
2025-06-22 22:00:00,1852.523885560651,641.5789553409996,178.7421143980535
2025-06-22 23:00:00,1568.0371276545343,568.824896376883,125.53399372751701
2025-06-23 00:00:00,1108.0127206232949,363.8775272415742,59.40431703986783
2025-06-23 01:00:00,821.7776832929518,266.6899935693183,52.95852663892575
2025-06-23 02:00:00,607.766670917345,206.9098181690976,48.43990005179143
2025-06-23 03:00:00,509.49643518547924,166.44711120995066,36.46520878924849
2025-06-23 04:00:00,520.0828057550029,168.49018942496517,33.77902850693775
2025-06-23 05:00:00,730.7999695330926,254.91428768478866,51.33105582068312
2025-06-23 06:00:00,1067.785221139251,325.6155549172268,74.29074429370235
2025-06-23 07:00:00,1486.8424922744807,484.394192536444,107.25574224964429
2025-06-23 08:00:00,1699.576302348121,618.2925070227523,100.94822344730399
2025-06-23 09:00:00,1953.5379742680625,642.6456347145358,135.25980078458738
2025-06-23 10:00:00,2072.210777972665,662.2725632694004,145.29741374083017
2025-06-23 11:00:00,2011.5107339689127,706.7805065808756,121.63398893468218
2025-06-23 12:00:00,2094.44279459245,632.4115371049487,119.17746015116514
2025-06-23 13:00:00,2016.4104358702214,647.6795760547016,131.37841559235957
2025-06-23 14:00:00,1953.7622539836184,606.8676314878738,134.9195083183624
2025-06-23 15:00:00,1995.3387938789617,569.8271126815308,132.3289821081798
2025-06-23 16:00:00,1775.146994175721,606.3768525152797,121.10424070129666
2025-06-23 17:00:00,1776.4514540430812,550.0480994187072,115.59704211192833
2025-06-23 18:00:00,1737.5295445869165,566.7705976452482,114.51089171705631
2025-06-23 19:00:00,1685.2432584648573,600.9740556606489,124.16779282515284
2025-06-23 20:00:00,1791.7576130944806,638.4015618562021,140.2192411086311
2025-06-23 21:00:00,1721.9214868146241,588.5030081704926,93.9008824546419
2025-06-23 22:00:00,1617.7706698853283,549.1144970144667,117.82862138291294
2025-06-23 23:00:00,1389.9532143319652,453.7307814957056,92.77051198223278
2025-06-24 00:00:00,1115.8374865344013,400.9389035568414,66.29260419205166
2025-06-24 01:00:00,782.2935082672299,275.9894307995706,52.720562250568975
2025-06-24 02:00:00,619.503669919679,253.34705931594823,33.11775829466951
2025-06-24 03:00:00,531.9823197114835,183.38946206204565,32.69443738710501
2025-06-24 04:00:00,514.6125389094294,202.4113269958166,25.179685308688423
2025-06-24 05:00:00,675.8511382478117,276.5968851144691,41.96719386048154
2025-06-24 06:00:00,1097.147575910117,372.6782270369255,58.48395432641366
2025-06-24 07:00:00,1442.4024710555823,538.058783938461,81.7966953836727
2025-06-24 08:00:00,1707.6161171122342,711.1764682927903,88.39677105102452
2025-06-24 09:00:00,2009.0264844451694,774.6291315491112,115.94987588186956
2025-06-24 10:00:00,2010.083932872088,737.0482209317879,135.96250434126094
2025-06-24 11:00:00,2000.2261512218518,726.4096866560527,103.37356577641576
2025-06-24 12:00:00,2021.8160697901053,742.0085097421356,115.70988571425538
2025-06-24 13:00:00,2051.940377880195,715.2916607167396,120.96767881929209
2025-06-24 14:00:00,2013.8209469003361,751.8891023310966,105.61563354799371
2025-06-24 15:00:00,1907.7844065377924,721.6824957902334,122.72780206114064
2025-06-24 16:00:00,1865.5208022418567,623.7760787150469,99.47031023290856
2025-06-24 17:00:00,1805.4693824516796,666.0658582054672,98.79428109643035
2025-06-24 18:00:00,1649.9072504717535,625.3065883172937,86.44881458074957
2025-06-24 19:00:00,1750.2812836365563,635.3824624646372,98.72013736810541
2025-06-24 20:00:00,1730.2075850843974,659.454972821736,100.08558109121151
2025-06-24 21:00:00,1782.1336164739448,689.3927939733849,106.93482555388567
2025-06-24 22:00:00,1568.1085638417649,609.6867871693884,83.23661391377205
2025-06-24 23:00:00,1361.5705495877778,477.36602291314784,70.44617053344227
2025-06-25 00:00:00,1179.212371715708,386.76837377394156,92.5429120420238
2025-06-25 01:00:00,801.0774179075174,282.9051900889358,75.63980912891213
2025-06-25 02:00:00,680.2992731798532,205.2128713618343,54.21299481162597
2025-06-25 03:00:00,567.2916434983583,182.9384428563215,50.140288274047386
2025-06-25 04:00:00,554.1450012857853,196.74003579563433,43.50728725751883
2025-06-25 05:00:00,774.3759229970373,235.0584011648863,61.50535591994187
2025-06-25 06:00:00,1177.1123651021906,370.9876526772318,90.59764066818995
2025-06-25 07:00:00,1537.483363742919,501.6389317398039,132.69431098711368
2025-06-25 08:00:00,1875.8369789990822,620.0746610766387,157.56532444745747
2025-06-25 09:00:00,2132.945252081073,652.083061212531,137.17123047922996
2025-06-25 10:00:00,2194.169077378759,667.4137884830299,176.9878991948101
2025-06-25 11:00:00,2107.975179064247,665.956407859848,166.78909921679272
2025-06-25 12:00:00,1977.80167350264,745.4742802954623,155.80525941467582
2025-06-25 13:00:00,2044.8720895520726,651.4226645193188,125.60513422220167
2025-06-25 14:00:00,2085.9925325062104,657.7761046444496,127.6490678269029
2025-06-25 15:00:00,1982.9603663033072,728.1927594554911,144.25514982040906
2025-06-25 16:00:00,1996.564927958535,621.5684474487598,123.23940317539584
2025-06-25 17:00:00,1880.9016988569638,628.3800330316959,135.2355251873405
2025-06-25 18:00:00,1878.542577698055,629.1980357397971,146.47959825146958
2025-06-25 19:00:00,1808.2465326184147,631.2571905432732,128.12919626874515
2025-06-25 20:00:00,1897.5837528997135,578.3252956693414,141.72621647998113
2025-06-25 21:00:00,1899.585800262654,596.8112454351794,124.20253316589265
2025-06-25 22:00:00,1743.9468781762662,560.4281296505247,129.5643955249921
2025-06-25 23:00:00,1356.6455444503897,513.9761063820171,112.69238623589601
2025-06-26 00:00:00,1224.8421555556995,349.9672273278592,57.56401907741553
2025-06-26 01:00:00,947.7229445130431,264.6459521139877,46.63694222173042
2025-06-26 02:00:00,746.7273505288344,213.886228874038,33.87219520955874
2025-06-26 03:00:00,593.7997516167959,177.916407195435,34.12586286429186
2025-06-26 04:00:00,574.6108121281609,175.24716601314543,32.3322473148018
2025-06-26 05:00:00,838.1590136576581,230.5343173425727,44.76697580970927
2025-06-26 06:00:00,1217.064721683458,339.0239825107861,64.25320974480633
2025-06-26 07:00:00,1592.0063638924003,475.8658980883272,91.26335450967426
2025-06-26 08:00:00,1972.628225330542,607.3648257571247,111.15577219469112
2025-06-26 09:00:00,2257.613641896863,632.6651592890271,113.42130661266224
2025-06-26 10:00:00,2411.4710128042434,670.0694092777017,116.96708724404708
2025-06-26 11:00:00,2327.3256000127685,634.5812586742139,124.22878317666446
2025-06-26 12:00:00,2240.804541247752,714.494702519436,120.20529133761478
2025-06-26 13:00:00,2182.254454969162,644.8251723146359,146.5588318351666
2025-06-26 14:00:00,2187.5936613899376,663.7137246115174,113.21379681399273
2025-06-26 15:00:00,2105.2453291743936,619.4226316643937,119.44471135050236
2025-06-26 16:00:00,2070.4863286771065,605.6438621261512,118.62941470448835
2025-06-26 17:00:00,1917.2246317649688,536.5715589564862,124.74353693951089
2025-06-26 18:00:00,1981.8885223668526,501.84001427988983,95.67595537039031
2025-06-26 19:00:00,1861.8642551905623,597.2949026485716,120.7347743731093
2025-06-26 20:00:00,1951.7513872000252,580.74537547073,106.60512174647762
2025-06-26 21:00:00,1980.9780301369938,584.33806868865,137.6428786287456
2025-06-26 22:00:00,1863.809773908259,485.83042246849243,100.61634397099056
2025-06-26 23:00:00,1485.434211741466,420.9818633848477,71.470327288513
2025-06-27 00:00:00,1146.6322936603124,420.40667546575264,52.26450717796767
2025-06-27 01:00:00,859.0746677981808,323.7370099101495,45.644131922644775
2025-06-27 02:00:00,706.536001833636,224.15153654204303,31.13647455293526
2025-06-27 03:00:00,513.1622468010639,196.78467109734785,25.290688222871214
2025-06-27 04:00:00,531.72189162824,188.93949950637165,26.948678817175654
2025-06-27 05:00:00,832.9056781670728,263.3050105906835,34.0520910110133
2025-06-27 06:00:00,1137.520582141198,417.29259731485774,49.9835574284045
2025-06-27 07:00:00,1466.7932202976215,506.63663817698176,62.11173843653848
2025-06-27 08:00:00,1836.8463090680118,667.1493242784063,99.77524312720668
2025-06-27 09:00:00,2059.842439570332,716.6136105854688,81.54620125060073
2025-06-27 10:00:00,2205.507043554051,736.7810671961698,100.28688655427443
2025-06-27 11:00:00,2254.9140304028333,782.7239030875452,103.11940655228503
2025-06-27 12:00:00,2128.1263299730213,730.6194818547046,96.08565368088355
2025-06-27 13:00:00,2024.9744965585846,700.3489393852103,81.2285350937133
2025-06-27 14:00:00,2070.9264634848864,739.7818971306964,82.61531903450565
2025-06-27 15:00:00,1948.1858392801491,721.0978492495309,95.95129898419235
2025-06-27 16:00:00,1881.7030541019687,701.6845238563325,81.09342057900466
2025-06-27 17:00:00,1767.364566912671,516.4918898475887,65.9171002280309
2025-06-27 18:00:00,1720.8888332812076,628.9884434694519,85.69645405243446
2025-06-27 19:00:00,1764.1113394332071,625.603965174438,74.89906335389229
2025-06-27 20:00:00,1797.5831438317255,635.0533525548561,90.75884812215173
2025-06-27 21:00:00,1874.9843018708423,654.8900959660892,83.1053499725522
2025-06-27 22:00:00,1605.8230406478076,575.7881874117862,73.89045309983639
2025-06-27 23:00:00,1290.6945598432128,500.1173634148845,65.03838339584368
2025-06-28 00:00:00,1221.6686938005264,416.36100936168225,80.37300651405371
2025-06-28 01:00:00,925.9541882521744,337.3414559791279,62.24615299790373
2025-06-28 02:00:00,712.7035911901309,252.18063195524655,51.322767807967644
2025-06-28 03:00:00,622.2809664785009,205.3618121948827,38.100397493545586
2025-06-28 04:00:00,576.2337301956428,201.22770548877148,46.00294910166239
2025-06-28 05:00:00,852.1016649134509,294.3913830330104,58.56400294277857
2025-06-28 06:00:00,1204.3776783491753,423.9125245105414,74.01393578115933
2025-06-28 07:00:00,1629.803592598228,544.0087202273332,111.67090666342399
2025-06-28 08:00:00,1937.4881703242102,696.861161061212,146.08302745333958
2025-06-28 09:00:00,2214.8225025597685,749.9400574820744,153.79928624721393
2025-06-28 10:00:00,2275.459723597375,851.7160361337302,176.6918928695855
2025-06-28 11:00:00,2325.465781100633,817.06273830876,179.05827524428472
2025-06-28 12:00:00,2256.814375469241,738.5121592163935,208.47149362547353
2025-06-28 13:00:00,2159.9369960482545,827.5244932608365,181.70917186100044
2025-06-28 14:00:00,2247.0305184429726,658.4216357965449,131.07539203330518
2025-06-28 15:00:00,2169.3455851803915,740.802526774298,150.07251673439532
2025-06-28 16:00:00,2064.2907986743144,677.16359120823,147.88009465851715
2025-06-28 17:00:00,2013.2546446913134,733.3547902895735,155.14048647485345
2025-06-28 18:00:00,1936.5556637761922,658.6573044500774,127.11469648064387
2025-06-28 19:00:00,1904.4754215221474,629.152576945244,134.00039819098046
2025-06-28 20:00:00,2009.0548533667984,663.491499024002,126.39574983408313
2025-06-28 21:00:00,1970.3306873526103,648.9432757449346,136.54056794010518
2025-06-28 22:00:00,1744.4643221457645,591.7500021858391,122.53826794315424
2025-06-28 23:00:00,1455.935187707865,503.1040969235221,107.32632619493816
2025-06-29 00:00:00,1263.252360797784,388.66920510803124,62.54093166209583
2025-06-29 01:00:00,967.2973957339675,304.9065349374154,59.22914699508097
2025-06-29 02:00:00,722.0584226930935,237.14601928527966,43.51827649588174
2025-06-29 03:00:00,649.5386869389921,182.55763812198677,28.773293826058598
2025-06-29 04:00:00,610.7683284109756,173.27788355849657,33.6077183052137
2025-06-29 05:00:00,875.0371727785582,270.872111260267,39.43513753011591
2025-06-29 06:00:00,1249.2054026369217,396.20509800047137,78.69122052272616
2025-06-29 07:00:00,1739.3951042930855,541.1971180689471,109.22698718100081
2025-06-29 08:00:00,1965.828728683421,652.2563341056442,112.3382479527851
2025-06-29 09:00:00,2086.7375398529316,764.4176106346571,114.71682006281627
2025-06-29 10:00:00,2326.0612258698425,780.398519410834,122.92485261460173
2025-06-29 11:00:00,2381.1679431413086,837.1469273624737,125.36366939915061
2025-06-29 12:00:00,2311.178741249704,836.5392118832525,127.91107215555647
2025-06-29 13:00:00,2264.762047189613,649.9596546640158,145.10502073918562
2025-06-29 14:00:00,2296.806661458869,625.7257532242351,137.42515949634105
2025-06-29 15:00:00,2195.089662945986,686.2467936034866,134.95002406641905
2025-06-29 16:00:00,2165.202394159101,685.7624475991745,121.2860895336229
2025-06-29 17:00:00,1978.2855649979251,639.78347184148,99.97916455075637
2025-06-29 18:00:00,1906.6624893009046,642.8290608356758,101.38027891187706
2025-06-29 19:00:00,2066.777879315371,616.9109257573609,111.92923876548879
2025-06-29 20:00:00,2037.320865205859,620.5847295426349,99.39238688446972
2025-06-29 21:00:00,1996.2341356496997,625.2770460793631,117.98955213025036
2025-06-29 22:00:00,1784.2093810829238,568.3503891412811,110.98633762877311
2025-06-29 23:00:00,1517.8511587349335,508.553271443897,92.04960025521805
2025-06-30 00:00:00,1190.0575636960618,377.87413174283506,85.37710287431157
2025-06-30 01:00:00,876.3038311390891,285.6486222583697,48.36819801153412
2025-06-30 02:00:00,675.8339677986215,231.04152428006276,53.81760648530264
2025-06-30 03:00:00,580.1274016477107,184.13665452678063,32.29954918148409
2025-06-30 04:00:00,563.6393448053769,192.54999923900206,37.583710900918895
2025-06-30 05:00:00,832.0914485534718,245.82565079737077,57.418724741401206
2025-06-30 06:00:00,1172.7477080242045,350.389965765842,80.56998015648995
2025-06-30 07:00:00,1581.8244822550912,507.8633712257747,90.22582543172514
2025-06-30 08:00:00,1866.37781640844,619.3855501050433,111.98587955189494
2025-06-30 09:00:00,2122.5647593340104,650.4451536359531,146.4177518731927
2025-06-30 10:00:00,2254.0029141119567,757.5073712332164,157.01374213590887
2025-06-30 11:00:00,2265.761961247419,773.9647223600542,130.37520547342595
2025-06-30 12:00:00,2174.9158549330173,673.953450864569,151.57458076999833
2025-06-30 13:00:00,2193.951086357649,727.6894557263781,118.7327702803768
2025-06-30 14:00:00,2099.7098336387967,592.0160291007917,149.42652188805062
2025-06-30 15:00:00,2104.1275249773716,690.3045678701942,124.13718083687712
2025-06-30 16:00:00,1980.2080995082774,613.3811035659791,135.0333802215783
2025-06-30 17:00:00,1828.7682783033772,642.980745179712,127.2262452912658
2025-06-30 18:00:00,1879.2173873485194,566.8869896610878,139.98410221095807
2025-06-30 19:00:00,1913.4023587790648,595.7954690974649,128.32359454202145
2025-06-30 20:00:00,1957.2347596503014,589.929348491462,120.11715998292064
2025-06-30 21:00:00,1948.9950015962772,607.6380606770542,133.43626487697887
2025-06-30 22:00:00,1706.0283044450719,597.7411591612838,141.49304924094827
2025-06-30 23:00:00,1435.3628416527856,465.6150559934483,105.7516684256965
2025-07-01 00:00:00,1176.3624294451852,420.04345740612723,66.18849906255451
2025-07-01 01:00:00,878.3166469808563,280.22519376021813,45.40886706214708
2025-07-01 02:00:00,663.7281717876556,237.84147215406793,36.18652776212938
2025-07-01 03:00:00,575.369962727331,169.16245946767313,34.44998619700556
2025-07-01 04:00:00,534.8719758052413,177.91442891965684,28.511556894766045
2025-07-01 05:00:00,758.5678602757653,247.11484776966054,44.3534526580997
2025-07-01 06:00:00,1160.8232613459222,392.37135057193154,73.7563367327922
2025-07-01 07:00:00,1533.7908010321098,497.0624713364478,87.50551629577238
2025-07-01 08:00:00,1798.8821958821266,537.4061300259795,92.28543135818973
2025-07-01 09:00:00,2046.4009254956557,625.5531955674342,144.2305060297945
2025-07-01 10:00:00,2136.146124515867,665.4634780405537,145.61561567193945
2025-07-01 11:00:00,1954.912926464472,728.0276581419282,128.34343229618815
2025-07-01 12:00:00,2025.9081174762173,710.4391090287912,136.008743886115
2025-07-01 13:00:00,2027.2241785174372,658.1753073576892,113.36091764448571
2025-07-01 14:00:00,1981.1241389921615,640.8548795656698,124.07777130430962
2025-07-01 15:00:00,1975.8586007503818,667.9502082937457,107.66469402334818
2025-07-01 16:00:00,1974.2675291757678,595.2445793309217,93.91521245789596
2025-07-01 17:00:00,1819.9280034887145,617.5350676943806,135.19928229139612
2025-07-01 18:00:00,1725.783625516733,595.5857251019586,86.69675060437375
2025-07-01 19:00:00,1804.2188594268484,580.4159117077038,106.11955715214876
2025-07-01 20:00:00,1819.6670712802504,615.7818099798131,108.8600319481853
2025-07-01 21:00:00,1828.414811024305,607.1432785915913,111.4885236945177
2025-07-01 22:00:00,1629.3447633106641,553.4425380887001,93.54134555489406
2025-07-01 23:00:00,1488.3154827571311,431.0502575703472,79.84587401968996
2025-07-02 00:00:00,1055.2154500699164,390.88901012313033,86.62246380555054
2025-07-02 01:00:00,834.7848690947809,298.7339060361497,67.30654272246365
2025-07-02 02:00:00,656.0564621579979,224.6994856657587,49.73597425269667
2025-07-02 03:00:00,531.5801207717,188.59226058411807,40.897329999552596
2025-07-02 04:00:00,547.4660556674588,179.13803156524233,34.70399550950879
2025-07-02 05:00:00,767.0664528546002,263.83805446314096,69.25160099862934
2025-07-02 06:00:00,1077.2664259648739,364.9190774543588,86.52382519528975
2025-07-02 07:00:00,1443.338670593259,463.2092237486383,112.75561192433885
2025-07-02 08:00:00,1758.7091245070992,618.5540899139088,124.72436099720444
2025-07-02 09:00:00,1965.0529862913872,612.080681729471,133.2019101460232
2025-07-02 10:00:00,2060.208198179099,705.811100014765,171.10455038732147
2025-07-02 11:00:00,2044.5452594133535,680.2372623215826,153.1361090061996
2025-07-02 12:00:00,2032.0004738357197,665.7020155619509,163.25991724945683
2025-07-02 13:00:00,2012.2789735861438,670.1478299453767,127.56867858287748
2025-07-02 14:00:00,1875.900548214724,632.6403425390367,171.9306886731676
2025-07-02 15:00:00,1849.1840435799793,658.3688351750525,158.52166641866992
2025-07-02 16:00:00,1767.3933601568722,628.3382154421223,139.64385988889293
2025-07-02 17:00:00,1826.1505635265537,583.3273883020348,142.0210532120577
2025-07-02 18:00:00,1738.7340735668226,619.973711017485,141.40420835003195
2025-07-02 19:00:00,1760.551470776409,591.2474974937596,112.58847052268167
2025-07-02 20:00:00,1711.82260261613,619.6296598218005,159.7169925190654
2025-07-02 21:00:00,1871.8913321083942,642.4851993135611,142.24968148170967
2025-07-02 22:00:00,1568.0679474970511,574.3817109755353,111.73259038883641
2025-07-02 23:00:00,1366.8167252866401,471.6423375069757,90.90981019898783
2025-07-03 00:00:00,1224.2873219276416,366.1131357302128,87.06018520014369
2025-07-03 01:00:00,872.373349889514,259.4749575543851,60.362797976932114
2025-07-03 02:00:00,687.3498634857576,219.05575271148496,48.314109806886705
2025-07-03 03:00:00,581.4338372168557,189.28596771821339,38.16832277462448
2025-07-03 04:00:00,613.959495077179,179.7022601479216,33.34674286612579
2025-07-03 05:00:00,804.2582557315866,206.52686871629032,55.35246674074006
2025-07-03 06:00:00,1197.3914796831928,371.0733036782961,73.77623352890332
2025-07-03 07:00:00,1596.1795779383167,501.43948511737676,101.34407026177263
2025-07-03 08:00:00,1891.9485280086922,573.4192848774114,154.86819281461393
2025-07-03 09:00:00,2033.9258358456364,681.0256569215157,150.53616912974334
2025-07-03 10:00:00,2256.119484705981,701.5674279732142,158.60024363185963
2025-07-03 11:00:00,2090.0430343129324,655.3151360963697,185.7212826260092
2025-07-03 12:00:00,2237.2344739276577,706.3391182530045,146.73565741986454
2025-07-03 13:00:00,2103.397019639032,610.101096128571,139.3827958689728
2025-07-03 14:00:00,1909.236557105992,638.8970888303357,125.67156280667362
2025-07-03 15:00:00,2002.7982704192548,623.5261638885796,126.50558747820617
2025-07-03 16:00:00,2008.2726677183505,588.3613965052988,101.0138359291778
2025-07-03 17:00:00,1880.082617909317,596.7271112723529,135.1480972881791
2025-07-03 18:00:00,1869.4814462743882,605.6255665024788,104.05079071530173
2025-07-03 19:00:00,1799.0869960699395,607.180214277208,133.06646344847732
2025-07-03 20:00:00,1823.5798732418634,608.67147805474,123.92395117022303
2025-07-03 21:00:00,1888.83472382793,539.8396792269667,126.22796642219299
2025-07-03 22:00:00,1695.0022640762197,492.2118434676892,110.89513576346015
2025-07-03 23:00:00,1430.5759162923805,452.4939791210306,109.28164148115313
2025-07-04 00:00:00,1200.4711323786219,345.3953597889671,49.97873766987551
2025-07-04 01:00:00,850.6973334871989,253.4784481254503,33.077196734030515
2025-07-04 02:00:00,684.4572837345158,220.8893451477126,23.324477177706772
2025-07-04 03:00:00,563.8717151548946,168.6149765050226,23.57216545436356
2025-07-04 04:00:00,529.1104822861365,169.2077657454256,18.842910102624387
2025-07-04 05:00:00,746.4073981493598,242.03123531726106,24.54597803391892
2025-07-04 06:00:00,1112.8406362814735,332.477901963836,44.644311631964165
2025-07-04 07:00:00,1581.1003147249482,502.54490813525996,64.56783312329205
2025-07-04 08:00:00,1845.8167750316472,516.797995418603,66.13572926080913
2025-07-04 09:00:00,1930.8163615598519,586.9362703808149,80.62460644770964
2025-07-04 10:00:00,1940.412792613286,604.5192880692106,77.27855119989748
2025-07-04 11:00:00,2158.6803259930903,678.196080290663,86.8400877225753
2025-07-04 12:00:00,2071.218460845305,643.0540873073842,88.44749791740558
2025-07-04 13:00:00,2093.241281658998,588.7474040692606,75.04842457173707
2025-07-04 14:00:00,1950.467059236948,571.1327229535169,67.67966113563382
2025-07-04 15:00:00,1980.2607343329537,623.7026856710584,62.90552632592348
2025-07-04 16:00:00,1958.0686133135655,580.1467588633442,80.13155247360606
2025-07-04 17:00:00,1812.7759901315642,584.5079558983933,61.307273324794465
2025-07-04 18:00:00,1756.7008364292367,528.3875723955534,70.42176272116095
2025-07-04 19:00:00,1788.7616590055547,545.987981542792,73.78830024447907
2025-07-04 20:00:00,1863.5392622143006,555.1225109350637,66.11046071285557
2025-07-04 21:00:00,1834.9820193603625,530.6563341186103,68.64405847351587
2025-07-04 22:00:00,1687.5404441267679,486.2734909320663,69.31686974918165
2025-07-04 23:00:00,1383.6846716335085,393.89120210429144,48.710645373843704
2025-07-05 00:00:00,1272.2236243246105,428.3169173268015,79.44879984213111
2025-07-05 01:00:00,1044.6162030748092,324.9721052210467,64.35092341210462
2025-07-05 02:00:00,756.1127572250158,255.16812608535483,58.38526441665328
2025-07-05 03:00:00,626.479917084057,208.04816150512372,49.854074723013504
2025-07-05 04:00:00,624.3937359046987,196.82497661962907,41.27464171266299
2025-07-05 05:00:00,881.1787186194333,299.3733034912151,54.14144931463458
2025-07-05 06:00:00,1252.3551637052522,418.13882032467495,94.15620108263231
2025-07-05 07:00:00,1706.9093919281293,577.0053115803016,93.3317548475063
2025-07-05 08:00:00,2069.8532286751843,702.1231527403072,141.90319502477746
2025-07-05 09:00:00,2326.399975196504,728.529437786105,153.6712542648723
2025-07-05 10:00:00,2265.8258888640903,782.3545786849918,184.4091392988998
2025-07-05 11:00:00,2541.3149348088227,793.0920050609448,185.33214877762995
2025-07-05 12:00:00,2360.5604541045727,708.7473284655722,141.9701707353607
2025-07-05 13:00:00,2352.6380518123206,693.0237584005947,157.20513471320785
2025-07-05 14:00:00,2194.1391426535747,677.083588873033,142.8016469821159
2025-07-05 15:00:00,2208.3601357049984,704.8039983448406,144.51377593216847
2025-07-05 16:00:00,2141.6008424700726,679.8856246846526,155.28773874801945
2025-07-05 17:00:00,2180.202603524606,617.0090661246717,134.61508270974136
2025-07-05 18:00:00,1994.8034307320706,646.7187839443601,138.0928734216171
2025-07-05 19:00:00,2082.1961570729122,642.5899730048128,150.07350357892477
2025-07-05 20:00:00,2056.197614283253,700.9770828922135,162.56596597793936
2025-07-05 21:00:00,2067.766815234347,727.6225662633012,144.03612347559363
2025-07-05 22:00:00,1860.5360070853076,606.2283924162377,126.53631998337796
2025-07-05 23:00:00,1654.5855629963157,488.6830071408535,93.77272350829338
2025-07-06 00:00:00,1181.983096921345,403.09754000349056,92.41355471666505
2025-07-06 01:00:00,901.1840420476238,293.18271998791073,62.312716756472426
2025-07-06 02:00:00,687.8127837750428,225.19193711255136,46.65842374576278
2025-07-06 03:00:00,584.1592484588186,180.84577269752327,38.43480297439527
2025-07-06 04:00:00,578.6279633299894,181.28591414087677,38.8864364922544
2025-07-06 05:00:00,793.9750942707748,258.2047191564138,56.94918467734027
2025-07-06 06:00:00,1171.2796411937431,389.13584769288735,82.91512786772276
2025-07-06 07:00:00,1521.4633523749171,517.4745846820894,119.67106394322178
2025-07-06 08:00:00,1900.0881834619852,666.6893183144642,126.87467945944184
2025-07-06 09:00:00,2257.9428519595353,706.648018108765,164.31120763654505
2025-07-06 10:00:00,2314.592030093719,731.6462109244469,161.2401346739652
2025-07-06 11:00:00,2290.3130830393748,703.0988975494339,143.09168443232196
2025-07-06 12:00:00,2174.1037439688234,665.4667751768784,115.89492605840557
2025-07-06 13:00:00,2090.9741086553076,665.459924885931,139.38430659953437
2025-07-06 14:00:00,2084.957928463634,651.7076090957596,159.08050205735492
2025-07-06 15:00:00,2109.283904752393,579.5540757589147,122.30490605368514
2025-07-06 16:00:00,2109.7283264233656,613.7178953330387,131.37111976658542
2025-07-06 17:00:00,2026.3206298717892,667.0969172214669,127.1783076655963
2025-07-06 18:00:00,1947.7626094236641,610.2393838221335,133.32757049571958
2025-07-06 19:00:00,1884.8200364323359,591.8302908407874,116.55198100550122
2025-07-06 20:00:00,1977.8643125354422,631.0467897491116,113.1957456591784
2025-07-06 21:00:00,1958.7707441560838,560.6109488033845,132.64891682797153
2025-07-06 22:00:00,1758.3834062543278,561.4590058881142,102.79608175718894
2025-07-06 23:00:00,1593.883024680817,501.57683577433636,76.4061254759718
2025-07-07 00:00:00,1021.4930019280686,349.3951019197384,111.62809502579935
2025-07-07 01:00:00,802.9520395776527,241.73738370626864,77.05938609005975
2025-07-07 02:00:00,652.1899355916256,202.23359031557152,65.79978930023782
2025-07-07 03:00:00,502.92683768668377,182.16019628590598,49.73586821031261
2025-07-07 04:00:00,506.2566590833792,170.75269262156382,47.958863365636944
2025-07-07 05:00:00,708.9136816062459,219.23413791785595,64.8423630486297
2025-07-07 06:00:00,1023.5869175559075,375.5359270100825,87.45666674539109
2025-07-07 07:00:00,1323.1019956729347,425.54012647671743,126.64533144313788
2025-07-07 08:00:00,1705.441672869428,542.3257022165589,136.66474524700595
2025-07-07 09:00:00,1907.5490769049359,581.8711252144667,143.50587640466824
2025-07-07 10:00:00,1989.253757507891,609.4755934900879,163.85238493805778
2025-07-07 11:00:00,1905.072359822612,624.7588381975698,192.826779154603
2025-07-07 12:00:00,1921.6850963539894,646.420479242946,143.97258129623006
2025-07-07 13:00:00,1825.6588720325185,650.8572790657977,140.92060210444092
2025-07-07 14:00:00,1828.941650690051,592.6268100430115,170.19918502176472
2025-07-07 15:00:00,1919.5036666283952,563.3586090115006,149.8489780923282
2025-07-07 16:00:00,1770.9764963054592,591.169995142885,161.08720720513892
2025-07-07 17:00:00,1639.0667553591175,568.2050432685913,162.62934416526454
2025-07-07 18:00:00,1650.3401964940213,543.413451284933,149.39230803339922
2025-07-07 19:00:00,1588.6114041328126,547.2728333823843,133.27415696701343
2025-07-07 20:00:00,1638.5230317517774,551.5581448226035,167.28625355672057
2025-07-07 21:00:00,1645.9985106994875,557.211037295204,158.6929017481598
2025-07-07 22:00:00,1499.0486442998765,492.17942287209206,131.90959819419783
2025-07-07 23:00:00,1330.0402337176088,445.94942748220603,112.04967431439158
2025-07-08 00:00:00,1082.3145586680716,412.1836071019869,83.61720986654997
2025-07-08 01:00:00,813.5569354936232,282.54272197512944,58.4602254968354
2025-07-08 02:00:00,607.1123081474327,218.72816735573164,38.92065863668388
2025-07-08 03:00:00,513.1526971661173,184.2640342154086,42.50344412401416
2025-07-08 04:00:00,516.1455744449386,173.2506289047861,41.539177374756264
2025-07-08 05:00:00,701.5592150244277,258.68403034751134,40.46976359011685
2025-07-08 06:00:00,1013.2922383212065,364.36028382792415,81.31181614368832
2025-07-08 07:00:00,1389.1656036770648,469.61812245983765,123.21304257417316
2025-07-08 08:00:00,1645.653728020695,605.8631405823248,110.09724928677453
2025-07-08 09:00:00,1866.6125468301516,648.5680149968994,138.84913025399212
2025-07-08 10:00:00,2029.0705401861044,646.78346684643,143.69473048692055
2025-07-08 11:00:00,1924.5987300237964,687.0528187584769,172.12493927053103
2025-07-08 12:00:00,1961.3192883120644,670.9046541370595,160.64063598523146
2025-07-08 13:00:00,1883.879557187142,678.0768442978228,126.66046948940952
2025-07-08 14:00:00,1753.644143967283,664.470869153085,143.0780277740775
2025-07-08 15:00:00,1738.268386730225,623.203742485846,169.02905362369495
2025-07-08 16:00:00,1708.8634847454596,597.2289831525773,123.09255441724758
2025-07-08 17:00:00,1639.2979449936686,586.7115488736555,126.56300734288614
2025-07-08 18:00:00,1622.637240045048,578.2559093670171,129.5607264003831
2025-07-08 19:00:00,1663.5901573716678,584.7041297536896,115.26198979155515
2025-07-08 20:00:00,1738.262688859297,595.2158174457363,150.88308552025768
2025-07-08 21:00:00,1693.846452559175,584.086336773367,120.23729613868022
2025-07-08 22:00:00,1485.1636312321134,550.683558717943,96.42408976364558
2025-07-08 23:00:00,1209.7974963500633,434.0766510919699,91.41598082708701
2025-07-09 00:00:00,1207.625010449007,445.6740249598951,90.57048998231934
2025-07-09 01:00:00,908.6325279588629,310.85987731920795,58.22788638460505
2025-07-09 02:00:00,713.4254263203019,221.5772529928335,51.44854439599697
2025-07-09 03:00:00,625.6498029824443,196.8467763858976,43.997671095708185
2025-07-09 04:00:00,601.1120280780913,198.99693131495954,35.44606016626158
2025-07-09 05:00:00,826.6244211022702,262.5628888330709,53.313265323238085
2025-07-09 06:00:00,1124.6509159569482,353.9883918258796,84.17955566503566
2025-07-09 07:00:00,1529.8270945300087,486.6980390081199,117.21449235098774
2025-07-09 08:00:00,1874.0832501944333,636.69185361022,124.20294349187694
2025-07-09 09:00:00,2051.6447594368833,633.6315416419568,149.60665192674105
2025-07-09 10:00:00,2226.844533470269,674.2796968613268,149.4111206505951
2025-07-09 11:00:00,2208.0317652838976,740.591255988965,165.53074471609168
2025-07-09 12:00:00,2081.3579706098817,701.1288968141846,159.13277764839788
2025-07-09 13:00:00,2167.153289668223,669.096053694738,141.24402902788364
2025-07-09 14:00:00,2073.238686357661,666.2496657016219,152.61312478121513
2025-07-09 15:00:00,1929.7774811325544,621.8645804579724,135.970037383634
2025-07-09 16:00:00,1975.3140625670944,668.4459155610011,145.71305491810736
2025-07-09 17:00:00,1913.7917851759546,602.5046724841069,140.07464102288768
2025-07-09 18:00:00,1889.3992607201078,591.5957981225023,162.21909031343958
2025-07-09 19:00:00,1831.9032968948331,620.8504499136814,125.08150549454618
2025-07-09 20:00:00,1942.7865005789315,619.1828379647948,131.24364916967122
2025-07-09 21:00:00,1908.8032835831714,605.5948577358788,123.94945102669702
2025-07-09 22:00:00,1638.2363323676086,507.4918825605687,106.03452942457018
2025-07-09 23:00:00,1395.5472595997485,488.26520844698854,96.94739669639104
2025-07-10 00:00:00,1243.719763843651,383.49263032104943,71.29587864710962
2025-07-10 01:00:00,939.481526307835,280.7992454006505,54.14109858636278
2025-07-10 02:00:00,717.6645662498103,214.01652890685594,40.48295846646144
2025-07-10 03:00:00,617.2829586845802,187.829627847715,31.63498857447754
2025-07-10 04:00:00,599.831370884201,188.86958188735667,30.41991631700675
2025-07-10 05:00:00,825.651331900992,257.8794282331534,40.25344494896316
2025-07-10 06:00:00,1127.0131263436701,395.39209125761295,59.94065288776812
2025-07-10 07:00:00,1627.2337652388965,508.4933167933022,73.61591931066837
2025-07-10 08:00:00,1906.7923142267362,592.0683039431082,118.83384726925965
2025-07-10 09:00:00,2073.715613603705,687.8263278862262,138.5954757543307
2025-07-10 10:00:00,2154.266261598507,697.087754132034,95.72341724713975
2025-07-10 11:00:00,2201.0167871095505,693.8300040199721,124.30183377935944
2025-07-10 12:00:00,2045.6279624459817,722.4085894373801,121.83879281066328
2025-07-10 13:00:00,2137.2686720148668,635.2585181639146,118.23112101480297
2025-07-10 14:00:00,2011.5874996313953,655.4445907902049,106.6747450934326
2025-07-10 15:00:00,2048.03347187404,679.1268278853325,124.16544763771154
2025-07-10 16:00:00,1948.7765754182117,635.8630127275128,113.91466825947094
2025-07-10 17:00:00,1884.420555361127,590.6884391835756,116.41887640931138
2025-07-10 18:00:00,1800.2037280969403,534.534856973956,93.34103971488186
2025-07-10 19:00:00,1840.648201910235,521.4241079676913,86.72099427102609
2025-07-10 20:00:00,1998.616121004853,661.827822765327,109.6322988160557
2025-07-10 21:00:00,1971.876802139554,610.4008835661482,93.80059725417694
2025-07-10 22:00:00,1717.4109863915064,523.5203100851191,104.4928698895026
2025-07-10 23:00:00,1452.2173419006976,468.1698876513111,61.7149172964769
2025-07-11 00:00:00,1139.9331650452186,345.01883603216265,62.076314228187144
2025-07-11 01:00:00,866.6840393715469,268.42104998452356,46.044650486307106
2025-07-11 02:00:00,642.5866437465509,203.86724794897003,37.236470532554975
2025-07-11 03:00:00,547.2437304905752,165.89403237853173,33.11091512542813
2025-07-11 04:00:00,511.8702934924109,157.277088560317,33.02336588498348
2025-07-11 05:00:00,772.494537916908,224.39551776590582,47.02137089683035
2025-07-11 06:00:00,1129.6914233721102,363.92740418728386,67.83527411059
2025-07-11 07:00:00,1435.9706786622423,442.9913417932688,82.56513791062937
2025-07-11 08:00:00,1630.735287571844,577.4479263900051,125.00861640164973
2025-07-11 09:00:00,1967.0857047618204,657.0680967751158,130.60699480808765
2025-07-11 10:00:00,1974.2226054866555,658.1348483856784,114.90752902880138
2025-07-11 11:00:00,1978.892153430173,645.1924023501684,116.6326907620464
2025-07-11 12:00:00,2014.4231217840834,646.9431513901903,112.05653566885209
2025-07-11 13:00:00,1947.9447724279607,615.3497497597152,118.03051035951752
2025-07-11 14:00:00,1880.8490313640561,655.1821016699889,100.19108949506432
2025-07-11 15:00:00,1836.4426116352445,662.4114421628407,100.44169949986426
2025-07-11 16:00:00,1831.2046211757697,634.0372066798467,82.02555261584523
2025-07-11 17:00:00,1731.822806071365,509.60338684756493,98.42602617468293
2025-07-11 18:00:00,1644.5786869966298,539.3936913205664,111.12656278063524
2025-07-11 19:00:00,1690.424424655961,554.1146188603735,98.5368029456888
2025-07-11 20:00:00,1768.471744877613,581.5448342821486,101.7916761414104
2025-07-11 21:00:00,1743.142587624981,521.2766133155667,105.95644076256609
2025-07-11 22:00:00,1507.5590738203937,466.6233053609959,82.16506731394152
2025-07-11 23:00:00,1378.6565236637935,463.1342018436318,78.98836897555934
2025-07-12 00:00:00,1108.707752357101,381.3834421339252,89.03841358714334
2025-07-12 01:00:00,892.3352001169853,273.8046763224363,63.15594315891549
2025-07-12 02:00:00,693.4184239814222,218.09723267191097,52.78770875282911
2025-07-12 03:00:00,589.2943998894957,195.23575903301244,45.13040555822648
2025-07-12 04:00:00,586.0182943097811,180.88888932870685,41.82955427176068
2025-07-12 05:00:00,829.9408193352282,265.7857239235024,50.23274049706748
2025-07-12 06:00:00,1128.1465139452885,358.03319800671176,74.97032525475078
2025-07-12 07:00:00,1572.3086988822297,462.4801875977919,126.51724951235111
2025-07-12 08:00:00,1883.844272956884,653.8954004448481,131.05697613343997
2025-07-12 09:00:00,1991.3842922899487,695.9962489180431,144.2501676307274
2025-07-12 10:00:00,2306.5928328651844,703.6149149795824,134.39365634409566
2025-07-12 11:00:00,2092.8178923384335,693.9742895722221,146.0480022520719
2025-07-12 12:00:00,2165.924016915185,748.5351915029636,156.05134900045297
2025-07-12 13:00:00,2114.1292812846073,702.3825747224037,141.70808994991384
2025-07-12 14:00:00,2077.5294580310388,710.4913172628835,131.63664779357174
2025-07-12 15:00:00,1994.1364504292158,641.5795870695814,132.5413900064794
2025-07-12 16:00:00,2018.151365085512,645.6408799403531,150.64893540248207
2025-07-12 17:00:00,1810.88199605103,630.2360095163992,137.34095996660437
2025-07-12 18:00:00,1830.634164628476,582.8839219684222,131.23831621364957
2025-07-12 19:00:00,1814.8658207666838,599.267289066615,130.68963303147976
2025-07-12 20:00:00,1857.5783648071351,600.755455695789,111.69810060452464
2025-07-12 21:00:00,1916.0656270016336,630.1421164640657,131.86227987196915
2025-07-12 22:00:00,1746.4544378850292,518.1884603349924,127.94699719907803
2025-07-12 23:00:00,1434.1050897095024,485.86018406523294,95.19227212220773
2025-07-13 00:00:00,1319.764390503263,433.1545961819631,84.69125094122049
2025-07-13 01:00:00,974.1324484167764,318.242063484394,61.089029060408436
2025-07-13 02:00:00,741.2783339761636,256.6397315162042,49.11869014814302
2025-07-13 03:00:00,628.1459539641108,205.3525716279818,37.72672912281773
2025-07-13 04:00:00,616.8735161011195,198.86901317735132,40.42748194468945
2025-07-13 05:00:00,849.6476932161147,293.820458853712,43.24389962773192
2025-07-13 06:00:00,1253.2868023903904,420.8034718015907,73.70564047232934
2025-07-13 07:00:00,1674.4643125852394,536.1472132284774,106.25937085132237
2025-07-13 08:00:00,1924.7842136572096,646.4136707676964,123.27638804348523
2025-07-13 09:00:00,2144.378455377233,736.1791163462684,149.11175256584815
2025-07-13 10:00:00,2382.268241356201,757.0948680418686,137.2425752992792
2025-07-13 11:00:00,2290.350708346019,831.4828874286587,130.75464217304898
2025-07-13 12:00:00,2320.618776321659,771.9491636822358,112.26983729003321
2025-07-13 13:00:00,2297.100724079047,743.2778630410505,129.3766941198033
2025-07-13 14:00:00,2137.5222730042206,699.1823547734945,138.76984905672995
2025-07-13 15:00:00,2087.987029742838,743.847487336633,139.51195511423722
2025-07-13 16:00:00,2219.706607799005,679.8901124495203,106.71859154143374
2025-07-13 17:00:00,2055.5081368051056,651.2926811149126,136.05432491229678
2025-07-13 18:00:00,1948.6704227601751,675.8084828441101,104.60314782151973
2025-07-13 19:00:00,1930.6770459102224,667.2436385273282,116.01697042597273
2025-07-13 20:00:00,2006.5036145232534,591.0846335380717,113.28172251577551
2025-07-13 21:00:00,1967.8388014428497,667.3955431188763,126.15642041031609
2025-07-13 22:00:00,1867.950618515589,605.9602645875739,109.20426125175221
2025-07-13 23:00:00,1523.5054060379698,506.0695773537429,99.12107946368148
2025-07-14 00:00:00,1095.135036136254,310.93129786416836,108.73778565584706
2025-07-14 01:00:00,794.413755125916,212.8397572566443,71.48785107178078
2025-07-14 02:00:00,612.1779105913802,158.0026452503895,50.43696257157273
2025-07-14 03:00:00,520.5683337703331,145.74483218005756,47.18632036020949
2025-07-14 04:00:00,480.2200808960615,152.50756639058713,53.50874149196997
2025-07-14 05:00:00,714.5590539228149,175.69221254900768,65.50774969664745
2025-07-14 06:00:00,1014.6234896552744,283.91344659507615,95.86724480633562
2025-07-14 07:00:00,1396.6148640080826,359.496581639717,96.38783525872007
2025-07-14 08:00:00,1563.4300679582077,473.5449150142297,146.68536089573658
2025-07-14 09:00:00,1900.233978835677,584.9835596101609,152.46215487038916
2025-07-14 10:00:00,1971.0983126921385,553.5880930077923,152.29363540727502
2025-07-14 11:00:00,1985.372317950492,554.0599857815441,163.25471095450544
2025-07-14 12:00:00,1880.9501256134745,569.1222605968089,162.58889045141
2025-07-14 13:00:00,1892.627949608871,534.9235897111702,146.40961406589605
2025-07-14 14:00:00,1740.022726059526,521.3658506037424,157.9579022095045
2025-07-14 15:00:00,1815.4607527799383,539.9738745493526,149.00339827565156
2025-07-14 16:00:00,1699.3939812742096,515.7722008269864,159.42425441052893
2025-07-14 17:00:00,1590.7452497247823,490.94742844129786,145.77019440230688
2025-07-14 18:00:00,1565.0751807832742,465.9821973225487,143.44940993346506
2025-07-14 19:00:00,1624.6977252141269,463.74544408221664,153.26255956552657
2025-07-14 20:00:00,1629.2677185668065,505.66912167709734,150.8081465020991
2025-07-14 21:00:00,1685.1753171148794,476.30669852322364,142.17449411026897
2025-07-14 22:00:00,1419.3184917550793,459.8509019846128,98.73589562927904
2025-07-14 23:00:00,1202.7782949133307,352.46342582638897,115.15164323362
2025-07-15 00:00:00,1111.1197557286741,421.5230605227777,65.31745705192189
2025-07-15 01:00:00,830.0289494139558,305.03153187839354,54.31272504538654
2025-07-15 02:00:00,617.2838054929006,223.2725406361233,44.7916065607511
2025-07-15 03:00:00,531.6707820362285,200.68503873446423,41.19853503209838
2025-07-15 04:00:00,537.924065082088,186.60324116366408,42.47686784523312
2025-07-15 05:00:00,731.2182611423613,266.66512670364995,44.06670313078371
2025-07-15 06:00:00,1030.9357316239561,369.2874173540953,59.62951694608429
2025-07-15 07:00:00,1416.0593527577737,502.88474621873166,96.32512013464444
2025-07-15 08:00:00,1626.7060310234965,639.55371702864,115.40112599272594
2025-07-15 09:00:00,1853.2484433365714,699.1765817795177,109.08832979386275
2025-07-15 10:00:00,1937.5066929423294,675.1842861076339,131.03396530099076
2025-07-15 11:00:00,1915.0884982812934,674.1289832780816,139.12813873226588
2025-07-15 12:00:00,1874.4237029736917,707.2058692789301,111.25381276210969
2025-07-15 13:00:00,1855.404363327306,693.3919094776471,111.89979500805714
2025-07-15 14:00:00,1827.3393266452977,650.5329745146574,115.0113785808879
2025-07-15 15:00:00,1738.4124052504008,710.4580829471711,118.48861922495274
2025-07-15 16:00:00,1786.5619667380497,669.014094477625,127.2153555495266
2025-07-15 17:00:00,1632.2060357558955,599.3899142093244,109.61571611372786
2025-07-15 18:00:00,1615.950677124023,577.977468257714,110.75894138379016
2025-07-15 19:00:00,1621.0642180162015,595.4654294757515,137.5811564173933
2025-07-15 20:00:00,1694.744101385488,608.1720280479592,101.87461069163365
2025-07-15 21:00:00,1578.6548796934524,655.6526508629771,105.60261577756535
2025-07-15 22:00:00,1541.7178699792655,580.5096776730879,109.33919534532133
2025-07-15 23:00:00,1262.8588745727525,474.95605865625987,96.48225226369405
2025-07-16 00:00:00,1177.8957675479699,331.740206280173,62.07287305738067
2025-07-16 01:00:00,850.8823686274068,252.86643645961564,53.77791875073524
2025-07-16 02:00:00,677.0170997817622,191.7094269243969,36.57121567557065
2025-07-16 03:00:00,597.5874702418745,163.07737439246586,23.26129600480263
2025-07-16 04:00:00,553.7222367357871,161.8842414932388,29.409394777221028
2025-07-16 05:00:00,796.817834781317,222.30053956902213,37.68639867103887
2025-07-16 06:00:00,1094.1626998219774,296.5922337492748,65.53461518492664
2025-07-16 07:00:00,1478.8462890091457,398.71807358774134,84.19776546100091
2025-07-16 08:00:00,1769.6909777058318,491.10330467185156,76.27636246536896
2025-07-16 09:00:00,2015.770821325134,536.290970395967,117.69790462237876
2025-07-16 10:00:00,2021.9050034431561,539.8581226909313,118.43167054587212
2025-07-16 11:00:00,1995.7496988702453,597.6006090739514,103.27076363939358
2025-07-16 12:00:00,1979.3163696419917,577.7985453056257,104.21117723756043
2025-07-16 13:00:00,1974.6266637486417,519.2962757853077,118.16289419578005
2025-07-16 14:00:00,1929.5011462906655,541.0899269332022,79.66213453126886
2025-07-16 15:00:00,1942.364034082035,532.2795195885967,104.1163644227961
2025-07-16 16:00:00,1926.1897504416797,528.6760455977121,108.38930913472801
2025-07-16 17:00:00,1736.0465060319402,476.9190822030611,92.18465533988793
2025-07-16 18:00:00,1693.900254960586,455.7133568057372,96.51260968599436
2025-07-16 19:00:00,1668.8338862240653,502.57960498379447,91.68449590443616
2025-07-16 20:00:00,1885.8867831646396,465.9144663346875,85.18417719722196
2025-07-16 21:00:00,1799.8715762402703,497.59375170370157,84.93257273697506
2025-07-16 22:00:00,1621.6717532964956,444.1255827134621,89.88451492641907
2025-07-16 23:00:00,1318.3905826848622,383.921787805037,66.52069163926141
2025-07-17 00:00:00,1088.2781011221189,336.8690131402986,53.47625744591773
2025-07-17 01:00:00,836.2804097879999,271.6419397185858,49.15907418250142
2025-07-17 02:00:00,644.1335107550314,183.02423790270254,36.05190485377322
2025-07-17 03:00:00,559.5281949302844,173.1539833246287,27.816784722372763
2025-07-17 04:00:00,568.9217651079588,143.56245319090505,31.68913075295657
2025-07-17 05:00:00,717.1490620195611,240.44513899014396,46.94075142635641
2025-07-17 06:00:00,1014.542151483656,287.7986102247344,61.583736835915374
2025-07-17 07:00:00,1361.8112904875823,477.21306296306057,72.66905669551569
2025-07-17 08:00:00,1761.8101785911897,505.9003470963002,104.3849068222804
2025-07-17 09:00:00,1934.3127442648356,610.647658721469,122.97873721087431
2025-07-17 10:00:00,1960.0680452991576,633.2093069194098,143.48093952756204
2025-07-17 11:00:00,1960.7232095622744,586.3203259999208,133.22586440187223
2025-07-17 12:00:00,1879.688845582972,577.9767401262241,100.8739458578185
2025-07-17 13:00:00,1926.3163941772414,551.4941692275447,120.86045365630643
2025-07-17 14:00:00,1833.5562487182106,588.289190979262,112.06913956876647
2025-07-17 15:00:00,1804.8454976925548,544.5619496141873,93.64321579870244
2025-07-17 16:00:00,1804.255018586647,521.0150407881719,107.59197469777304
2025-07-17 17:00:00,1694.8093645897955,534.5399656887024,121.054330770768
2025-07-17 18:00:00,1640.1684039058393,482.95684272619974,109.71101394135857
2025-07-17 19:00:00,1660.2849201994143,499.4791894564749,86.95649831827177
2025-07-17 20:00:00,1741.6004011620541,523.6985680660403,100.39773762452856
2025-07-17 21:00:00,1782.1003240839393,504.80834320620653,105.58050807047478
2025-07-17 22:00:00,1552.898522178036,456.1184521529527,73.08018731922559
2025-07-17 23:00:00,1337.4620527505294,429.716479548302,62.854074764179835
2025-07-18 00:00:00,1097.6246761447453,352.6989372309496,86.7781980317626
2025-07-18 01:00:00,820.3364141398737,265.38278112080116,65.88572121364616
2025-07-18 02:00:00,670.977775927031,210.85506459678703,40.81849635926347
2025-07-18 03:00:00,554.8207081784772,182.11928761941138,44.48936570874465
2025-07-18 04:00:00,521.6974005947868,166.56196811925636,46.94876974837678
2025-07-18 05:00:00,741.0582334192375,246.35701099288406,56.46691744947071
2025-07-18 06:00:00,1056.8487777695375,346.09257746169595,82.44082557517898
2025-07-18 07:00:00,1395.0007006601486,417.1950678301258,116.19258909479221
2025-07-18 08:00:00,1779.4859474280167,599.3259543146278,138.40620945831333
2025-07-18 09:00:00,1930.0260926436893,658.0618122288574,120.6864932000502
2025-07-18 10:00:00,2069.92319538626,618.4274467384712,139.0545436972463
2025-07-18 11:00:00,1999.1759536445568,605.6954849511756,146.88729348144818
2025-07-18 12:00:00,1953.4179612717348,635.9241219264409,136.6735971184801
2025-07-18 13:00:00,1854.6859745735321,572.2357297664104,170.63428403738473
2025-07-18 14:00:00,1878.4385484763752,646.009621890439,155.16775276436846
2025-07-18 15:00:00,1842.897079185426,581.0580523715507,125.35171103479017
2025-07-18 16:00:00,1729.1008226513034,625.6905698108827,135.78822238989565
2025-07-18 17:00:00,1700.54997839983,534.9836063470541,149.8314518240924
2025-07-18 18:00:00,1658.078159028689,537.0463561422914,120.33586484729493
2025-07-18 19:00:00,1701.506301297894,576.1247470161816,142.04855612572106
2025-07-18 20:00:00,1748.81266523954,548.491957711419,153.4819658197557
2025-07-18 21:00:00,1698.5348003490503,564.5384915587848,151.06975367442064
2025-07-18 22:00:00,1568.9078860501795,526.1961343834688,122.0850774726362
2025-07-18 23:00:00,1319.4632196850644,416.4867387199003,116.42640347536181
2025-07-19 00:00:00,1095.239607112191,436.70151766386726,73.55722781770162
2025-07-19 01:00:00,888.1718888848619,326.8752372239281,74.80468451470371
2025-07-19 02:00:00,728.1236428933503,283.88616972286343,47.48641580965997
2025-07-19 03:00:00,562.9566844462792,235.07482849244596,43.4751432482349
2025-07-19 04:00:00,582.8539752061462,238.6112260581189,36.55411380296306
2025-07-19 05:00:00,839.1701316108488,309.7317269618496,55.45916026824764
2025-07-19 06:00:00,1118.0151195768358,415.3080257350813,79.18978697009868
2025-07-19 07:00:00,1529.4445115562187,529.39504858723,90.07677128754959
2025-07-19 08:00:00,1781.359752563361,822.3021886776363,108.4974627850943
2025-07-19 09:00:00,2155.2679127570896,825.8031408602053,131.99999604600123
2025-07-19 10:00:00,2153.3221501154767,848.6548445804954,158.21847604565366
2025-07-19 11:00:00,2151.4666052474863,850.6089437149483,112.81814842022837
2025-07-19 12:00:00,2189.767567457783,767.111597528668,132.73168612709682
2025-07-19 13:00:00,2099.663037216213,774.3137797062201,154.1113285929652
2025-07-19 14:00:00,1982.840958428674,860.8912836006126,115.34816385713413
2025-07-19 15:00:00,1957.7959965242692,803.6208597343,148.25726874729543
2025-07-19 16:00:00,1972.3469661301672,731.8489291156613,111.84328786673764
2025-07-19 17:00:00,1835.4797149574667,686.3765680605592,110.18767672960513
2025-07-19 18:00:00,1702.9535734393507,689.3636258801757,116.62486213891813
2025-07-19 19:00:00,1816.9513144988962,699.9348650958262,143.29006567281309
2025-07-19 20:00:00,1790.8160906317144,802.0088160897735,113.84629776628599
2025-07-19 21:00:00,1952.3649976472152,723.0343979457674,99.38621589102503
2025-07-19 22:00:00,1682.772589349876,616.444357537644,93.01525193990159
2025-07-19 23:00:00,1396.3686433902076,557.9987712324894,103.25707069049056
2025-07-20 00:00:00,1189.0858408660517,455.33025660664265,65.77675539386455
2025-07-20 01:00:00,869.2579009201345,319.1231942297149,65.81279173714768
2025-07-20 02:00:00,698.8327838922543,272.47281235163723,46.16377304280197
2025-07-20 03:00:00,620.0587259685524,236.59056326234457,38.18351957666972
2025-07-20 04:00:00,630.0776960725356,221.34800610906032,38.90434117234351
2025-07-20 05:00:00,835.9484506265237,292.0238130576465,47.55757790492205
2025-07-20 06:00:00,1160.5798406119175,420.3152506992771,75.04797154860906
2025-07-20 07:00:00,1538.209443097095,530.8807381025002,86.17807951022353
2025-07-20 08:00:00,1831.3029654683585,693.0048490772721,137.0204144939048
2025-07-20 09:00:00,2218.635097360107,789.4283992069292,118.51017434902273
2025-07-20 10:00:00,2184.7260226134667,778.88347544807,146.20160394121405
2025-07-20 11:00:00,2315.6585812684725,886.6059739202886,123.3984951472483
2025-07-20 12:00:00,2230.6897489927483,826.4728345062399,128.5806216033557
2025-07-20 13:00:00,1995.9506263112162,710.2886568587463,127.9339743766396
2025-07-20 14:00:00,2029.9705748379374,701.0597311727272,173.8402307758043
2025-07-20 15:00:00,1991.1848349039344,716.4072389716492,128.74826837028675
2025-07-20 16:00:00,1975.5064413130144,789.8387655849722,114.64348335082167
2025-07-20 17:00:00,1898.0346292040174,735.1883416956666,115.0141392333189
2025-07-20 18:00:00,1996.3819734284466,736.5770135841242,98.01941235484233
2025-07-20 19:00:00,1796.3396475043196,686.9212382557118,115.62639339224391
2025-07-20 20:00:00,1913.3952338029262,697.6705934898788,145.0161721552873
2025-07-20 21:00:00,1933.9729744757879,662.2800189127337,125.21583372840972
2025-07-20 22:00:00,1704.451384596577,642.5783935271813,118.90814422501978
2025-07-20 23:00:00,1463.1259338488455,535.604349512349,83.57304550987774
2025-07-21 00:00:00,1127.0330253451834,381.8776561124249,83.99335994311431
2025-07-21 01:00:00,884.7373620833669,316.473384350579,66.69680862574059
2025-07-21 02:00:00,706.195375868225,230.24386482931132,47.46667955616139
2025-07-21 03:00:00,590.0833408203268,207.08134652752983,45.129384646867756
2025-07-21 04:00:00,584.6040428432917,176.7546599789054,45.40409227992576
2025-07-21 05:00:00,820.3173523082146,296.7245086993584,61.810700041288044
2025-07-21 06:00:00,1143.6053155591073,364.10684438622815,81.09753259911322
2025-07-21 07:00:00,1489.1274206822754,511.40022810625516,122.91806700708247
2025-07-21 08:00:00,1734.1704241923162,621.519313912069,128.93601021268398
2025-07-21 09:00:00,1963.8220112715148,648.5591607969623,142.18175901551984
2025-07-21 10:00:00,2077.4011655076943,723.0220173043977,178.7428036402015
2025-07-21 11:00:00,2095.5950047183273,721.5481747137271,135.51140084375183
2025-07-21 12:00:00,2016.4540361074103,656.5492733748695,123.3435822144712
2025-07-21 13:00:00,1945.0946697262932,642.0030878395518,133.88699917873382
2025-07-21 14:00:00,1904.0575543288714,656.7074081412604,151.79688867660016
2025-07-21 15:00:00,1843.134105142363,639.3112567451345,162.79088720623443
2025-07-21 16:00:00,1873.3992770483962,669.7265579022256,129.53960535913436
2025-07-21 17:00:00,1737.0772155462078,623.1926646586905,160.31303771530202
2025-07-21 18:00:00,1706.610423271429,582.164010939652,130.2639939804859
2025-07-21 19:00:00,1745.5460242619656,604.4630298839721,128.93774363889835
2025-07-21 20:00:00,1743.8435920712066,543.0360841516655,121.68695899081041
2025-07-21 21:00:00,1830.6400622922388,584.7669251997487,162.29186899525607
2025-07-21 22:00:00,1659.1711868659386,548.3956643148061,118.30206948321518
2025-07-21 23:00:00,1371.8580616072563,488.57506945901014,88.21974094124101
2025-07-22 00:00:00,1084.4348217440445,379.67796869735446,78.80409139217511
2025-07-22 01:00:00,847.3298442084807,306.1168220166044,49.354470700870614
2025-07-22 02:00:00,646.2935980236383,235.36452863030718,40.62598821476098
2025-07-22 03:00:00,542.1138067943325,185.35719567874943,37.14498401587874
2025-07-22 04:00:00,563.6891196046871,185.57281259671808,32.98713345515744
2025-07-22 05:00:00,765.5710669784695,260.96952008099913,46.83435291123033
2025-07-22 06:00:00,1071.7028665331593,353.1926704639702,60.11974870555024
2025-07-22 07:00:00,1441.0224668364199,516.7995769367717,85.97823026541498
2025-07-22 08:00:00,1600.4969597462152,549.1445856939168,95.70874844583062
2025-07-22 09:00:00,1958.2845020543261,656.2210836121219,106.76802684874349
2025-07-22 10:00:00,1996.2379523492068,700.4331200058924,113.42386434787093
2025-07-22 11:00:00,2021.3437732812622,663.157226890679,106.6918664816803
2025-07-22 12:00:00,1951.6545808217186,644.1168370540389,115.46121771747754
2025-07-22 13:00:00,1889.516596299224,643.9590779733654,112.81030975023427
2025-07-22 14:00:00,1846.328468583374,662.3617823911395,114.85639936803365
2025-07-22 15:00:00,1844.2824831817338,610.1952079025484,110.68362277591406
2025-07-22 16:00:00,1766.2116030722816,578.7416188006847,122.89343072336592
2025-07-22 17:00:00,1753.0679916860688,618.9032069522138,108.10903024465266
2025-07-22 18:00:00,1585.4702202051485,579.2289701338017,91.96595853173424
2025-07-22 19:00:00,1642.517518636466,599.1070274597766,99.20680842593622
2025-07-22 20:00:00,1809.3282786423038,607.8072387132833,111.88918465037689
2025-07-22 21:00:00,1681.6540585423113,648.0943672821961,87.08483367732128
2025-07-22 22:00:00,1525.9848806458565,554.5883163658442,106.09407110203219
2025-07-22 23:00:00,1284.5662998703901,435.32438756873245,68.42654326168596
2025-07-23 00:00:00,1131.0435863538692,323.47408516326203,51.0091481605608
2025-07-23 01:00:00,835.1546059009291,234.18731026053973,35.397010697138306
2025-07-23 02:00:00,670.6302550988082,186.09698839404714,27.810413880299407
2025-07-23 03:00:00,580.4286176733657,149.1014790548782,20.20538050491606
2025-07-23 04:00:00,547.1678420073775,155.336269883594,25.422147165930443
2025-07-23 05:00:00,780.2203236359529,221.15849998203367,27.254934770953103
2025-07-23 06:00:00,1100.5988906214313,302.7091112853666,37.66579161147478
2025-07-23 07:00:00,1475.2408662407602,382.9703548421105,66.9023202832002
2025-07-23 08:00:00,1734.430196996803,451.71579633657257,85.54049453441176
2025-07-23 09:00:00,2098.242098452822,598.5632927444431,74.05487511615777
2025-07-23 10:00:00,2072.6467259964124,577.2223645931665,92.58114891080112
2025-07-23 11:00:00,2022.6091176001717,543.2105613362028,90.31261155664406
2025-07-23 12:00:00,1920.5486196456895,568.096417397628,80.85882344667078
2025-07-23 13:00:00,1918.8531750338498,600.595085110104,91.34803759630806
2025-07-23 14:00:00,1972.8628541262747,551.5963120142399,77.31141154580072
2025-07-23 15:00:00,1950.4517593154733,454.6025508986998,81.54582830383467
2025-07-23 16:00:00,1891.9472198952833,578.640841499484,65.14955900902542
2025-07-23 17:00:00,1783.7829348594134,448.6096598227778,62.92321215018794
2025-07-23 18:00:00,1632.602347950585,472.80293887623037,79.06110807333722
2025-07-23 19:00:00,1724.0059280387952,453.76078211220846,74.76305378496592
2025-07-23 20:00:00,1684.987839436537,475.04605183782195,71.29242433856776
2025-07-23 21:00:00,1672.992154125881,499.4606466024945,87.35067873838851
2025-07-23 22:00:00,1577.4080618295977,397.972489220363,78.34076074558607
2025-07-23 23:00:00,1363.372562399602,377.62458303369476,58.38969998748288
2025-07-24 00:00:00,1020.1297363446583,389.4566678688329,52.82007494973269
2025-07-24 01:00:00,768.2617928924669,269.5260071158259,47.1647255110065
2025-07-24 02:00:00,608.4528421823403,207.37520499883033,34.37252289546471
2025-07-24 03:00:00,490.76052399003515,185.87022722821186,32.10225675378619
2025-07-24 04:00:00,495.27219232468076,181.18350124896196,28.126537288006965
2025-07-24 05:00:00,650.0811600322562,244.41147327062816,37.22521655263541
2025-07-24 06:00:00,902.0179368231007,333.94544161648486,45.466187795631285
2025-07-24 07:00:00,1298.1652326336143,483.4784229218982,81.58230052982331
2025-07-24 08:00:00,1500.6276470983348,584.7905913312221,72.56358568424321
2025-07-24 09:00:00,1748.4702816127017,600.3211579311635,103.81566441075582
2025-07-24 10:00:00,1841.2563873346996,632.5730108364118,120.97586537177025
2025-07-24 11:00:00,1747.3086614230263,663.6996349098272,103.27583653300351
2025-07-24 12:00:00,1775.2176263575334,617.3841366670148,97.12101764380901
2025-07-24 13:00:00,1675.3601642222577,638.4193945563413,106.75158785460394
2025-07-24 14:00:00,1596.3787061850214,668.4738653172474,96.54120114331911
2025-07-24 15:00:00,1657.1990783290091,610.6457996861715,106.14206375096883
2025-07-24 16:00:00,1590.765561414813,562.6607340979518,90.21469171032945
2025-07-24 17:00:00,1529.6534296488687,585.1816639124806,96.47131824628049
2025-07-24 18:00:00,1584.0519880915742,551.9067183828238,91.04000882905446
2025-07-24 19:00:00,1444.8291788840716,555.5589147545655,94.96401979319221
2025-07-24 20:00:00,1565.2485238360148,587.493530591108,114.83199053428099
2025-07-24 21:00:00,1505.6604724946126,593.4861642828696,99.68303043924645
2025-07-24 22:00:00,1425.770829279021,516.5141517789017,92.38775938806201
2025-07-24 23:00:00,1202.703466357201,441.00501729419375,70.07054036610131
2025-07-25 00:00:00,1095.1953840471222,384.3406782848179,77.25928571654153
2025-07-25 01:00:00,804.0985387473266,281.7864915650203,55.781722980429976
2025-07-25 02:00:00,640.0289631688293,219.3984988644265,45.67200961151557
2025-07-25 03:00:00,565.1507052502627,178.76730778770616,41.03894244861848
2025-07-25 04:00:00,569.1099461502233,166.360996747049,35.70641849201589
2025-07-25 05:00:00,749.8790212195266,251.62003192374104,49.29058869621704
2025-07-25 06:00:00,1014.6590711543038,337.94377783962324,68.63471603477669
2025-07-25 07:00:00,1397.610501275595,433.9866049794991,91.10372516175588
2025-07-25 08:00:00,1781.1977994049464,531.5761740482587,118.29314087538891
2025-07-25 09:00:00,1862.4884026031214,570.8805138101925,124.18862462473585
2025-07-25 10:00:00,2022.4477337214375,658.6305329831181,157.17684320491924
2025-07-25 11:00:00,1894.5234127140504,644.4229127679515,173.68710290034477
2025-07-25 12:00:00,1897.9126042843181,618.1101294997296,124.14392943543899
2025-07-25 13:00:00,1889.3115965302975,597.6308457618615,133.38961875761976
2025-07-25 14:00:00,1851.7164275143807,571.1116798069856,141.79728188842105
2025-07-25 15:00:00,1758.5542773695186,519.7632833354709,121.4950257714506
2025-07-25 16:00:00,1714.3911160795512,526.9564494948354,108.96660492528085
2025-07-25 17:00:00,1731.8118048837903,523.9223202456546,139.3701869808748
2025-07-25 18:00:00,1688.0990033254025,504.0613470922658,122.1649177545154
2025-07-25 19:00:00,1711.6838551105982,537.001862186965,118.26349847820072
2025-07-25 20:00:00,1770.2024237683947,564.7781104504834,135.72006253837657
2025-07-25 21:00:00,1691.631722869841,540.0688007668192,127.08758395036178
2025-07-25 22:00:00,1500.261476747586,521.280875670385,104.80290389780592
2025-07-25 23:00:00,1347.560807196312,402.88058276105255,80.8443020617505
2025-07-26 00:00:00,1158.6460589225846,368.87047446961395,71.49834127007722
2025-07-26 01:00:00,839.4998802401493,281.4329383455462,64.86803742410173
2025-07-26 02:00:00,661.6249560271806,234.44278046086689,48.63776291669174
2025-07-26 03:00:00,580.0180516020372,187.96548045533228,37.271939623698536
2025-07-26 04:00:00,560.2749350675798,185.22415317371582,44.5886125493467
2025-07-26 05:00:00,771.6683572675481,232.19836577458696,50.46931459330992
2025-07-26 06:00:00,1123.2158201475263,340.92568856893786,80.25018914412277
2025-07-26 07:00:00,1485.1631689437913,500.5440933968727,98.99302079726473
2025-07-26 08:00:00,1819.6176025662473,515.8690863555338,141.03364004936944
2025-07-26 09:00:00,1849.098743295516,680.3352447563999,140.53258355535624
2025-07-26 10:00:00,2059.957803436597,684.7180362949214,136.67334669966203
2025-07-26 11:00:00,2075.8964540533707,641.5183102938024,132.77120057949176
2025-07-26 12:00:00,1914.7380823478838,627.3852141040466,132.7499542500631
2025-07-26 13:00:00,1918.7869942435816,697.4232445527816,119.7515906347537
2025-07-26 14:00:00,1882.0128345455084,672.922932557035,109.19158749444287
2025-07-26 15:00:00,1892.0196135659662,614.4546694353714,129.91341904167007
2025-07-26 16:00:00,1929.2991215844352,607.0897948703266,115.61149060278942
2025-07-26 17:00:00,1872.7768401662522,561.2721117517009,111.01952442611744
2025-07-26 18:00:00,1679.0042430852554,565.2085525282986,113.12904379927292
2025-07-26 19:00:00,1752.5706930299189,546.1169688810454,115.48002909664883
2025-07-26 20:00:00,1800.3085421139026,577.1811900727351,117.94867707498041
2025-07-26 21:00:00,1791.8342826909798,630.1202131582667,140.0143144726958
2025-07-26 22:00:00,1608.4776491993632,517.5269733513691,113.33904777604289
2025-07-26 23:00:00,1374.9528583081806,423.02702416880743,111.31175462982185
2025-07-27 00:00:00,1167.145552557084,371.7852585002281,55.85048267604565
2025-07-27 01:00:00,873.6043468939034,304.560108939531,48.36307400196555
2025-07-27 02:00:00,649.619494475838,230.2986802724313,33.75572734294537
2025-07-27 03:00:00,575.1021815487439,203.3365637127238,27.799459606820456
2025-07-27 04:00:00,567.4955013278379,182.26686261651454,35.88720210490529
2025-07-27 05:00:00,765.1469543120136,279.944289810468,36.58472029351243
2025-07-27 06:00:00,1103.9091710240305,362.59754565410236,42.703815512161086
2025-07-27 07:00:00,1433.7241998226405,510.5380370101108,69.28227659196776
2025-07-27 08:00:00,1729.6762732662316,604.2828464152905,70.82770456412382
2025-07-27 09:00:00,1922.4091913432187,741.177688038585,90.41671032622669
2025-07-27 10:00:00,1891.9437856020775,722.0360470530396,95.67554151343667
2025-07-27 11:00:00,1991.5707411854314,780.0077215682861,105.40398689676309
2025-07-27 12:00:00,1923.8508320652322,719.1886467372481,80.26614134310151
2025-07-27 13:00:00,1852.4363703983863,731.4794164975597,113.82606861325928
2025-07-27 14:00:00,1964.874273367499,667.9407156722895,79.21850427851948
2025-07-27 15:00:00,1879.699599190243,673.1008022312885,96.16193292669467
2025-07-27 16:00:00,1807.5733054365364,684.225976404266,91.83067586128992
2025-07-27 17:00:00,1710.4399573514208,647.8680486305334,99.58214746211847
2025-07-27 18:00:00,1698.3652973716664,617.0696514482289,91.97976243464406
2025-07-27 19:00:00,1740.2231291695425,595.2023777869173,100.51462268159258
2025-07-27 20:00:00,1697.715745172875,615.9290591639103,87.8462680075803
2025-07-27 21:00:00,1737.618675324452,654.8549925079017,86.82483591874609
2025-07-27 22:00:00,1597.599353007894,593.367475655164,85.71685201375192
2025-07-27 23:00:00,1264.8966318129235,463.90049394811325,78.17498281800464
2025-07-28 00:00:00,1036.8425747573986,336.45367630289377,91.44099843694605
2025-07-28 01:00:00,783.7146718751032,254.91824744189145,66.35300499820657
2025-07-28 02:00:00,627.346517036211,220.1154443834153,52.1833407028283
2025-07-28 03:00:00,524.1378336648023,170.61622136441576,42.802445099096275
2025-07-28 04:00:00,525.420749674452,182.85779436823236,44.18624935322483
2025-07-28 05:00:00,749.6851702270993,245.41110481464145,70.17064458473565
2025-07-28 06:00:00,988.6058796662593,326.4311565971672,78.5283444879188
2025-07-28 07:00:00,1335.4731122647004,478.8602705937613,102.85988549915307
2025-07-28 08:00:00,1683.3267341887288,497.95514534862644,122.74331200226683
2025-07-28 09:00:00,1747.1179659257336,644.1801722459265,149.4739607105465
2025-07-28 10:00:00,1950.2078442819877,633.4099567935265,115.60732523535061
2025-07-28 11:00:00,1848.2352271005982,558.7489913232577,147.1990427632522
2025-07-28 12:00:00,1905.5929033642865,657.0254974970969,160.71536324783648
2025-07-28 13:00:00,1811.5509554813962,624.3539941957247,135.26869314051098
2025-07-28 14:00:00,1764.8541206812342,575.8853205496823,144.30679296045378
2025-07-28 15:00:00,1713.993137546597,550.1451575352992,170.4764574657121
2025-07-28 16:00:00,1647.0446407314876,520.5786587304458,140.36195883033147
2025-07-28 17:00:00,1614.2591764777387,604.6083421231618,98.67518357640449
2025-07-28 18:00:00,1600.9334965809046,501.42344602165775,106.99549284522072
2025-07-28 19:00:00,1569.3933072028506,495.36550982131297,123.46403043577551
2025-07-28 20:00:00,1596.6050134344096,548.3705442536567,118.8925607441273
2025-07-28 21:00:00,1599.5670734664056,498.4625796941849,131.6704482433655
2025-07-28 22:00:00,1487.4420070765584,463.3043471609587,113.26778358023255
2025-07-28 23:00:00,1285.4472484027785,437.80896603754525,113.14488009723215
2025-07-29 00:00:00,1040.776026384748,391.841715532767,65.09051993768472
2025-07-29 01:00:00,795.5217189860782,287.46499088092014,55.14746281298428
2025-07-29 02:00:00,650.8976980545242,232.948913111312,45.874303984134094
2025-07-29 03:00:00,567.3359186234104,192.4159257949644,39.26263554544412
2025-07-29 04:00:00,552.9419733971125,193.03392612948267,37.87787166617457
2025-07-29 05:00:00,701.935904444249,253.1553296977916,37.41535770861584
2025-07-29 06:00:00,1011.3756434669586,357.85229196236423,71.54323588016344
2025-07-29 07:00:00,1316.9198380649013,474.14814708061635,92.55541185395744
2025-07-29 08:00:00,1614.7706039180898,567.2637890215512,123.79972553285558
2025-07-29 09:00:00,1891.2806936235522,687.1553491451472,135.82039154944405
2025-07-29 10:00:00,1818.232565787652,709.7117989236125,135.19841877677553
2025-07-29 11:00:00,1799.9011270649016,650.4885433355098,135.62989861169754
2025-07-29 12:00:00,1808.9640793104634,630.5100929265417,147.71867528078866
2025-07-29 13:00:00,1824.6943685701572,649.1470339921112,141.64299499186816
2025-07-29 14:00:00,1816.1307662146785,712.3508342763162,127.93033433782227
2025-07-29 15:00:00,1773.2675275157424,601.5830700492808,150.2032122466914
2025-07-29 16:00:00,1766.3734558800747,613.1854492033476,110.92688204590075
2025-07-29 17:00:00,1562.6536462285137,596.4753318261904,99.71080240415937
2025-07-29 18:00:00,1646.498082571764,572.8407709481105,110.76900155292606
2025-07-29 19:00:00,1587.9749112772126,566.0461037251551,106.97114512331022
2025-07-29 20:00:00,1677.1618720702725,627.1121881400916,83.87623152382024
2025-07-29 21:00:00,1582.8352830920412,606.9831093159112,106.30571185388197
2025-07-29 22:00:00,1477.2036204511182,555.566420106637,106.60408059872185
2025-07-29 23:00:00,1277.1400107692398,471.5540502010528,87.73918918413389
2025-07-30 00:00:00,1150.1420688501323,322.4792400722633,69.84560335311178
2025-07-30 01:00:00,814.5726389683585,254.58311246557156,58.59531571400322
2025-07-30 02:00:00,678.3090882874652,200.1317149292634,46.99817127284753
2025-07-30 03:00:00,555.6123223517747,176.84139963779685,42.2451629134362
2025-07-30 04:00:00,572.2156226508498,165.7610271642288,35.935393194235736
2025-07-30 05:00:00,781.6230775266857,205.36948736516706,57.30316240122214
2025-07-30 06:00:00,1109.0173740066018,309.17690080393794,64.61982333297306
2025-07-30 07:00:00,1398.480193005323,407.4089325335675,91.86768579051508
2025-07-30 08:00:00,1751.975838154903,517.8014188093755,138.34914586351383
2025-07-30 09:00:00,1971.9974485166128,502.40972430783097,115.61461458564719
2025-07-30 10:00:00,1895.8867556731343,566.1651939214054,126.29730412305463
2025-07-30 11:00:00,2012.185095893851,530.7814445532473,117.03853284741214
2025-07-30 12:00:00,1995.4608084370614,552.5454154943543,121.0991938170886
2025-07-30 13:00:00,1886.0628098874543,521.5933492187631,131.95933972404393
2025-07-30 14:00:00,1810.2472898312503,531.8594689209434,138.02061353519005
2025-07-30 15:00:00,1887.1096305899368,475.3147012722666,125.5782037857693
2025-07-30 16:00:00,1734.9073590963883,517.1168566984604,118.5306111981694
2025-07-30 17:00:00,1716.616482991157,483.40475164001197,102.19477948656849
2025-07-30 18:00:00,1670.9611683203707,467.5201643403614,105.47759688463204
2025-07-30 19:00:00,1715.1689847228022,510.5368500564568,95.83449531772419
2025-07-30 20:00:00,1695.0172302084056,469.7780910709302,127.47242924806216
2025-07-30 21:00:00,1692.2249522987486,486.5583563390092,128.3601724007312
2025-07-30 22:00:00,1554.9131225309877,432.2857135599774,105.65416466513271
2025-07-30 23:00:00,1369.853630829132,373.19685685700307,95.53807191324476
2025-07-31 00:00:00,1075.5274999255964,399.4858317401553,83.66422460395083
2025-07-31 01:00:00,741.3415680754063,276.99846632524407,59.14444748116221
2025-07-31 02:00:00,621.3372698309001,213.7347463714982,53.57766349551723
2025-07-31 03:00:00,505.29250673218297,202.76467743584888,35.03006339699867
2025-07-31 04:00:00,527.8076458716807,180.39240913360783,37.332004933547424
2025-07-31 05:00:00,676.7037022402347,228.7024529654501,49.873818364432445
2025-07-31 06:00:00,953.13655232438,334.2000423775711,78.576059936876
2025-07-31 07:00:00,1266.2763365997027,431.6817779951316,82.22686029132782
2025-07-31 08:00:00,1544.8900952250244,504.3127631308856,135.3632851191778
2025-07-31 09:00:00,1737.541701014696,603.6408312948947,138.08243629876915
2025-07-31 10:00:00,1825.3341677241042,640.43806444489,161.92024839386488
2025-07-31 11:00:00,1792.8148794046951,676.3384760820061,134.95277468239743
2025-07-31 12:00:00,1696.0758832957783,647.6619422868355,125.23224762852576
2025-07-31 13:00:00,1756.9994946311929,631.7832559360594,139.4247359960335
2025-07-31 14:00:00,1695.784523902416,579.7905854195734,142.6917135893919
2025-07-31 15:00:00,1720.770657202852,620.1545932250875,116.25562041322839
2025-07-31 16:00:00,1595.027746191223,619.6758536165057,96.42742287519262
2025-07-31 17:00:00,1493.9990737363348,568.7010897532331,94.87292952774996
2025-07-31 18:00:00,1515.1411816072296,552.1955855786979,117.88565584428478
2025-07-31 19:00:00,1579.6601113321217,510.676669906223,134.44043323777458
2025-07-31 20:00:00,1571.0159506945665,586.5140399608276,101.59223590418213
2025-07-31 21:00:00,1555.2645104401686,606.1229523917951,114.7446324172972
2025-07-31 22:00:00,1371.7981837583845,509.5062423313561,102.2771131808768
2025-07-31 23:00:00,1267.7839582455358,418.79578913716705,110.32927015681722
2025-08-01 00:00:00,1038.463052530612,332.44308843570525,70.1034800085851
2025-08-01 01:00:00,802.559926749477,251.4863737658272,45.144828387216876
2025-08-01 02:00:00,662.8404595057382,200.90084672175334,37.718612465470564
2025-08-01 03:00:00,523.796275595237,178.5478144469006,31.848805522820946
2025-08-01 04:00:00,563.4653771091532,172.8142881309938,24.69928747323423
2025-08-01 05:00:00,748.6314059407376,241.78472278105207,41.70061473311679
2025-08-01 06:00:00,1053.3385027235918,327.7859299770472,48.17173559191929
2025-08-01 07:00:00,1382.150384069515,408.66385994480834,70.38028240133525
2025-08-01 08:00:00,1628.6334707735066,500.2711585610381,96.83166782370965
2025-08-01 09:00:00,1765.3466977976552,554.630481223386,96.70582208911681
2025-08-01 10:00:00,1895.2750003764857,590.8958797850729,112.21468587968187
2025-08-01 11:00:00,1842.7864390390694,645.2021351640423,113.84763047805654
2025-08-01 12:00:00,1886.3115631948754,638.3660162544176,79.42660710538986
2025-08-01 13:00:00,1860.3618276469404,593.227607689168,73.28482253238006
2025-08-01 14:00:00,1868.370794949928,565.5482033627035,106.43375636235221
2025-08-01 15:00:00,1779.3063999643352,515.5189409633892,104.86078980399832
2025-08-01 16:00:00,1763.743300798106,544.543487810406,93.11072965165528
2025-08-01 17:00:00,1638.950405559252,498.1204467839974,90.77712475969557
2025-08-01 18:00:00,1581.247385403027,541.8541503156296,92.60495039564555
2025-08-01 19:00:00,1632.3017207483554,465.62892076819946,92.91543157899069
2025-08-01 20:00:00,1634.8273371152036,527.5453084298153,84.21743282419678
2025-08-01 21:00:00,1665.0902047184547,496.01015729957385,96.0862385441945
2025-08-01 22:00:00,1441.923282310371,465.4572500852378,75.36437916280815
2025-08-01 23:00:00,1246.1285604305833,413.2701432356188,69.0923373551778
2025-08-02 00:00:00,1154.8291058695438,395.26062281809504,82.97774880989691
2025-08-02 01:00:00,887.5407131584933,286.6399803755707,56.231147135331696
2025-08-02 02:00:00,668.1138570979007,236.4433009638838,45.224672395252874
2025-08-02 03:00:00,590.4414576422021,186.2181285902323,51.51178085590235
2025-08-02 04:00:00,562.1427561687249,191.6610949284207,36.90503354604565
2025-08-02 05:00:00,776.9175176174491,270.2615296892616,57.80994484032703
2025-08-02 06:00:00,1133.0579306067261,367.5933767775904,82.9088897638417
2025-08-02 07:00:00,1480.715925590362,468.3495073099384,103.04318745722853
2025-08-02 08:00:00,1782.2734692501353,570.9181038994341,133.86440001479912
2025-08-02 09:00:00,2043.9396192202958,675.7574859452055,143.84177027736212
2025-08-02 10:00:00,1990.119202275373,638.241376336883,131.62965372987352
2025-08-02 11:00:00,1965.4244961617094,640.2140435421795,153.06708748846296
2025-08-02 12:00:00,1945.2210938695173,678.1479048557051,133.7308227465242
2025-08-02 13:00:00,1926.7000155825478,630.4288853435535,165.05126338042916
2025-08-02 14:00:00,1787.7940959927075,590.5483540532288,143.3344657562315
2025-08-02 15:00:00,1866.9408801762527,664.0378196796438,124.23341972322288
2025-08-02 16:00:00,1805.1737609062366,576.084582686296,136.06647719097316
2025-08-02 17:00:00,1799.9823053980197,579.0333242198981,113.46860259983713
2025-08-02 18:00:00,1724.514234039878,549.8550006646847,125.64467813374503
2025-08-02 19:00:00,1687.8597930253243,561.6089344448883,119.87743080356783
2025-08-02 20:00:00,1790.4485703813632,559.6542873112104,114.8048797516981
2025-08-02 21:00:00,1797.006233223134,604.8755280741365,114.63344940546833
2025-08-02 22:00:00,1548.3951632612172,528.0515475102221,143.0954587147717
2025-08-02 23:00:00,1339.8200129679738,472.3952680446922,98.20360508282378
2025-08-03 00:00:00,1070.1611872962674,384.66118060365847,84.57743824227781
2025-08-03 01:00:00,844.6828949502257,333.8315146469072,63.30640330864181
2025-08-03 02:00:00,676.9790337954946,217.99621811901812,56.490053676068634
2025-08-03 03:00:00,584.5785981620944,187.08941700864722,42.225292362262124
2025-08-03 04:00:00,559.2096293821925,216.4204829314629,39.3708743742114
2025-08-03 05:00:00,770.0641007903638,277.58637218681645,60.53169944132381
2025-08-03 06:00:00,1058.5934066930438,387.00550945430905,84.85522184961668
2025-08-03 07:00:00,1462.8746865896355,516.2449560740738,108.09331139691452
2025-08-03 08:00:00,1773.6022940546243,625.6227185613743,123.1413846179317
2025-08-03 09:00:00,1972.580350790034,687.3627847556867,145.25265796774102
2025-08-03 10:00:00,2041.317646194749,675.6647996763323,150.60083506025805
2025-08-03 11:00:00,1944.1773639076473,733.5867583886441,147.56666105743685
2025-08-03 12:00:00,1961.0833598358515,715.3129512448015,159.80428889446432
2025-08-03 13:00:00,1928.4702561018505,724.3546295308107,188.1884876734671
2025-08-03 14:00:00,1902.0067651034617,725.1875818433795,171.11414611716606
2025-08-03 15:00:00,1891.6456539619771,666.1486942506593,177.60016952378385
2025-08-03 16:00:00,1916.0804084099177,602.0384766288408,134.47609027378223
2025-08-03 17:00:00,1810.9151390323868,667.7859154222173,162.61848325162904
2025-08-03 18:00:00,1669.4327976627037,566.9342461963096,136.76373315835184
2025-08-03 19:00:00,1758.4746132023838,609.2272546958285,148.49769861712
2025-08-03 20:00:00,1802.419168886078,607.4112023674955,144.4948817270049
2025-08-03 21:00:00,1730.8897436900993,602.2375621883402,132.56664022017958
2025-08-03 22:00:00,1628.561889139535,572.9904859652116,133.31695268924616
2025-08-03 23:00:00,1359.8454085332658,480.0613772401942,111.77649661814479
2025-08-04 00:00:00,1065.7558214536496,336.06259886028187,68.2057607105701
2025-08-04 01:00:00,861.5847674258767,241.5418945667448,63.803935923911055
2025-08-04 02:00:00,682.4294028215364,198.8043838300782,56.42902418653482
2025-08-04 03:00:00,571.1941040278251,163.58489162349224,45.00915205262072
2025-08-04 04:00:00,565.634632722718,165.74958150395935,45.22816889006996
2025-08-04 05:00:00,749.1897032015587,224.68013063989466,53.393998346514344
2025-08-04 06:00:00,1084.5012068470062,343.2971473311209,83.30485080578501
2025-08-04 07:00:00,1409.5176767071237,411.8873298372842,106.15845395880658
2025-08-04 08:00:00,1703.6552229824763,449.6867910928855,126.06937121835074
2025-08-04 09:00:00,1904.2732280614784,594.9017515929575,132.79548696355818
2025-08-04 10:00:00,1908.1127820478505,595.4433722365719,164.7123441300592
2025-08-04 11:00:00,1914.0395676786065,576.552536429674,154.80135709415248
2025-08-04 12:00:00,1809.5465243056353,557.9793695935367,150.48123244754882
2025-08-04 13:00:00,1915.2050923594254,531.7651414603488,175.11954144679248
2025-08-04 14:00:00,1796.6422451288256,601.1763929716521,148.60428466542075
2025-08-04 15:00:00,1831.866804134558,540.8054786281803,156.7535300060401
2025-08-04 16:00:00,1800.4604920134636,482.4338764860397,139.45977044297382
2025-08-04 17:00:00,1741.8348578985203,514.3483427551761,125.24272821228023
2025-08-04 18:00:00,1605.4193404672524,519.6797436213558,111.81684738861883
2025-08-04 19:00:00,1666.8657000933504,497.31335453983485,130.25428417931823
2025-08-04 20:00:00,1792.9266112333469,484.2388305718211,92.70148521922357
2025-08-04 21:00:00,1795.0332966933859,482.04721727717015,134.0548196809281
2025-08-04 22:00:00,1583.0477348220693,435.14406203843754,121.10332231543524
2025-08-04 23:00:00,1337.4944556563664,420.46296848334197,98.35155871106393
2025-08-05 00:00:00,1057.1228149816457,359.50098216999965,78.6257582676045
2025-08-05 01:00:00,851.0635844607267,254.2538528278971,52.67624469290218
2025-08-05 02:00:00,662.4916229766067,224.80944795607365,55.87107479059726
2025-08-05 03:00:00,572.9248113827557,188.37433471323146,39.68691536163011
2025-08-05 04:00:00,545.8288157728396,180.29505483970024,36.306716215463545
2025-08-05 05:00:00,746.2518669215234,236.44008751712505,57.98070833534534
2025-08-05 06:00:00,1050.2245176768913,328.90211967900785,77.25070260926674
2025-08-05 07:00:00,1392.72672036495,482.8974640481891,97.08578052541137
2025-08-05 08:00:00,1684.7975442488878,557.8101724798181,115.25780183877953
2025-08-05 09:00:00,1817.773630071057,627.0188131087887,134.8317501517606
2025-08-05 10:00:00,1859.6219822146277,648.4256391554514,161.61747809997476
2025-08-05 11:00:00,2010.9536801379265,648.151170007954,147.59754815413024
2025-08-05 12:00:00,2021.2708715973472,612.6311320653816,137.4834804163053
2025-08-05 13:00:00,1870.749439733212,606.7277893963964,147.35376129119803
2025-08-05 14:00:00,1754.943523922057,638.4869596875562,133.46047892940123
2025-08-05 15:00:00,1749.9275732815122,633.8170200740012,136.2702256134744
2025-08-05 16:00:00,1771.1580174816604,544.9774968816015,129.59920796265538
2025-08-05 17:00:00,1741.6499297532848,551.20277287825,130.40190686328913
2025-08-05 18:00:00,1572.9531856657918,561.930881123208,113.17092022237222
2025-08-05 19:00:00,1630.865617131216,592.2266781290052,104.77192591880069
2025-08-05 20:00:00,1687.9574001168044,604.8092697434809,134.60598884615231
2025-08-05 21:00:00,1719.3072357204023,535.3784984670677,142.5360864219183
2025-08-05 22:00:00,1495.391376796456,531.6831739894556,97.22864092907736
2025-08-05 23:00:00,1242.0438923974295,431.99510216983856,96.67361407509138
2025-08-06 00:00:00,1141.6405465766384,368.383533047533,73.20711489572376
2025-08-06 01:00:00,888.1130742821337,279.333768073333,64.68111553267855
2025-08-06 02:00:00,685.4070239532011,201.55186108706496,48.36099938618377
2025-08-06 03:00:00,589.1415609445909,186.88338456200088,54.319399201461884
2025-08-06 04:00:00,566.2403378224163,188.044348278776,38.06339239110491
2025-08-06 05:00:00,755.7442912115843,241.63981702994855,61.897038121667364
2025-08-06 06:00:00,1109.5750915423503,333.05191836170945,87.03591566737259
2025-08-06 07:00:00,1442.239057232525,411.9622456949573,103.47640449633025
2025-08-06 08:00:00,1737.4908247148298,553.324706091243,117.99479394372854
2025-08-06 09:00:00,1985.4352034063575,601.460597988594,131.9926339053797
2025-08-06 10:00:00,1933.8319737396534,594.8698941790057,136.77088992846296
2025-08-06 11:00:00,1953.2434638615375,610.1546058838435,152.69774605935066
2025-08-06 12:00:00,1957.6110266751234,613.5986925852043,121.02229661100667
2025-08-06 13:00:00,1875.4648167675232,579.3569237491589,128.37730723928885
2025-08-06 14:00:00,1920.4909752023182,587.3645230646707,124.92878529357502
2025-08-06 15:00:00,1834.9169228826618,527.6160161529929,102.86000495488886
2025-08-06 16:00:00,1751.1279064342093,599.5485811279077,134.9641517921175
2025-08-06 17:00:00,1734.60460070495,541.4684928100395,132.36609056253613
2025-08-06 18:00:00,1687.1909944405513,496.8282626821731,107.23781009756756
2025-08-06 19:00:00,1731.9676455718218,464.6942433032605,128.62872893940698
2025-08-06 20:00:00,1750.4348817225675,567.9872519070283,98.38086616240706
2025-08-06 21:00:00,1753.7233581497871,555.6588174028112,119.02453535269835
2025-08-06 22:00:00,1571.2829838803698,491.61619915358193,105.32318571354492
2025-08-06 23:00:00,1332.7191485719316,436.15246495807133,92.73410647683782
2025-08-07 00:00:00,1033.6259028529996,352.8582891872467,51.41146068878597
2025-08-07 01:00:00,816.0916203558589,262.45656970105387,38.78610929589211
2025-08-07 02:00:00,640.1081579252171,204.96569831323484,29.906430334704122
2025-08-07 03:00:00,573.9194583820105,172.46967951060017,26.16662950815799
2025-08-07 04:00:00,560.1199499299156,176.927667934629,29.929240901105757
2025-08-07 05:00:00,740.7042591172843,249.56193565529153,32.962703711795925
2025-08-07 06:00:00,1024.5795807914328,324.00684084592825,60.93178872295303
2025-08-07 07:00:00,1337.4526175930016,461.3700981200525,60.324737621556146
2025-08-07 08:00:00,1553.7036787359243,526.5650101589846,79.82418643498517
2025-08-07 09:00:00,1779.402499315203,585.559721341167,91.83363984124514
2025-08-07 10:00:00,1877.2326631252265,671.1660341299759,87.58391523836175
2025-08-07 11:00:00,1875.7030297146246,646.4485350353325,103.50690630638617
2025-08-07 12:00:00,1855.0826837203992,635.8482198786023,93.68094412031897
2025-08-07 13:00:00,1836.2751889027695,552.7870561566882,84.57290444767494
2025-08-07 14:00:00,1731.5621029412403,627.2344720650636,97.9583019044134
2025-08-07 15:00:00,1699.9450741513056,554.3850592666188,74.52946015705459
2025-08-07 16:00:00,1760.7118063208275,537.494662761566,76.75157184874813
2025-08-07 17:00:00,1661.797197715073,467.9049156449324,83.37604919134183
2025-08-07 18:00:00,1560.5177201428382,514.7281330365416,82.83269678566003
2025-08-07 19:00:00,1581.160047677971,482.6615823499926,79.29323749558958
2025-08-07 20:00:00,1622.1024251075207,532.7962603555598,77.51224484377549
2025-08-07 21:00:00,1628.2035600478873,493.1204767407906,76.45595712336905
2025-08-07 22:00:00,1482.6453000514655,510.85499018644623,79.34914107262308
2025-08-07 23:00:00,1348.1625498883823,415.15702800242764,62.40852132980368
2025-08-08 00:00:00,1035.09051207481,381.1831268709738,64.04638037852432
2025-08-08 01:00:00,805.1789752052762,250.5550895669422,48.835937949299066
2025-08-08 02:00:00,601.4319512453233,226.22450115282217,50.44669268857562
2025-08-08 03:00:00,528.2739628824711,162.99375143076034,33.92199416689393
2025-08-08 04:00:00,545.6620527763725,177.678527918713,37.30317153376255
2025-08-08 05:00:00,718.8420166992419,229.7845343276331,55.95798373182829
2025-08-08 06:00:00,868.4571600165427,322.8816896280674,71.96791317726962
2025-08-08 07:00:00,1333.1985299685746,425.425061601608,82.5108459277374
2025-08-08 08:00:00,1655.7488201452154,500.8317559410382,96.08083210607849
2025-08-08 09:00:00,1649.510572880377,546.9861317279076,144.24902138518883
2025-08-08 10:00:00,1904.0909548251293,596.0184099883388,111.32662858941072
2025-08-08 11:00:00,1677.8213891988978,609.7994052810361,117.43278953794409
2025-08-08 12:00:00,1833.540939946746,629.3034569045566,127.66308301273266
2025-08-08 13:00:00,1746.4647448709286,590.8018631438704,117.14101247708174
2025-08-08 14:00:00,1609.8972643804852,606.9271893066674,125.6844327963176
2025-08-08 15:00:00,1712.1713893395329,523.5586143065929,97.70961244826319
2025-08-08 16:00:00,1704.3262415132954,539.0601500870487,110.83211795534959
2025-08-08 17:00:00,1603.6306064386536,547.5390265698975,117.02681195949799
2025-08-08 18:00:00,1564.828449624902,521.9121886429725,113.54057018386852
2025-08-08 19:00:00,1529.8557076479024,494.54904862588825,99.71543949273362
2025-08-08 20:00:00,1504.969883368961,553.2507414536691,96.98434540782124
2025-08-08 21:00:00,1618.1719212056773,515.7295943993541,111.554749552448
2025-08-08 22:00:00,1497.8963708648575,458.2801315475489,84.16202047495366
2025-08-08 23:00:00,1267.638523209354,419.4051465137453,96.12747427735869
2025-08-09 00:00:00,1075.6206132970274,381.10403253280595,66.02299791133242
2025-08-09 01:00:00,834.1849555591282,284.026140118387,45.90938047516704
2025-08-09 02:00:00,676.1359714266042,225.4276101099312,34.971880222363865
2025-08-09 03:00:00,559.3303738942029,185.69669022521617,31.083118546494592
2025-08-09 04:00:00,577.1576904060901,189.15270576783882,27.30763651799084
2025-08-09 05:00:00,790.3570426311776,275.44914969724204,46.94800694330553
2025-08-09 06:00:00,1050.5044271687789,370.38850541472857,56.956784115912
2025-08-09 07:00:00,1482.791590782578,508.0294673345351,86.30440882785608
2025-08-09 08:00:00,1775.1936170055662,598.6491256808055,105.3071236470565
2025-08-09 09:00:00,1912.5431378767728,630.5262025967494,122.28411609645596
2025-08-09 10:00:00,2021.7594436984675,625.4168363310513,118.95893746093788
2025-08-09 11:00:00,1912.4792070934525,646.3104374546664,129.32830628650646
2025-08-09 12:00:00,1968.4752697006054,643.1194213178924,130.2410772759013
2025-08-09 13:00:00,1942.6785560293247,626.2409114411578,113.80791400961571
2025-08-09 14:00:00,1924.524421765008,671.2207477603664,112.95099229107905
2025-08-09 15:00:00,1899.679831680211,658.3907579101921,100.6921808866643
2025-08-09 16:00:00,1847.6720411709382,679.6214668556294,93.43402483148652
2025-08-09 17:00:00,1750.7166895847092,568.2428610311429,114.48069059242192
2025-08-09 18:00:00,1723.845259097582,616.3329766612482,103.87243216331628
2025-08-09 19:00:00,1767.21233517062,619.3782353282523,105.27411703087036
2025-08-09 20:00:00,1759.0337747806784,583.4119256216417,94.11439109079198
2025-08-09 21:00:00,1779.3821219638637,603.5576909945607,118.19823508134805
2025-08-09 22:00:00,1576.9555816932955,562.1410898948434,88.12649169833479
2025-08-09 23:00:00,1337.4204576583322,454.3526023336755,70.90548868624145
2025-08-10 00:00:00,1177.0139064666257,361.05910401401616,86.97733026933847
2025-08-10 01:00:00,873.7692103786296,269.63005461287605,83.0029426265746
2025-08-10 02:00:00,713.4497555675414,195.89630136938476,49.64113142680132
2025-08-10 03:00:00,597.292117007267,187.62469102089295,43.83140716328354
2025-08-10 04:00:00,582.7474773689153,177.8177729089515,61.71091626560025
2025-08-10 05:00:00,789.3834975888714,236.62150089028347,70.16604027083531
2025-08-10 06:00:00,1098.831499697761,356.3578688074894,82.03559362463693
2025-08-10 07:00:00,1410.100286224746,430.56678994545587,104.32778563915025
2025-08-10 08:00:00,1796.8448557042261,578.7239293141668,116.4003380246858
2025-08-10 09:00:00,1990.4861434610984,634.1181076451111,159.7497170868724
2025-08-10 10:00:00,2117.630502939382,635.5397460911023,178.37198776390156
2025-08-10 11:00:00,2028.8911409772388,643.2635275939161,191.66990702067278
2025-08-10 12:00:00,2130.2146650024715,597.3601427978319,128.5891626386587
2025-08-10 13:00:00,1956.7225094074338,642.1131810161636,135.42511621561945
2025-08-10 14:00:00,1902.7729831335537,616.6226911112619,153.8943494231024
2025-08-10 15:00:00,1860.983488247715,607.2951490598666,199.14191840622766
2025-08-10 16:00:00,1778.18799200583,599.6816647356183,163.68856768670676
2025-08-10 17:00:00,1872.878737592225,545.2109230299359,149.35436288240174
2025-08-10 18:00:00,1808.1794504820102,505.526183420497,120.7635375221211
2025-08-10 19:00:00,1779.9501936809702,573.8646543639295,107.84568328038665
2025-08-10 20:00:00,1751.0552173595431,581.4439355477825,144.1684693448392
2025-08-10 21:00:00,1886.8552050784212,548.1249677582667,142.02207097428956
2025-08-10 22:00:00,1598.451199466985,515.7807706924083,125.30323534907141
2025-08-10 23:00:00,1376.7681709004557,461.06172664443915,106.32341217104909
2025-08-11 00:00:00,1108.0143622776623,374.12520139775495,76.87406091372739
2025-08-11 01:00:00,833.7317114011015,265.06869402713784,57.48473874506356
2025-08-11 02:00:00,694.4946474184792,202.10491943337314,59.09571919820776
2025-08-11 03:00:00,559.4985602660232,173.17135254219724,39.44558354413864
2025-08-11 04:00:00,541.3492030898683,179.47264726346262,41.69997618455279
2025-08-11 05:00:00,723.8863240771543,262.4914341130806,57.58393909333218
2025-08-11 06:00:00,971.3266317914595,328.89986194956816,86.5613793833027
2025-08-11 07:00:00,1342.4139327230419,437.3646001090584,96.44588676230352
2025-08-11 08:00:00,1676.1079151917977,524.5122092241456,141.02509303014236
2025-08-11 09:00:00,1835.207376803219,585.3853017149859,132.84525049758065
2025-08-11 10:00:00,1888.285736962612,627.8595174803928,145.59101851837866
2025-08-11 11:00:00,1826.7840858334503,586.735483933194,173.7627605572319
2025-08-11 12:00:00,1857.8147241106954,646.7545604867873,129.7617622708417
2025-08-11 13:00:00,1856.076683256328,596.6307391321874,152.78385091574035
2025-08-11 14:00:00,1801.777007440247,663.7027821019706,154.98661377127706
2025-08-11 15:00:00,1755.6194536020964,548.6651290317932,141.81352292782668
2025-08-11 16:00:00,1668.403603098793,611.6910051673344,132.28360773729761
2025-08-11 17:00:00,1680.3615821218693,582.8745462698124,158.4441104008522
2025-08-11 18:00:00,1452.1186792069693,519.1531588828155,124.76407755523549
2025-08-11 19:00:00,1616.6317213691689,522.2628971150264,128.3690818808877
2025-08-11 20:00:00,1758.3998423653552,521.7798666104691,124.13437401898305
2025-08-11 21:00:00,1571.5131158339711,522.0830462885149,130.92891315604655
2025-08-11 22:00:00,1466.2835363420982,491.38251143911793,128.00371699712764
2025-08-11 23:00:00,1270.463994226945,423.4185082552333,96.80880905993509
2025-08-12 00:00:00,995.3744982576146,320.02539214934376,46.10107023300205
2025-08-12 01:00:00,797.6556053259748,296.28235780300054,48.46223490775811
2025-08-12 02:00:00,627.9385132737667,210.5364633649664,32.42370710940172
2025-08-12 03:00:00,528.7263503706713,181.6994130072986,33.68301694466679
2025-08-12 04:00:00,530.2641054863795,173.0446376527292,30.716127322273046
2025-08-12 05:00:00,697.8154523535638,236.85425414250977,45.52235856082124
2025-08-12 06:00:00,1055.641644292397,327.77085417414423,51.53018927548636
2025-08-12 07:00:00,1285.863601707832,440.44450529047145,71.44369648558946
2025-08-12 08:00:00,1545.337055840451,528.3772748491692,87.6772540091889
2025-08-12 09:00:00,1626.3664146093847,610.4564074835281,84.9345602709733
2025-08-12 10:00:00,1758.5824483111721,621.0721595247107,118.46996242133494
2025-08-12 11:00:00,1834.8846238376902,632.4838166026085,86.78305935645993
2025-08-12 12:00:00,1681.669303012199,600.6644743131367,115.73369253377874
2025-08-12 13:00:00,1605.0399779438203,594.1524095374892,105.79619935707466
2025-08-12 14:00:00,1686.1587707329036,572.7922487221897,97.62552074567756
2025-08-12 15:00:00,1716.8494623856207,596.4645888390264,101.58606531141098
2025-08-12 16:00:00,1616.5941013371803,564.1601114296783,98.91519400866382
2025-08-12 17:00:00,1537.9262487414935,530.014479693301,87.96344735931994
2025-08-12 18:00:00,1427.701848414914,513.3452161117002,92.06000835458897
2025-08-12 19:00:00,1532.7545148129275,517.9766307961332,96.73410532925006
2025-08-12 20:00:00,1581.1724756750612,534.8850961925939,82.550578400291
2025-08-12 21:00:00,1475.2461753200814,532.6423806894529,95.38896168000693
2025-08-12 22:00:00,1441.3101009828943,467.62502108471614,59.23451366926339
2025-08-12 23:00:00,1228.4428772036695,429.07624948913843,56.36343630340265
2025-08-13 00:00:00,1092.85297376074,351.5645314154519,74.29161908941857
2025-08-13 01:00:00,827.9176033981919,282.3712168415181,51.40903408713278
2025-08-13 02:00:00,663.3949570090108,201.81455976083788,39.084923725685314
2025-08-13 03:00:00,561.6678345577436,182.3461208621358,36.380557841071685
2025-08-13 04:00:00,558.6897780614878,157.97476877987418,34.507268405632985
2025-08-13 05:00:00,695.8347154313469,243.29342227440043,43.2700995397495
2025-08-13 06:00:00,975.8663593111197,302.11010177006403,55.38531073887406
2025-08-13 07:00:00,1317.2039045047807,408.68910298576526,69.96287605642019
2025-08-13 08:00:00,1608.1779057094761,523.2908624717852,115.20160167348511
2025-08-13 09:00:00,1812.9259146220231,555.0705672491314,113.120345863963
2025-08-13 10:00:00,1892.0574023786612,576.3551243575613,136.92556736992097
2025-08-13 11:00:00,1925.14309991021,581.7301125012717,117.61525771433176
2025-08-13 12:00:00,1893.1050658203178,605.9470359229653,125.88803161623335
2025-08-13 13:00:00,1749.7872564410297,546.4503212570596,116.92963887337548
2025-08-13 14:00:00,1780.8003918719137,562.9884352709861,117.48228275684663
2025-08-13 15:00:00,1695.2699835393603,543.9073691816852,115.91858907821941
2025-08-13 16:00:00,1686.6855720092394,562.5003077115712,106.66517670771651
2025-08-13 17:00:00,1644.9960467516842,541.5575380097512,93.42319291615844
2025-08-13 18:00:00,1430.8520811157277,459.8047576035037,113.1818543798503
2025-08-13 19:00:00,1696.603460484912,532.847854490902,123.16832923972144
2025-08-13 20:00:00,1656.1342133719663,504.85010191123837,127.09399953658557
2025-08-13 21:00:00,1603.219737903358,526.1659587518407,101.30640148769528
2025-08-13 22:00:00,1546.1807831035217,446.9006404699333,89.28215539648305
2025-08-13 23:00:00,1251.0199211951385,410.33087225859117,78.48848165679377
2025-08-14 00:00:00,1068.3306796905986,442.77083451641687,71.92000668507995
2025-08-14 01:00:00,807.6351475523487,305.0449461984371,56.076484885122
2025-08-14 02:00:00,685.2507619392292,237.1523217055993,40.24775861727372
2025-08-14 03:00:00,555.1498616144111,203.85292824425483,32.21239091234319
2025-08-14 04:00:00,550.8854521835568,188.70134213954682,37.99092498640623
2025-08-14 05:00:00,761.6761666725038,291.98923905323153,31.374440982142374
2025-08-14 06:00:00,1040.1804555798733,384.70612312995786,69.7272477327127
2025-08-14 07:00:00,1348.8941749095713,474.85350445798775,83.5430076060352
2025-08-14 08:00:00,1671.3971856326712,570.7667220040311,121.08446284926066
2025-08-14 09:00:00,1928.9438309202797,667.4667314546869,138.12747012386117
2025-08-14 10:00:00,1899.808780322868,728.7263648222594,144.7370780557646
2025-08-14 11:00:00,1881.04212763627,655.6036556789579,124.30403807073294
2025-08-14 12:00:00,1850.9577904879718,718.8710480073702,111.30796412888803
2025-08-14 13:00:00,1867.165387243406,664.0172085257526,113.13633302058955
2025-08-14 14:00:00,1746.9490326881066,628.2748178503232,126.18350251793156
2025-08-14 15:00:00,1730.376703959005,631.1429615936187,98.7358907563499
2025-08-14 16:00:00,1629.8720604981038,683.9323226592412,134.98243381189565
2025-08-14 17:00:00,1583.3565057275555,565.6238545053152,108.7558651274254
2025-08-14 18:00:00,1565.40462541185,567.3286173654888,115.32507542141843
2025-08-14 19:00:00,1594.0677301894223,618.4249417031399,88.77973746340078
2025-08-14 20:00:00,1718.4033326806293,612.6902533498185,101.49253663249148
2025-08-14 21:00:00,1662.0106083986961,583.1335854725777,89.54017554268209
2025-08-14 22:00:00,1436.2124577579152,571.1775918238881,112.723709451467
2025-08-14 23:00:00,1243.2703103804681,492.9298729128746,85.89793601593418
2025-08-15 00:00:00,1209.0571891907018,369.4815744943455,85.67955338133442
2025-08-15 01:00:00,924.1412122628072,271.53499089213506,62.517913753632854
2025-08-15 02:00:00,717.5797775139656,218.97470213553157,52.20934770596343
2025-08-15 03:00:00,602.1205890881017,193.0304391365994,40.70875633683971
2025-08-15 04:00:00,619.5815138622423,175.70762170547863,40.71429719383842
2025-08-15 05:00:00,784.1097622806851,268.0602170302551,55.337088245175465
2025-08-15 06:00:00,1131.877173119227,378.4403167983784,80.99731521760451
2025-08-15 07:00:00,1571.266626924881,456.1838933868838,107.18022566758725
2025-08-15 08:00:00,1782.8966589827908,563.1986105065413,160.2161112692163
2025-08-15 09:00:00,1926.893758543931,650.4198051910116,161.32383169132342
2025-08-15 10:00:00,2082.6231889954024,703.9107593264787,115.24136081616147
2025-08-15 11:00:00,2023.167420787664,688.5070693345324,139.87720603712026
2025-08-15 12:00:00,1935.8636302830062,576.2900109458545,133.46741714155837
2025-08-15 13:00:00,2008.1192254879415,605.7450872521612,155.3963782890917
2025-08-15 14:00:00,2003.367840193283,621.4475980849852,130.0377538124674
2025-08-15 15:00:00,1890.3722768340174,581.336575138561,138.79282730807503
2025-08-15 16:00:00,1842.5774222612079,631.7605294358785,96.43148223033613
2025-08-15 17:00:00,1742.535733268381,603.3290388569601,103.77841823561367
2025-08-15 18:00:00,1729.6692728895803,521.0726656420635,147.61809283860944
2025-08-15 19:00:00,1718.4682954492139,540.9948295223369,121.65285226928732
2025-08-15 20:00:00,1740.0619045154167,538.9721195746698,110.6931399077479
2025-08-15 21:00:00,1885.249210678853,553.9709383199643,127.35549288197116
2025-08-15 22:00:00,1632.6863097210392,497.8754996148926,98.97208257349311
2025-08-15 23:00:00,1410.209483518948,453.51946341585614,93.24540763702637
2025-08-16 00:00:00,1267.998897837589,357.7735197223308,47.06408648927917
2025-08-16 01:00:00,967.3969611920974,249.877244497388,39.08558510802972
2025-08-16 02:00:00,744.66983628849,209.92637925908906,32.462645141255656
2025-08-16 03:00:00,642.0264330272062,182.91663409655067,32.236177568280446
2025-08-16 04:00:00,622.779385904144,183.5539877706281,29.7352493484417
2025-08-16 05:00:00,860.5940540075262,259.1667719977518,41.0118735386719
2025-08-16 06:00:00,1200.4045108295636,340.45252663204315,53.50355396823844
2025-08-16 07:00:00,1559.4959285945245,448.31569364195485,77.45913265261815
2025-08-16 08:00:00,1825.46856467329,546.9884933558061,77.4626304878322
2025-08-16 09:00:00,2117.472382086466,602.706320169029,87.61523386955277
2025-08-16 10:00:00,2193.097416184973,648.4655445629779,103.91348356154977
2025-08-16 11:00:00,2080.060322895447,644.2456997954055,96.09681935911927
2025-08-16 12:00:00,2187.85630653637,673.4367268251151,97.19543802339365
2025-08-16 13:00:00,2165.7154078103235,606.5932595656075,93.46740867758925
2025-08-16 14:00:00,2226.675202793987,617.44516561056,106.56997006803284
2025-08-16 15:00:00,2018.784566110696,600.3571210032298,105.1045598822651
2025-08-16 16:00:00,1962.6933253990164,625.5440537948116,83.82433892586228
2025-08-16 17:00:00,1855.874972535901,574.2711623954109,69.96853006564581
2025-08-16 18:00:00,1867.9457030301471,589.5546494678327,77.34881467313065
2025-08-16 19:00:00,1877.3545468621455,532.5265317143378,76.0622458300014
2025-08-16 20:00:00,1871.8213933308139,577.2075012847642,94.19410598082906
2025-08-16 21:00:00,1905.860060317568,562.4709195852269,95.02370324017451
2025-08-16 22:00:00,1626.438243778443,489.24399414761183,69.01793314817898
2025-08-16 23:00:00,1517.799837373709,445.50536264701583,61.31116950562704
2025-08-17 00:00:00,1087.1308596645497,422.9862965794463,41.50231566475871
2025-08-17 01:00:00,848.4219062980671,286.0016028061455,38.3133761211155
2025-08-17 02:00:00,647.825824005739,235.54047976686027,29.857454883189742
2025-08-17 03:00:00,560.7190470869659,187.50789120128388,27.509971720384357
2025-08-17 04:00:00,556.8801476653725,183.23520066850995,26.300509423947982
2025-08-17 05:00:00,761.7366131905834,257.46260134898904,36.12029566069244
2025-08-17 06:00:00,1081.7127717424166,366.782326890112,39.54900615603051
2025-08-17 07:00:00,1473.4093443814602,487.79720395682625,58.72116295447207
2025-08-17 08:00:00,1739.3396881961883,592.1704742325081,83.57398326107543
2025-08-17 09:00:00,1947.4088039200524,613.0386639895617,79.41904369822238
2025-08-17 10:00:00,2063.8321092386814,675.7099630267821,72.68284451516824
2025-08-17 11:00:00,2006.4123313442255,710.5818491936897,95.50006020175483
2025-08-17 12:00:00,1938.0924225056788,636.7064047248394,80.88528271262913
2025-08-17 13:00:00,1949.8953665939316,654.7106817957712,94.02512859386273
2025-08-17 14:00:00,1926.3150336890928,666.2652616423304,83.00203066620034
2025-08-17 15:00:00,1868.605685319624,620.3013232426134,79.16813181804001
2025-08-17 16:00:00,1718.937561762597,639.7680970549558,91.42336166826291
2025-08-17 17:00:00,1681.4476695710725,560.3413374325891,65.78154841768078
2025-08-17 18:00:00,1656.7377343142134,611.659447108625,85.75982261968235
2025-08-17 19:00:00,1714.8226133579767,599.9520904820675,69.46912541684205
2025-08-17 20:00:00,1720.8872972966155,606.4760750295492,77.91544745371878
2025-08-17 21:00:00,1776.5863651239706,637.7579978345116,77.99371872864505
2025-08-17 22:00:00,1604.219086126879,534.8802119500414,65.63040330738714
2025-08-17 23:00:00,1373.7290335914593,452.95043878886383,54.235296397247275
2025-08-18 00:00:00,1088.5826112844306,352.60287914910674,68.82461068067062
2025-08-18 01:00:00,783.9030845041281,276.03201548435896,48.92554653257811
2025-08-18 02:00:00,652.0613166574848,195.22863476902583,53.09432964843214
2025-08-18 03:00:00,535.8041293051617,170.18835752050978,35.17391942732509
2025-08-18 04:00:00,512.1320412150372,177.07801263333656,41.12859859226558
2025-08-18 05:00:00,719.5126701000783,226.8727756839829,54.86411457421739
2025-08-18 06:00:00,1049.5988869118648,326.92522979769524,71.60808495895587
2025-08-18 07:00:00,1357.1824429949338,436.58263445955726,89.87899811296214
2025-08-18 08:00:00,1701.1173117446297,491.8535259884366,111.92506186495125
2025-08-18 09:00:00,1799.5133766548859,573.6126898815137,129.44455148651198
2025-08-18 10:00:00,2000.6144376631291,587.7628869328721,128.86418317688543
2025-08-18 11:00:00,1873.646094991489,550.9089788967057,105.41169321084848
2025-08-18 12:00:00,1832.7736540398978,547.5439860904156,100.16552370232016
2025-08-18 13:00:00,1726.6676022767372,544.466864388907,141.79699189558005
2025-08-18 14:00:00,1820.8427870046178,579.3967925989862,85.96347871039441
2025-08-18 15:00:00,1708.980105197306,569.507420435949,120.4927044802512
2025-08-18 16:00:00,1661.731509078384,550.6100025374006,112.27767380357857
2025-08-18 17:00:00,1684.9655271396473,521.6259147740034,112.66911003440185
2025-08-18 18:00:00,1628.6181288236564,505.20614683123273,94.15317676034637
2025-08-18 19:00:00,1635.9188422517818,504.57259967824615,112.04845714798991
2025-08-18 20:00:00,1610.3002582089766,520.8226035647832,113.21072945041465
2025-08-18 21:00:00,1624.4396429861085,522.4968792011928,143.81619766230742
2025-08-18 22:00:00,1460.415785911874,428.09121919792176,100.9857787932436
2025-08-18 23:00:00,1285.4859648162549,379.873238464142,98.12814940260802
2025-08-19 00:00:00,1048.1644276502848,330.031248352394,35.32010968942889
2025-08-19 01:00:00,777.0125117699383,280.1480198633696,35.833734852452736
2025-08-19 02:00:00,645.8852487261269,228.56656184282437,26.31423747609085
2025-08-19 03:00:00,530.9122315001962,160.27968050537712,22.367377612047594
2025-08-19 04:00:00,506.7402021693086,189.70391310994253,22.060427942631
2025-08-19 05:00:00,706.5979753352257,239.77154084222724,34.32781236710136
2025-08-19 06:00:00,1011.3243082991953,350.0996488365036,41.624456059343565
2025-08-19 07:00:00,1350.6913023294105,453.1340420396462,49.12807271990939
2025-08-19 08:00:00,1589.3066889850436,568.9079810358336,60.24934794296734
2025-08-19 09:00:00,1712.2211413432594,597.5536704678046,78.14154082740524
2025-08-19 10:00:00,1778.6552608837478,577.8831607473824,78.72369981539087
2025-08-19 11:00:00,1810.3002781764133,612.826372570727,62.383808449593126
2025-08-19 12:00:00,1832.0661133209553,620.2145182723315,77.53093219804798
2025-08-19 13:00:00,1731.7221367026086,585.3719687431576,63.39044045277119
2025-08-19 14:00:00,1708.868138634002,601.9729439803602,74.16436093250776
2025-08-19 15:00:00,1658.427921016912,570.7362547924556,63.435328888913105
2025-08-19 16:00:00,1601.9994298911438,542.8846213766927,65.777877193531
2025-08-19 17:00:00,1546.9758538944413,509.0530503332725,61.36588399916521
2025-08-19 18:00:00,1512.617741067381,511.1207285512154,73.6212943858652
2025-08-19 19:00:00,1587.4517660331412,528.8916720266757,66.32464702949817
2025-08-19 20:00:00,1543.6088194363413,486.35301308449004,74.1037558765869
2025-08-19 21:00:00,1556.2961159391432,517.0034504598341,85.62970055628232
2025-08-19 22:00:00,1363.2666991225146,436.3516209473027,58.91824301386404
2025-08-19 23:00:00,1224.8375099478196,402.76825304751225,58.57369338627727
2025-08-20 00:00:00,1087.8240854487308,372.11208449335044,68.09129984042094
2025-08-20 01:00:00,837.57246262578,253.52557136976378,63.97320060084579
2025-08-20 02:00:00,640.4328449297055,221.04037424824375,40.85908674099067
2025-08-20 03:00:00,546.8055071040837,205.5520115330749,37.75931229998913
2025-08-20 04:00:00,527.6798348669319,190.40518918879238,39.42035602526379
2025-08-20 05:00:00,729.6217919903484,242.92215361901486,54.344336180470854
2025-08-20 06:00:00,1015.5554444285683,351.97606510327626,61.033070098149516
2025-08-20 07:00:00,1337.711726352175,418.6153606431048,85.08578796899441
2025-08-20 08:00:00,1612.9890341938983,498.3269708595725,120.43304819291649
2025-08-20 09:00:00,1810.2159459194168,600.9202556370727,120.67705818321585
2025-08-20 10:00:00,1854.4944347881901,639.7844238843569,111.58587308816368
2025-08-20 11:00:00,1849.0274146328038,658.0054301669938,129.87210000913066
2025-08-20 12:00:00,1915.956776865261,596.9944461425879,126.91080190356587
2025-08-20 13:00:00,1922.9810108593624,605.7011480192081,128.08073171032353
2025-08-20 14:00:00,1703.6920301342086,596.363982734532,131.03727133576788
2025-08-20 15:00:00,1669.2543578162042,577.0799134201292,127.75672148528896
2025-08-20 16:00:00,1643.8595806076758,564.9864862491538,108.87468305195536
2025-08-20 17:00:00,1618.5652093906124,522.3700126980932,109.04657545872072
2025-08-20 18:00:00,1613.3023338971575,535.4911236202792,121.75470427021932
2025-08-20 19:00:00,1608.272108874919,536.1129166405747,104.69306715405249
2025-08-20 20:00:00,1631.0467780798779,533.300771050079,109.24082128981358
2025-08-20 21:00:00,1647.2269835236946,562.4478451011842,95.54945129798492
2025-08-20 22:00:00,1430.6446275598335,514.0589576033891,102.24152114929156
2025-08-20 23:00:00,1244.7906218764658,434.51119469935963,91.40283971541234
2025-08-21 00:00:00,1092.2944512411427,312.2337555264227,62.14056347221938
2025-08-21 01:00:00,797.7292213992639,252.32774048715885,53.366652660624496
2025-08-21 02:00:00,641.0052384234536,190.53116135087296,40.537406376972164
2025-08-21 03:00:00,541.6765950669654,169.0257708394007,43.882775446515204
2025-08-21 04:00:00,562.3339049086859,158.37789187823623,31.57703579675238
2025-08-21 05:00:00,753.7049048671904,239.13231903271972,53.66819718728967
2025-08-21 06:00:00,1067.7832771793778,327.8341409703344,81.809691963458
2025-08-21 07:00:00,1322.566467042256,442.8570129791437,102.86152509348089
2025-08-21 08:00:00,1608.7357682162067,530.6176487380906,115.57946221608367
2025-08-21 09:00:00,1902.2496053164814,554.5519841022174,140.1098280155958
2025-08-21 10:00:00,1802.1208830654273,575.7045331347739,157.11934023298332
2025-08-21 11:00:00,2011.657989215062,634.5229818903315,139.01367273160085
2025-08-21 12:00:00,1813.3998802063036,570.2652334172428,104.70143647348456
2025-08-21 13:00:00,1911.6452992546035,525.0878130783477,151.81449879436823
2025-08-21 14:00:00,1796.1224533673021,581.143274284343,138.94744149681623
2025-08-21 15:00:00,1860.3440140154248,547.5598025933739,130.22390118428285
2025-08-21 16:00:00,1922.440676872849,569.4979815239818,100.25045028724101
2025-08-21 17:00:00,1587.84903049033,516.1044127365021,118.64358280353717
2025-08-21 18:00:00,1675.764413547564,494.0909307514729,107.60856641019734
2025-08-21 19:00:00,1569.0006363403259,533.8615955782738,103.76737954713816
2025-08-21 20:00:00,1715.698104322633,472.14609140091494,120.79002379043806
2025-08-21 21:00:00,1685.698384150332,495.66467592165907,115.49195741032459
2025-08-21 22:00:00,1528.8448105298824,438.6376827140723,104.54927170243832
2025-08-21 23:00:00,1274.8083156166806,351.77272455655515,102.15616812816778
2025-08-22 00:00:00,1162.377298734621,388.9001132653122,89.30105941505062
2025-08-22 01:00:00,832.6089328470673,276.9439078924878,62.73089857685197
2025-08-22 02:00:00,711.6449422588292,235.4851459079139,49.00304856531862
2025-08-22 03:00:00,573.2184857868166,193.7760667481666,42.1147148636279
2025-08-22 04:00:00,548.4872120086054,192.74493079233434,42.43968186105828
2025-08-22 05:00:00,812.3954608116213,249.49159706203196,63.16515607150705
2025-08-22 06:00:00,1090.5454495755175,345.13645371680184,74.05080317057005
2025-08-22 07:00:00,1529.8095986111687,478.4820672571443,128.45271883138656
2025-08-22 08:00:00,1808.9550923273007,599.2988101651955,142.07889478129795
2025-08-22 09:00:00,1903.786249455934,637.1449241065519,104.6934704853859
2025-08-22 10:00:00,2032.3125458838963,645.5193458056174,157.05285175706064
2025-08-22 11:00:00,2035.008279722027,626.6723169398405,172.36984757900348
2025-08-22 12:00:00,2077.0904015313804,659.9085816118039,158.57876113790687
2025-08-22 13:00:00,1970.9842053004224,621.582925726751,142.1102463405553
2025-08-22 14:00:00,1929.65829194287,627.6636662900465,145.71365599657898
2025-08-22 15:00:00,1873.702887945686,610.9078968736826,146.71049304875604
2025-08-22 16:00:00,1836.6458049033265,590.3232086584619,152.19398702760037
2025-08-22 17:00:00,1831.6684802042375,587.9263978376571,114.33693962166424
2025-08-22 18:00:00,1713.4804012193542,577.0578054455648,122.31293269833594
2025-08-22 19:00:00,1703.2989540290305,618.6411203275127,154.88363081798545
2025-08-22 20:00:00,1739.4146616304843,600.942279916771,135.48210377407656
2025-08-22 21:00:00,1739.9448590530963,624.377012620519,157.31231690994457
2025-08-22 22:00:00,1525.2047918765147,500.0558851142732,160.4165581218844
2025-08-22 23:00:00,1333.9180406028715,412.2965802704764,98.53893574786682
2025-08-23 00:00:00,1193.8902203056975,381.3725967826425,61.83080570346669
2025-08-23 01:00:00,864.8160890624542,301.71129167016807,52.36726318630645
2025-08-23 02:00:00,699.2599857992266,236.1329647872623,47.55959954356038
2025-08-23 03:00:00,535.5001669687695,202.8339393700811,40.44000868338663
2025-08-23 04:00:00,575.1112583253529,165.40670225064702,43.71431134093314
2025-08-23 05:00:00,774.2968615784076,274.73757684521996,48.019295839689
2025-08-23 06:00:00,1085.128522301153,372.2581221829091,71.77642279834267
2025-08-23 07:00:00,1475.469897289919,452.39884255183,83.98984336572234
2025-08-23 08:00:00,1747.2251296147974,610.7142041560719,80.0403889056397
2025-08-23 09:00:00,1857.127973686774,662.8837156117778,121.84587599912452
2025-08-23 10:00:00,2119.4866624489,700.8340930538379,112.09182086609593
2025-08-23 11:00:00,2071.0240846579054,718.1888662717018,136.37788265978492
2025-08-23 12:00:00,2002.5358996912087,686.822520056144,99.73966273400366
2025-08-23 13:00:00,1920.9598726233735,610.6496577168773,112.58461589069283
2025-08-23 14:00:00,1866.712210502102,643.8127595186413,124.15292560119708
2025-08-23 15:00:00,1921.7515517767472,586.2671881145724,123.14543843442995
2025-08-23 16:00:00,1947.7772630884685,640.2014848304123,114.93244374844677
2025-08-23 17:00:00,1800.324099321345,636.5096978375411,133.37407424653114
2025-08-23 18:00:00,1667.9456624318511,543.1030421007533,125.79499815553761
2025-08-23 19:00:00,1755.1156528961349,561.9998940651242,100.10689820450871
2025-08-23 20:00:00,1787.499492233234,570.7448482781898,130.27824722688948
2025-08-23 21:00:00,1833.3657285384022,583.1017245070638,132.1121046204834
2025-08-23 22:00:00,1633.3157614800807,545.562654697769,98.21821584395107
2025-08-23 23:00:00,1261.271945298469,448.4432678476084,85.70985569059336
2025-08-24 00:00:00,1172.0570640886951,399.81118953792185,80.9708333929474
2025-08-24 01:00:00,850.7971126662264,309.00708263062796,57.42425824028813
2025-08-24 02:00:00,661.8629356341721,243.71800256566627,45.737855602908084
2025-08-24 03:00:00,574.5305326604598,183.41203158229712,46.54494374138838
2025-08-24 04:00:00,574.7882371246936,203.56642699513532,41.97195084994534
2025-08-24 05:00:00,746.4328239275817,281.2493704724791,51.86183390872617
2025-08-24 06:00:00,1129.7542482050717,399.89538494073565,70.31015939310639
2025-08-24 07:00:00,1511.7049477746928,493.11761719238217,95.82524317574723
2025-08-24 08:00:00,1789.557545626393,578.1757780956691,123.80624625666859
2025-08-24 09:00:00,1943.6543580245336,636.8827203274931,154.3523888097519
2025-08-24 10:00:00,2027.9415629155528,662.6538616151363,133.3596823952783
2025-08-24 11:00:00,2135.1393533113824,697.2298507028314,160.6601084356469
2025-08-24 12:00:00,1952.4111468346462,712.4077586632366,146.82057960908458
2025-08-24 13:00:00,2051.1393369662733,710.986479010778,142.64733548995116
2025-08-24 14:00:00,1954.945147156849,643.8630114910342,153.87665371823465
2025-08-24 15:00:00,1921.6297822241931,645.6440249487633,148.2790764232063
2025-08-24 16:00:00,1790.5655788639774,628.054110135032,112.45710415293739
2025-08-24 17:00:00,1798.4231576203115,587.6145319705233,112.41996931558492
2025-08-24 18:00:00,1779.9817887861957,608.4116281627321,120.35136964434685
2025-08-24 19:00:00,1693.6340878779608,600.9925942056481,128.84878486930288
2025-08-24 20:00:00,1830.9707892138135,610.4040346638142,146.14998819200835
2025-08-24 21:00:00,1810.311880290884,616.7526402439709,128.24889154221904
2025-08-24 22:00:00,1590.6026692438516,559.95725717886,135.27858861714776
2025-08-24 23:00:00,1420.2101029890612,479.31105353200905,90.34544506023467
2025-08-25 00:00:00,935.6896239681769,337.75921810779965,76.26302995630965
2025-08-25 01:00:00,765.0652703254804,279.14953593331717,59.503491012937914
2025-08-25 02:00:00,625.2628175937591,213.83211478458506,44.28825346808205
2025-08-25 03:00:00,522.7017958958658,173.69700721256018,45.927439434541874
2025-08-25 04:00:00,499.9013736794658,176.58935168673696,28.129197498339227
2025-08-25 05:00:00,672.2556108886275,243.37496821691235,52.061412278419276
2025-08-25 06:00:00,940.1352635851894,355.6417901022507,87.38669032529009
2025-08-25 07:00:00,1265.3779519279203,427.805196952989,100.14201170512938
2025-08-25 08:00:00,1562.7654978578526,578.3850921453433,139.5283669566161
2025-08-25 09:00:00,1676.1981049591516,606.1841593803824,172.37759369434303
2025-08-25 10:00:00,1832.583557920835,618.1536432478534,147.01570958337385
2025-08-25 11:00:00,1893.0856210457714,614.472338836595,163.4471327922093
2025-08-25 12:00:00,1751.7075114825814,589.574511145506,179.80002745917847
2025-08-25 13:00:00,1650.4721027792968,554.5134196786667,145.327997317024
2025-08-25 14:00:00,1627.4257333736034,616.6211845776161,136.61347474963114
2025-08-25 15:00:00,1695.0086042216208,641.9234736612391,147.88882902335536
2025-08-25 16:00:00,1616.4449330192167,526.9737607157624,148.3413364517254
2025-08-25 17:00:00,1593.4259150072942,523.9306632463397,125.78497544431706
2025-08-25 18:00:00,1485.0144958816713,551.6337011962092,116.02129703877917
2025-08-25 19:00:00,1550.613140853211,533.9166851285462,145.93972025093876
2025-08-25 20:00:00,1548.4617025374619,571.3464849130921,122.61788259253382
2025-08-25 21:00:00,1523.5192619010545,546.4772203553767,142.62533600006552
2025-08-25 22:00:00,1380.1839652789827,479.0106214307689,116.58310778170967
2025-08-25 23:00:00,1156.4154012448714,417.83064309293786,116.3671552216249
2025-08-26 00:00:00,1152.9864527042828,396.1585240730969,54.02625342100605
2025-08-26 01:00:00,826.9228766509192,321.08514956209586,41.00143197358422
2025-08-26 02:00:00,665.492862423471,280.26649797564096,38.89449944215729
2025-08-26 03:00:00,540.2443966128258,237.78983437695376,26.21894237340643
2025-08-26 04:00:00,523.8410244009519,236.2799684746528,29.76422119898171
2025-08-26 05:00:00,736.5971664083833,310.4116399604816,47.144188575072405
2025-08-26 06:00:00,1080.6857052240093,382.87214817274815,46.07720866718425
2025-08-26 07:00:00,1378.9492913648894,555.9790092603755,79.52481783281722
2025-08-26 08:00:00,1647.6996596189674,736.6111016109353,104.02968923719969
2025-08-26 09:00:00,1889.9001633863695,831.9168771446205,102.1971699536537
2025-08-26 10:00:00,1996.892546921642,860.5261612235472,96.50531885479762
2025-08-26 11:00:00,2050.633147905908,794.5306003725134,103.75059656211515
2025-08-26 12:00:00,1944.611464041428,739.4446341065413,95.36100481759827
2025-08-26 13:00:00,1915.574216630617,769.8394311075858,103.2510113867131
2025-08-26 14:00:00,1892.687617118984,761.1135518192223,98.0267190469569
2025-08-26 15:00:00,1761.7115049620697,802.696588738878,93.6363008854633
2025-08-26 16:00:00,1728.677480205939,736.2327286196553,101.63011540958959
2025-08-26 17:00:00,1654.648318270161,700.0082925838711,108.80313057753447
2025-08-26 18:00:00,1592.1474288574602,680.2803807479679,93.25727221073586
2025-08-26 19:00:00,1699.376252405726,694.6473002874565,103.70065600833843
2025-08-26 20:00:00,1720.1228894288124,720.6392300977923,108.80020824096901
2025-08-26 21:00:00,1710.0890664831445,674.9294709270102,87.03313460971196
2025-08-26 22:00:00,1420.0201677399027,595.4271746088173,85.85441899889626
2025-08-26 23:00:00,1386.8783625487943,573.2877695876284,68.14924450315641
2025-08-27 00:00:00,1028.5388206068126,324.2736848051081,71.16749158365681
2025-08-27 01:00:00,845.6358374781576,288.21888603320826,66.73368792745183
2025-08-27 02:00:00,604.2604106581865,190.843458377778,44.83930995690547
2025-08-27 03:00:00,515.7435930397523,171.226656144134,44.620951306120574
2025-08-27 04:00:00,487.27109417395883,181.52055508811955,34.69600079181015
2025-08-27 05:00:00,722.0056977283698,238.67397676266805,58.49146646637905
2025-08-27 06:00:00,981.2347677632226,316.5122693146612,67.52007478141984
2025-08-27 07:00:00,1311.950117202333,460.92028698828295,116.58666241884217
2025-08-27 08:00:00,1570.4705799810938,547.0633272425198,125.6271451779766
2025-08-27 09:00:00,1859.6451352685738,601.4050390547598,138.4920005298228
2025-08-27 10:00:00,1943.0122807072164,616.9482062831403,171.72298307408275
2025-08-27 11:00:00,1992.6385506299291,632.2487046740971,147.08754193182122
2025-08-27 12:00:00,1826.9720631728892,604.4446419946535,151.44989897276798
2025-08-27 13:00:00,1831.252838907689,679.3303906090091,143.0979061240128
2025-08-27 14:00:00,1729.9985248457738,592.2818759252921,152.1037673190206
2025-08-27 15:00:00,1744.136237787064,577.2539276235295,157.4156409494846
2025-08-27 16:00:00,1693.2007440697673,558.6560792365123,150.51907434711515
2025-08-27 17:00:00,1671.478978995087,598.3344636718103,125.88433927126954
2025-08-27 18:00:00,1644.4784100997656,491.6046734174116,145.27968217857443
2025-08-27 19:00:00,1652.057333232877,546.1114877356863,116.35851655549749
2025-08-27 20:00:00,1611.2349847800394,544.5964568021163,121.92908104379731
2025-08-27 21:00:00,1696.0887117527961,513.0368742439983,130.74382057437816
2025-08-27 22:00:00,1478.198705126236,474.6109084980422,132.37780772954866
2025-08-27 23:00:00,1255.9630198650382,429.7021610225342,88.94515400649102
2025-08-28 00:00:00,1062.22786860732,302.488161636838,84.83710399686275
2025-08-28 01:00:00,807.8261631291653,242.07120993178856,58.24941784246261
2025-08-28 02:00:00,676.7201606045726,203.71472144729825,43.91507859437558
2025-08-28 03:00:00,544.7514290848659,158.64117537558812,43.144457387326476
2025-08-28 04:00:00,533.9384138164979,143.90529800510996,34.64508996328521
2025-08-28 05:00:00,727.6207719093368,204.7831131866553,65.27597413096018
2025-08-28 06:00:00,1110.869695339331,298.736353256971,72.82734470525466
2025-08-28 07:00:00,1441.1979588798913,398.1748626340278,100.89438636582507
2025-08-28 08:00:00,1646.0016505662638,492.95609138596893,139.9598601508076
2025-08-28 09:00:00,1858.3948243965976,553.7901160842086,136.25868757053235
2025-08-28 10:00:00,1948.645899852094,618.8908636743921,157.97402538577896
2025-08-28 11:00:00,1959.559630327781,568.4281184812309,109.90843280198054
2025-08-28 12:00:00,1879.0067533856925,527.1965009329585,130.2927542953485
2025-08-28 13:00:00,1895.6562890996695,575.993636060776,139.45226479028028
2025-08-28 14:00:00,1921.284460358541,570.7459028903103,147.2575301594074
2025-08-28 15:00:00,1744.8824216311284,533.6001794006869,140.09989137374123
2025-08-28 16:00:00,1711.8114290069457,508.76019004974256,135.43080267651413
2025-08-28 17:00:00,1674.4604125618314,509.3562669964103,135.10413599005943
2025-08-28 18:00:00,1624.6976576289912,474.2494181407631,123.47278002272037
2025-08-28 19:00:00,1745.8194864578732,433.79498718451987,90.69478512933611
2025-08-28 20:00:00,1744.850286273638,507.9433178887019,140.1006444293796
2025-08-28 21:00:00,1742.1298727451626,515.807356731896,110.2134133206872
2025-08-28 22:00:00,1510.7859101222127,474.2950097950061,112.3615609024042
2025-08-28 23:00:00,1292.4293882326435,366.1208948429522,94.84668711910558
2025-08-29 00:00:00,1028.1676997959462,333.18055345443076,67.39968582043812
2025-08-29 01:00:00,828.2758128966713,252.28142066001587,44.65381120151449
2025-08-29 02:00:00,645.2841723237736,196.58060725205482,31.479500676019295
2025-08-29 03:00:00,551.2518721056089,164.5686251937819,29.688305580084048
2025-08-29 04:00:00,520.3562679414972,161.2724684488031,35.68148383710376
2025-08-29 05:00:00,720.7013148809806,224.81200484044308,38.19242302913715
2025-08-29 06:00:00,1032.991694873465,327.52363387245657,58.20832097049039
2025-08-29 07:00:00,1410.437060731905,448.2203776527293,90.00711226696565
2025-08-29 08:00:00,1595.0016199935844,492.83104452606824,92.51418106971909
2025-08-29 09:00:00,1892.8523970332462,565.6656407127597,109.24226528127238
2025-08-29 10:00:00,1940.6256739855455,584.9723684114255,122.5797137705473
2025-08-29 11:00:00,1875.8835328291611,578.2367352086541,124.65792240799918
2025-08-29 12:00:00,1787.7162804980487,538.162758988031,105.32695665609818
2025-08-29 13:00:00,1847.6556574860963,571.0883690024051,117.82892623216044
2025-08-29 14:00:00,1902.5568789928518,575.431678596462,119.36278026169852
2025-08-29 15:00:00,1877.7157109789036,547.5484339458478,96.78964194658454
2025-08-29 16:00:00,1767.6823483456178,538.074047346655,112.0710590213331
2025-08-29 17:00:00,1772.7959486298253,527.3615472832612,97.01821328389734
2025-08-29 18:00:00,1626.54022091534,535.0304547106406,103.26895088407805
2025-08-29 19:00:00,1680.7836464777504,493.29437319383436,110.46030200153783
2025-08-29 20:00:00,1659.5200437735327,487.6035941521113,103.16487223286427
2025-08-29 21:00:00,1656.5455894417557,514.6374674869803,115.5608689585769
2025-08-29 22:00:00,1478.1671400649661,505.5981611081557,102.34508920171557
2025-08-29 23:00:00,1214.958640065561,374.2114202068266,88.58977545151593
2025-08-30 00:00:00,1255.574770470398,443.8307129636054,86.82848216132302
2025-08-30 01:00:00,896.5287251570223,342.25552268908353,70.12851885669068
2025-08-30 02:00:00,697.5046262964098,224.31885479364743,51.01802516810379
2025-08-30 03:00:00,574.2569357801078,215.00937177197153,33.412881270339255
2025-08-30 04:00:00,580.5233877714788,213.33637705520653,36.64607955691706
2025-08-30 05:00:00,853.2314100386187,284.96955283896267,54.54684467340242
2025-08-30 06:00:00,1230.1121998963422,399.69654696477636,79.02572346553612
2025-08-30 07:00:00,1488.5735849672512,538.3591234248119,111.30310929349352
2025-08-30 08:00:00,1871.3026152829566,660.3446703105949,118.41899064249309
2025-08-30 09:00:00,2048.431267343703,737.9431710538083,176.26353172634396
2025-08-30 10:00:00,2270.0498872180196,765.6663290321547,149.96565816557865
2025-08-30 11:00:00,2216.704568061496,767.7359365391375,150.83629712630696
2025-08-30 12:00:00,2120.8325330176367,810.7439214822984,137.4699686631954
2025-08-30 13:00:00,2113.6421211696684,704.8927129684478,129.08613612073074
2025-08-30 14:00:00,2051.7281889935407,675.8039260241786,140.79816247591828
2025-08-30 15:00:00,2131.523043795914,766.3787276098685,140.42777517566336
2025-08-30 16:00:00,2020.1132584398656,699.8469482632408,135.30430888757354
2025-08-30 17:00:00,1945.6833204140648,665.3548301182893,154.58602192778537
2025-08-30 18:00:00,1712.3264598245034,653.316375958516,125.27065876685475
2025-08-30 19:00:00,1856.6305749212522,667.0755148693343,126.5034858483047
2025-08-30 20:00:00,2021.076378703748,660.8997527866628,142.67512359609466
2025-08-30 21:00:00,1980.6920414651904,694.6848141479176,128.68655079550294
2025-08-30 22:00:00,1622.2997015839815,579.0236790127979,124.2737877220543
2025-08-30 23:00:00,1448.4825490888652,511.22040642975935,86.43392265588561
2025-08-31 00:00:00,1093.8333487640436,401.0793025510449,68.845778526142
2025-08-31 01:00:00,892.2637069237289,357.14295311962076,60.849503393075324
2025-08-31 02:00:00,669.2738723607201,261.57996299933365,45.705980175787225
2025-08-31 03:00:00,540.7904849656359,226.44675928410047,35.56416157475299
2025-08-31 04:00:00,543.8177752643677,220.6003898543615,38.82103609086732
2025-08-31 05:00:00,702.9451151868324,308.905471800107,54.67787535029138
2025-08-31 06:00:00,1052.225593038157,430.5040809996019,70.65046616409509
2025-08-31 07:00:00,1460.2499694911626,589.8402151788008,97.1057545512843
2025-08-31 08:00:00,1808.7688572002146,668.7040236090771,127.53944003638777
2025-08-31 09:00:00,1865.5995412362581,738.5279616098207,123.74866654284446
2025-08-31 10:00:00,2043.9695253322204,815.9463778263556,136.18173281915097
2025-08-31 11:00:00,2114.614998707374,789.4082565394995,153.41925984949492
2025-08-31 12:00:00,1937.4001513266378,856.6806714573041,142.04010368448957
2025-08-31 13:00:00,1985.1727386670386,797.0883702579823,131.9325790489661
2025-08-31 14:00:00,1948.105454369544,745.0105900263253,123.74104084485244
2025-08-31 15:00:00,1998.4713193371094,746.9861223689051,119.76082342737054
2025-08-31 16:00:00,1848.491390972783,743.1418238230689,129.337666410857
2025-08-31 17:00:00,1777.1591315013516,706.3993787620774,153.53312314036876
2025-08-31 18:00:00,1770.9688847916107,695.5096754396693,129.44964014757815
2025-08-31 19:00:00,1674.5918533329013,692.4853078815445,104.96148862936708
2025-08-31 20:00:00,1774.7012910843903,661.0537524604849,135.5709613608123
2025-08-31 21:00:00,1762.9891739797843,634.9895520637889,115.59944003910604
2025-08-31 22:00:00,1592.684481037457,623.1115525717706,112.70178038091768
2025-08-31 23:00:00,1397.7019117340799,556.584279717389,90.15764209811641
2025-09-01 00:00:00,1072.361832387074,352.17365323430965,103.26633873565555
2025-09-01 01:00:00,779.3666501952761,286.3622305854962,56.032211873305634
2025-09-01 02:00:00,625.0500784351839,210.88206256083407,51.65410907214742
2025-09-01 03:00:00,540.260045801008,187.61715614352244,38.52996356009441
2025-09-01 04:00:00,498.1614553412608,182.762925553181,44.1895946045394
2025-09-01 05:00:00,712.217737980332,253.02534130216887,58.71968020316705
2025-09-01 06:00:00,1007.2203410436165,323.73517557028225,92.2772414600963
2025-09-01 07:00:00,1356.9675712066569,461.80660582577326,117.53838250502592
2025-09-01 08:00:00,1570.4343566744265,591.5427635571693,122.11065930471266
2025-09-01 09:00:00,1908.3799750313574,631.4398007354642,193.77981880092548
2025-09-01 10:00:00,1881.1268125897316,670.1499792224832,163.53414527352405
2025-09-01 11:00:00,1968.8912792427648,606.0870576413628,144.42352869093378
2025-09-01 12:00:00,1846.7588478138032,697.1513977789242,154.14161234687154
2025-09-01 13:00:00,1803.9646901959195,599.3710018883088,157.36415519739847
2025-09-01 14:00:00,1871.3638249033547,555.1274072128538,154.53813154493938
2025-09-01 15:00:00,1824.6510528638823,592.3999284662393,150.08731596799907
2025-09-01 16:00:00,1742.1301782239002,518.3196222840941,153.4955839617075
2025-09-01 17:00:00,1698.04646470908,534.7653093962426,145.9323731184207
2025-09-01 18:00:00,1597.7193461482275,614.4063019593864,117.3846483104665
2025-09-01 19:00:00,1618.988182777995,539.5760917694798,159.55410289511343
2025-09-01 20:00:00,1631.9774695091116,525.4100906375934,161.8156370143492
2025-09-01 21:00:00,1704.6829400177512,565.0816259705815,144.96259375088832
2025-09-01 22:00:00,1460.5201075879856,483.5965730359918,119.99734661322223
2025-09-01 23:00:00,1325.479382648207,450.0712720741906,102.72998841482458
2025-09-02 00:00:00,1219.290040744648,395.85904523859165,68.58770815824684
2025-09-02 01:00:00,926.7332535898723,315.53274162196203,52.39027056516566
2025-09-02 02:00:00,738.9100555861125,229.81606398300144,31.918787316316326
2025-09-02 03:00:00,602.403365413118,227.8860024357164,40.54080325114001
2025-09-02 04:00:00,586.9464231030016,203.87691941183928,38.553459965574575
2025-09-02 05:00:00,824.1983789213128,275.4330400822717,39.01769802622133
2025-09-02 06:00:00,1208.9279386222054,391.0040412412538,74.71054366942812
2025-09-02 07:00:00,1555.3979124335895,518.6274979813383,91.48871432866306
2025-09-02 08:00:00,1912.301260785327,621.5708119254969,108.49531481933138
2025-09-02 09:00:00,2142.5704308032355,692.804886900355,130.35854161198904
2025-09-02 10:00:00,2297.4349335627603,815.5853770802804,105.1809218407063
2025-09-02 11:00:00,2226.909319275994,730.8619836505574,128.87238380410898
2025-09-02 12:00:00,2303.344962441359,661.3602280463609,127.77702982564594
2025-09-02 13:00:00,2132.5906825890706,679.649472818645,124.83792675034722
2025-09-02 14:00:00,2097.54440994446,741.9191922441163,103.95829578428402
2025-09-02 15:00:00,2061.1435273130774,687.9260692616949,125.4480058453592
2025-09-02 16:00:00,1946.0868407069108,674.9857886921636,130.11868086602422
2025-09-02 17:00:00,1883.1779280788303,689.0408377162344,116.99042215932741
2025-09-02 18:00:00,1850.7007163732262,607.9484040900146,105.8503315698617
2025-09-02 19:00:00,1948.5858288108002,654.532703319762,140.86748736722976
2025-09-02 20:00:00,1937.5354861109777,631.0684437266955,100.84714918833505
2025-09-02 21:00:00,1913.0801217110582,670.3043508347486,121.4279510471683
2025-09-02 22:00:00,1796.19553358007,572.9512208263119,102.98631568149631
2025-09-02 23:00:00,1547.687421170622,493.00129589485977,104.36768138382406
2025-09-03 00:00:00,1110.0895957069026,416.27818423471564,81.85332474596012
2025-09-03 01:00:00,787.367492978304,312.0197075232776,62.929707496568206
2025-09-03 02:00:00,620.6120879475457,233.06369748261477,48.62332833396621
2025-09-03 03:00:00,549.445793701984,190.78174430920194,33.92434609364095
2025-09-03 04:00:00,517.554361882391,206.7736640987908,34.12108647953505
2025-09-03 05:00:00,712.5843821554485,275.6748421158868,51.02625776688153
2025-09-03 06:00:00,1048.7976597793513,376.58573280541447,83.12001317753092
2025-09-03 07:00:00,1421.6054556839358,499.9001783480475,103.84610605870901
2025-09-03 08:00:00,1648.463643637773,656.4112972306876,119.97495465117575
2025-09-03 09:00:00,1881.6561796551225,702.1004526575219,157.33877151122056
2025-09-03 10:00:00,2009.5180191728937,725.5070761457694,112.7264530721993
2025-09-03 11:00:00,1886.7764537905873,732.0326760369729,122.82541072426542
2025-09-03 12:00:00,1915.1716340240887,726.4271225433544,102.37593737313198
2025-09-03 13:00:00,1811.9880065500795,696.2882164368634,154.91005837886019
2025-09-03 14:00:00,1792.9605792928699,728.3518532986163,133.64289347479928
2025-09-03 15:00:00,1779.714629495777,716.1624459234898,146.30335335424076
2025-09-03 16:00:00,1787.3369680036326,675.4375702492136,127.68515721151375
2025-09-03 17:00:00,1677.7006755146672,674.0525500702652,137.74335368507283
2025-09-03 18:00:00,1610.0509966296297,612.4206525976837,118.4750512837437
2025-09-03 19:00:00,1650.9828452731842,636.031158042853,126.12610998308577
2025-09-03 20:00:00,1638.6968021738405,662.7324375944906,127.5527018596571
2025-09-03 21:00:00,1713.2003635890012,663.1782547208867,128.5479800687728
2025-09-03 22:00:00,1563.5495274780296,590.9157139230831,131.26529020998717
2025-09-03 23:00:00,1291.2100011802002,497.8692820935268,78.14216620818405
2025-09-04 00:00:00,1079.4317046037565,411.73139390867055,67.88898890647809
2025-09-04 01:00:00,824.0126520761672,275.1746496009382,52.48000168411253
2025-09-04 02:00:00,599.4613468494894,218.51709140256565,40.24530878136413
2025-09-04 03:00:00,535.3417150506062,180.84544018673807,31.799958592769247
2025-09-04 04:00:00,563.3441266996505,176.42450615458048,30.77376547700133
2025-09-04 05:00:00,722.9987633994208,227.1788382688916,53.272435329966875
2025-09-04 06:00:00,1037.1023606192514,384.5050371949918,65.05751834620679
2025-09-04 07:00:00,1429.74417759057,461.20285288181776,111.5168150916276
2025-09-04 08:00:00,1775.744489295284,593.0498458203828,113.07474357646372
2025-09-04 09:00:00,1947.4021222398817,611.6594001100084,115.69834354326103
2025-09-04 10:00:00,1866.253015940168,708.6862951310044,132.59166033117833
2025-09-04 11:00:00,2007.9064674576748,658.8870758712442,126.01260613484011
2025-09-04 12:00:00,2080.199937160461,635.4817022766331,140.0259812376264
2025-09-04 13:00:00,1928.737137113862,663.011931451257,104.3541867037729
2025-09-04 14:00:00,1808.513330909471,625.5321755303377,94.80015460815744
2025-09-04 15:00:00,1847.1910416529931,617.3669567727678,119.97898464723244
2025-09-04 16:00:00,1723.8100479451946,624.5557078916106,122.81596963914649
2025-09-04 17:00:00,1774.8088784501153,617.4604490322947,111.44000766304863
2025-09-04 18:00:00,1617.3599294771725,552.9487089566182,112.30939020311993
2025-09-04 19:00:00,1674.1883829452731,551.1058339523696,111.24368003635279
2025-09-04 20:00:00,1674.6325281953532,595.1312914999938,90.78750532668658
2025-09-04 21:00:00,1689.5508967076878,609.96271389892,111.3854534999304
2025-09-04 22:00:00,1599.430104161195,569.7239548291524,110.53435359570399
2025-09-04 23:00:00,1314.4197361248641,430.56562030402233,84.1084212001884
2025-09-05 00:00:00,1210.7645607525485,369.7731933000601,55.55284675858013
2025-09-05 01:00:00,893.4263879314668,297.83263280404236,46.81349302030613
2025-09-05 02:00:00,680.7150783637686,240.23964967319793,40.072604048766145
2025-09-05 03:00:00,574.6414665619654,173.0756298241995,37.419720069166104
2025-09-05 04:00:00,587.0459224579729,172.2987982006583,24.278663271364483
2025-09-05 05:00:00,843.0690378904931,255.1751205155789,44.869144551251296
2025-09-05 06:00:00,1160.354650354088,349.8663959512327,55.776239871363934
2025-09-05 07:00:00,1657.8345551224622,467.10943517503745,88.16271816874008
2025-09-05 08:00:00,1887.310421033903,594.9926657226326,107.7889320673458
2025-09-05 09:00:00,2136.7578125921646,706.0116612653602,110.33850614883006
2025-09-05 10:00:00,2185.456966600912,644.4503927698728,126.6796077652695
2025-09-05 11:00:00,2305.234230998335,734.5505399686258,132.5941875728323
2025-09-05 12:00:00,2331.2349299819334,653.7137847770568,113.82292920428881
2025-09-05 13:00:00,2045.2140855645396,667.7711707901884,96.82129614926902
2025-09-05 14:00:00,2099.854673070393,697.2320286688749,128.78261065294635
2025-09-05 15:00:00,2152.8688079004546,644.902775373522,119.23163634820735
2025-09-05 16:00:00,1946.2821151125677,610.3749826454919,113.23890168781467
2025-09-05 17:00:00,1977.1759923924044,614.9342411006763,94.7671612190774
2025-09-05 18:00:00,1949.2694697825732,570.7181243139527,109.76372184347186
2025-09-05 19:00:00,1899.340907445411,593.2577362447547,121.76182836284428
2025-09-05 20:00:00,1976.283368916059,588.4041155685263,101.07818309094819
2025-09-05 21:00:00,2042.092751098912,619.0445275185857,103.4689889110178
2025-09-05 22:00:00,1836.4631192665436,495.92538267136393,81.09131851447714
2025-09-05 23:00:00,1483.2587328630773,431.4281495134198,72.10212921943908
2025-09-06 00:00:00,1383.032599874018,396.0240256403325,75.99314346928209
2025-09-06 01:00:00,1022.6889139884723,316.88412394687276,65.20015374308667
2025-09-06 02:00:00,835.6893102161391,228.0391870426994,47.98892448615837
2025-09-06 03:00:00,646.0563024501574,196.55882699513455,42.805834741313205
2025-09-06 04:00:00,655.3299874888831,189.08653420291193,36.523576513221585
2025-09-06 05:00:00,934.2474900410082,302.19078532890495,56.023851787461126
2025-09-06 06:00:00,1325.9724414372429,387.6060499783532,73.87563440244548
2025-09-06 07:00:00,1831.3973733221083,515.8643187346887,113.55940940794736
2025-09-06 08:00:00,2364.9314928295453,676.0864499324251,111.30255848486735
2025-09-06 09:00:00,2458.274057524878,807.6309659522625,153.55666276113405
2025-09-06 10:00:00,2553.3027461130005,778.0546964661943,153.53904472582784
2025-09-06 11:00:00,2645.885007058809,777.4144003749284,160.6734808197443
2025-09-06 12:00:00,2542.5922457036245,812.3137944370646,127.04859111832265
2025-09-06 13:00:00,2565.806532648316,778.4241274641852,161.77881187297282
2025-09-06 14:00:00,2442.4085129038717,751.1237480945682,144.09800522757942
2025-09-06 15:00:00,2367.4527252338,701.350190087213,149.44601253885224
2025-09-06 16:00:00,2209.1302320295363,719.3302700227051,113.59595267401109
2025-09-06 17:00:00,2129.585677603855,630.7638421596607,118.25069179689564
2025-09-06 18:00:00,2048.9151143129498,634.0390476467569,126.69304786511815
2025-09-06 19:00:00,2194.4492672231563,702.8545305807434,152.78645395653942
2025-09-06 20:00:00,2145.6254798422387,717.7362877028824,144.40630407969545
2025-09-06 21:00:00,2308.7005716408707,689.4994582981536,138.5339218357684
2025-09-06 22:00:00,1996.004813306128,547.3736034375536,109.93742436557582
2025-09-06 23:00:00,1687.5257990233292,484.2918770891233,91.61582919171778
2025-09-07 00:00:00,1166.7224314798705,433.2388534138646,73.9183682252384
2025-09-07 01:00:00,907.9730616646722,331.8063017150993,57.6686448728001
2025-09-07 02:00:00,675.3277021547743,243.33419313125097,42.43387853840154
2025-09-07 03:00:00,554.1988725091308,211.10367248856681,40.55966658641267
2025-09-07 04:00:00,578.380573115263,227.8119337854524,31.142330309703667
2025-09-07 05:00:00,799.4971767952004,302.5475491625932,48.47342598237152
2025-09-07 06:00:00,1136.970462959275,433.6083192923669,56.15321232366197
2025-09-07 07:00:00,1575.4319937258347,551.675561813061,95.08512506919936
2025-09-07 08:00:00,1880.836812429032,649.0605600569963,130.89531617687703
2025-09-07 09:00:00,2124.628807075819,741.2725822156572,112.04059211534708
2025-09-07 10:00:00,2152.6922552896854,758.7940800272654,144.37322089501836
2025-09-07 11:00:00,2319.6665795913113,825.0923154756684,152.24528548662423
2025-09-07 12:00:00,2117.700336172062,821.9770601049393,119.6469187869163
2025-09-07 13:00:00,2193.495398701025,751.2953532822287,132.64248000827376
2025-09-07 14:00:00,2060.9713662762074,782.3153079388486,145.71240235129554
2025-09-07 15:00:00,2077.3714141135665,815.762815395036,125.06879920301023
2025-09-07 16:00:00,2021.799795363036,813.0825084784059,129.1256233008453
2025-09-07 17:00:00,1961.4026817122199,739.0635473599501,92.25093921626629
2025-09-07 18:00:00,1796.8457429783884,684.0002182432027,117.66096622092715
2025-09-07 19:00:00,1905.705143899126,718.3791380182133,117.34516185041356
2025-09-07 20:00:00,1998.5360400094075,759.1024392146699,97.77950136233102
2025-09-07 21:00:00,1886.7979299431138,643.3276814754635,102.24795856269381
2025-09-07 22:00:00,1700.5626258551815,682.5881575679856,108.71229125116844
2025-09-07 23:00:00,1425.7470923944488,528.1539953381708,84.06235793110352
2025-09-08 00:00:00,1125.9593505149514,387.88893427395436,97.70412872822259
2025-09-08 01:00:00,890.9634019952135,292.6915778933338,67.41905134847191
2025-09-08 02:00:00,640.7379871428111,234.45360315574283,50.87710452738907
2025-09-08 03:00:00,530.2425660329023,180.47086693125627,41.003060389396005
2025-09-08 04:00:00,559.0870481206995,184.7953821895737,42.33957645289965
2025-09-08 05:00:00,767.938999908725,271.05849102145095,62.925958364292896
2025-09-08 06:00:00,1153.6868964071866,385.49516395980015,88.37440413563696
2025-09-08 07:00:00,1452.8629084522772,524.8064241049753,107.7024938080482
2025-09-08 08:00:00,1792.977830064639,615.9349978670054,155.42733630555423
2025-09-08 09:00:00,1960.033111082559,722.8283157435345,164.074644658845
2025-09-08 10:00:00,2100.799753815192,770.2718209572656,167.19497013144277
2025-09-08 11:00:00,1979.6691091714308,764.6381006825758,161.35855192410563
2025-09-08 12:00:00,2083.7658694995303,730.9035806046384,165.32550897198072
2025-09-08 13:00:00,2014.9190105180342,731.122970424179,122.82901240654621
2025-09-08 14:00:00,1965.0512245600528,718.3662989864457,154.9195344042847
2025-09-08 15:00:00,1908.954974598321,763.4505728033358,174.3125165372622
2025-09-08 16:00:00,1835.187966205498,698.0460200637243,147.81805140826896
2025-09-08 17:00:00,1842.4864569329773,629.7189424645121,139.76981016051667
2025-09-08 18:00:00,1691.2714873385155,585.3505251552617,125.47675302689566
2025-09-08 19:00:00,1783.1459230582407,607.9247086219847,142.04172803012577
2025-09-08 20:00:00,1910.4063212306075,622.2835805974937,135.5962342499243
2025-09-08 21:00:00,1880.704905685488,648.079884805656,158.13646391538947
2025-09-08 22:00:00,1546.817590093186,546.3520925289978,112.29019247682567
2025-09-08 23:00:00,1355.2023031096348,509.6389772529582,100.37418054511957
2025-09-09 00:00:00,1189.42498841645,344.5479820866323,79.39597515199031
2025-09-09 01:00:00,876.5244542030066,254.15881023402923,76.0261696482032
2025-09-09 02:00:00,653.4445709578465,212.27050801345075,48.111094310132664
2025-09-09 03:00:00,567.1243041378938,169.1112816612388,38.12569832746848
2025-09-09 04:00:00,551.0207836324846,162.6417180257116,30.80956909844542
2025-09-09 05:00:00,820.7910389329099,237.2646321643714,50.7305405469125
2025-09-09 06:00:00,1118.0675658224275,340.77310077494843,85.97966205313396
2025-09-09 07:00:00,1572.1480176960097,478.6081169023507,116.2036524896671
2025-09-09 08:00:00,1784.1052515387983,563.6994169908828,124.1867817032398
2025-09-09 09:00:00,2008.2435211518184,632.711434662852,139.72480405043916
2025-09-09 10:00:00,2210.389208479303,680.6360234379645,187.99169085902815
2025-09-09 11:00:00,2222.0878423383583,710.9308196597128,201.22802541171063
2025-09-09 12:00:00,2060.552781961383,712.552858964883,171.94585956510488
2025-09-09 13:00:00,2068.9963661535435,654.2980716097744,174.5364456300919
2025-09-09 14:00:00,1959.239950020886,647.2977377386425,175.40425409724708
2025-09-09 15:00:00,1988.113402167891,622.2912748664663,178.91043454813686
2025-09-09 16:00:00,1994.2184285788194,626.5377671973271,136.15940035198852
2025-09-09 17:00:00,1846.6710150288186,598.4577969295941,122.20133298418271
2025-09-09 18:00:00,1797.323623154982,605.1584226128261,156.66085650671275
2025-09-09 19:00:00,1762.4014325951273,519.5579381195078,117.73866531378769
2025-09-09 20:00:00,1835.529632827768,580.7075909507892,120.00569784377564
2025-09-09 21:00:00,1961.1688329327667,597.0078862770489,120.3410634076536
2025-09-09 22:00:00,1674.5570628863234,524.4189037165233,118.9950807708529
2025-09-09 23:00:00,1383.5262894785724,426.91341459000677,80.74479319312265
2025-09-10 00:00:00,1236.5077708772899,360.74728105741855,57.5445861049894
2025-09-10 01:00:00,889.4075032335699,298.47220719981965,47.40015456977637
2025-09-10 02:00:00,699.5264971140907,214.01640560102834,34.21726390417095
2025-09-10 03:00:00,615.8446260906658,167.5384918156917,36.11131488394114
2025-09-10 04:00:00,580.4336020451252,187.27558301052838,31.836105321870306
2025-09-10 05:00:00,869.0157534950825,260.36416978990775,47.87371641603643
2025-09-10 06:00:00,1191.5373001791888,366.59716920610305,68.51957857711866
2025-09-10 07:00:00,1615.1398093101957,476.8262334043836,86.28724643502414
2025-09-10 08:00:00,2000.1231070603155,603.013140624144,118.734554914723
2025-09-10 09:00:00,2033.0844273433368,717.8352467480752,125.80733142496487
2025-09-10 10:00:00,2315.7677486104653,655.0291799327439,121.37214880180736
2025-09-10 11:00:00,2288.90163282182,653.7629954664252,102.33466794865052
2025-09-10 12:00:00,2343.207226458938,673.1659486188499,129.73836073601228
2025-09-10 13:00:00,2256.27085790997,677.0953145503801,103.57763452821425
2025-09-10 14:00:00,2096.8614537812196,652.1597908723959,123.07590258636128
2025-09-10 15:00:00,2196.875842303992,675.5511570407149,116.89838984238405
2025-09-10 16:00:00,2055.2951381401626,672.5502394516093,96.39745997870095
2025-09-10 17:00:00,1935.8865802426453,621.1165005141945,111.45168157707694
2025-09-10 18:00:00,1933.3318029875572,609.4019694903602,107.13750133478564
2025-09-10 19:00:00,1922.3502676521337,604.425275008644,107.76684007901387
2025-09-10 20:00:00,2071.389111936604,613.1340432947696,110.14523012680671
2025-09-10 21:00:00,2004.9477652098522,574.5035430359649,100.7703946907446
2025-09-10 22:00:00,1785.22682034376,520.4976607139316,103.10224045362983
2025-09-10 23:00:00,1549.2665826992934,435.86437963923777,76.36472896241315
2025-09-11 00:00:00,1153.3576353493115,444.32561481057996,71.35787815591733
2025-09-11 01:00:00,852.5689322439165,337.3695796828757,64.58246648598983
2025-09-11 02:00:00,669.9310802297307,239.61003012705035,51.197172169410294
2025-09-11 03:00:00,539.4476741693915,212.85154837256044,40.77641846571098
2025-09-11 04:00:00,523.3734888527716,199.49011606300218,36.73985584095149
2025-09-11 05:00:00,764.9352667208592,280.3565772154488,42.149485402323414
2025-09-11 06:00:00,1068.9953955856708,415.5900908681251,89.70918862180008
2025-09-11 07:00:00,1452.9133074042322,548.9858120124557,82.57524688880677
2025-09-11 08:00:00,1849.801477335244,726.4698239946855,135.40108447041192
2025-09-11 09:00:00,2063.270081325466,782.8849116230664,174.90557898167768
2025-09-11 10:00:00,2068.3484570495793,859.896067996491,151.66538850272337
2025-09-11 11:00:00,2033.239133353291,805.8089931380573,153.24740939191162
2025-09-11 12:00:00,2103.940118657147,792.4239411506421,151.81017140000532
2025-09-11 13:00:00,2017.983041677099,860.8275544245706,145.45383499578833
2025-09-11 14:00:00,1962.51569123261,716.8315560449042,176.0302657304561
2025-09-11 15:00:00,1890.2385565617074,810.1097100290118,125.0558397283259
2025-09-11 16:00:00,1877.1333910344038,803.2563796006358,120.1204006133641
2025-09-11 17:00:00,1782.8521896362547,739.7794856620563,124.14043904907746
2025-09-11 18:00:00,1694.9144719924082,679.5297142218687,148.04909351911135
2025-09-11 19:00:00,1742.7106784354664,742.2946647173894,117.45716212283607
2025-09-11 20:00:00,1797.1578656935226,702.2499459915517,134.68975409004116
2025-09-11 21:00:00,1765.2306179625443,688.9982609887991,143.60907418894737
2025-09-11 22:00:00,1634.2457739249653,625.4349563835034,124.68740779809487
2025-09-11 23:00:00,1405.4342366474375,527.5109775284544,108.64799949808436
2025-09-12 00:00:00,1191.0647995686013,381.5539624342045,79.05051351040794
2025-09-12 01:00:00,856.8774577821333,313.7488670626418,52.738857071690305
2025-09-12 02:00:00,680.1927940692298,221.09766237140641,37.42360449379947
2025-09-12 03:00:00,548.878936311599,188.57910287781496,32.885028062768654
2025-09-12 04:00:00,519.2546370540821,172.49482971141163,30.62046983845536
2025-09-12 05:00:00,779.2056182327339,264.1190858257911,57.53277694486184
2025-09-12 06:00:00,1114.8317056027415,361.4396970488675,61.84056970674814
2025-09-12 07:00:00,1614.1384929034587,489.3491111359261,93.60480824113036
2025-09-12 08:00:00,1905.3549386615948,627.9620729316529,90.6403435784973
2025-09-12 09:00:00,2088.6659344346,742.2820171079013,122.78001957150846
2025-09-12 10:00:00,2161.6330346110276,755.9799104805086,122.93463558303091
2025-09-12 11:00:00,2146.594526778248,754.9527846032624,135.52156942305746
2025-09-12 12:00:00,2038.5505061755011,718.647959741001,133.36708156851248
2025-09-12 13:00:00,1948.5248121173695,694.7100682910858,139.59326905641265
2025-09-12 14:00:00,1969.1924659863705,722.6000214971457,136.55003563084102
2025-09-12 15:00:00,1976.259964014992,663.7621893497042,116.11870927231217
2025-09-12 16:00:00,1816.0791182501514,692.1900175255422,102.39133041215672
2025-09-12 17:00:00,1822.4490314967338,676.2570027356813,99.58862765570095
2025-09-12 18:00:00,1778.971145208374,592.5453544735517,109.34053570132289
2025-09-12 19:00:00,1790.3924659755212,600.225035090344,108.27387157185768
2025-09-12 20:00:00,1816.381244212534,621.2622047886334,112.42519984383125
2025-09-12 21:00:00,1832.9309458062144,592.8250179582637,103.04311106234869
2025-09-12 22:00:00,1732.766591404556,557.093626564707,112.89601954967313
2025-09-12 23:00:00,1432.4212624137315,515.4812552929188,69.88136046031822
2025-09-13 00:00:00,1307.466731078901,435.15277507194793,59.540073869520654
2025-09-13 01:00:00,984.2590198874816,362.0975912815345,41.71905948832788
2025-09-13 02:00:00,757.4684672860784,256.0987845415618,35.47896013224077
2025-09-13 03:00:00,607.8999024878069,236.28473206825188,33.75776304785853
2025-09-13 04:00:00,596.7208030253978,203.48791620874695,28.291861458225462
2025-09-13 05:00:00,896.7175486323999,298.83769890520483,42.21840481907417
2025-09-13 06:00:00,1256.329437665744,419.3457646469584,65.24556239640394
2025-09-13 07:00:00,1674.5687604542516,576.2313823802272,79.7141669549788
2025-09-13 08:00:00,2101.1669696815297,772.9062530144687,104.90318498013495
2025-09-13 09:00:00,2362.342771341302,831.137020952489,115.80536828678042
2025-09-13 10:00:00,2332.611550593489,894.2304180683213,103.74916072514027
2025-09-13 11:00:00,2454.4192674560554,793.9413465654234,111.75240940706506
2025-09-13 12:00:00,2470.0613223752043,858.5213406679737,119.90662049146631
2025-09-13 13:00:00,2384.255264166857,774.3058893415285,128.38423189049718
2025-09-13 14:00:00,2464.8720748163914,748.8845693324193,126.50766879555141
2025-09-13 15:00:00,2354.2403416700304,794.0072762181801,133.61397773099088
2025-09-13 16:00:00,2307.48252094513,773.7263061685281,111.77091366988233
2025-09-13 17:00:00,2292.8065132110423,735.6795153683602,97.2738424757384
2025-09-13 18:00:00,2101.665145937837,734.8266413815909,97.86811150300734
2025-09-13 19:00:00,2078.915663572492,744.2873987964055,97.87645693676741
2025-09-13 20:00:00,2184.3395478916327,785.9552242810753,97.33369731109755
2025-09-13 21:00:00,2093.295810279035,691.5337504835405,106.04410546094397
2025-09-13 22:00:00,1904.145019222113,702.6826560939226,95.128159874074
2025-09-13 23:00:00,1584.1580979495532,607.4007482463594,67.44543107890776
2025-09-14 00:00:00,1329.4637416108208,441.7908189090984,87.12709162571514
2025-09-14 01:00:00,957.4819548830936,306.6665228671904,46.330487926051404
2025-09-14 02:00:00,734.4643229658268,239.00328259807304,43.32664573021241
2025-09-14 03:00:00,620.0646617500938,204.9941653956267,40.85923661013479
2025-09-14 04:00:00,599.3516744884777,225.85838108858454,38.0137466958214
2025-09-14 05:00:00,815.6285810281139,295.11198032864803,49.13303661568924
2025-09-14 06:00:00,1207.0975790998914,417.5477043796948,90.4822563196197
2025-09-14 07:00:00,1656.2371826089297,565.8822917448355,96.61292967473565
2025-09-14 08:00:00,2033.2270315150222,667.4464553316235,96.82669149821751
2025-09-14 09:00:00,2360.6929310829833,832.0334352496805,145.1296079575075
2025-09-14 10:00:00,2461.8478974344816,833.2568019226522,117.15850687078343
2025-09-14 11:00:00,2508.027785178482,917.7365880232585,131.40835611651423
2025-09-14 12:00:00,2440.5390400205256,842.4697018338297,151.2555942817686
2025-09-14 13:00:00,2403.5449561921873,830.3096834759532,131.45735180305357
2025-09-14 14:00:00,2338.797181443806,777.4323487080858,144.903358927732
2025-09-14 15:00:00,2267.641854166192,730.4567768658081,116.91346470320588
2025-09-14 16:00:00,2265.3186569185073,720.0252944172079,142.40013437831203
2025-09-14 17:00:00,2161.3851741819017,673.0731983447813,102.08103396654813
2025-09-14 18:00:00,2060.7736588004796,728.3040658379549,138.1495075364318
2025-09-14 19:00:00,2123.4701945264796,688.3945442535495,115.32465370928892
2025-09-14 20:00:00,1969.2183386955587,754.0289616558653,145.62264623202455
2025-09-14 21:00:00,2090.1803591472544,725.55585916584,113.5732963665751
2025-09-14 22:00:00,1864.8044733786548,634.2584321331498,134.72431931166838
2025-09-14 23:00:00,1649.2976602065962,515.641650956688,84.91748852510229
2025-09-15 00:00:00,1216.8756958561664,410.73915993458985,63.28418398921306
2025-09-15 01:00:00,830.2517319356766,297.324050645627,58.55677719170184
2025-09-15 02:00:00,691.2276863395261,241.02783699314713,50.77355803528799
2025-09-15 03:00:00,527.024897989735,182.6685682768376,39.83947928389931
2025-09-15 04:00:00,517.7901089069359,191.27475776020373,40.55757206484275
2025-09-15 05:00:00,760.1511667309238,286.8170966446673,56.058343207376964
2025-09-15 06:00:00,1105.7316962886828,392.5521443350059,68.48058169338434
2025-09-15 07:00:00,1450.213329185222,546.5528879328838,110.59568476548407
2025-09-15 08:00:00,1880.1829191790293,659.0552286591699,125.63746572078563
2025-09-15 09:00:00,2106.1930652557426,783.7310029914505,128.53953538565278
2025-09-15 10:00:00,2230.9075295810044,766.1260764722031,148.80509032215045
2025-09-15 11:00:00,2130.985292065293,774.4862919830986,144.41342796867767
2025-09-15 12:00:00,2114.7023755037453,733.9205990376612,164.44170532932694
2025-09-15 13:00:00,2065.216440028622,690.9328344949736,131.4739976323258
2025-09-15 14:00:00,2132.9583729454284,666.0469145583578,128.86945435357725
2025-09-15 15:00:00,1838.8102336689165,735.9789911236306,124.34173219169017
2025-09-15 16:00:00,1894.7750473861597,643.1120997702988,158.03907758610467
2025-09-15 17:00:00,1866.9825348833,671.6586518899983,116.99655251551258
2025-09-15 18:00:00,1751.8365043586296,640.0290056435475,138.76036768427838
2025-09-15 19:00:00,1803.5178322853817,658.8896052127159,108.71362352320601
2025-09-15 20:00:00,1860.1208575007886,632.1281416933462,132.62784569153936
2025-09-15 21:00:00,1832.4059160601485,623.4724766887925,129.3077464104762
2025-09-15 22:00:00,1669.4148275922573,589.308003537632,127.22175754332505
2025-09-15 23:00:00,1440.9077459642772,484.8194761599515,106.61304815352416
2025-09-16 00:00:00,1171.4996127267952,376.75682262390836,86.7384032014282
2025-09-16 01:00:00,863.954484673467,325.1306050212201,60.08895820396826
2025-09-16 02:00:00,669.083532764701,219.60917475521148,57.62100032734709
2025-09-16 03:00:00,550.380612861347,178.01970052238363,37.36934248854359
2025-09-16 04:00:00,514.0896415679038,181.413053002252,29.731780647467424
2025-09-16 05:00:00,783.5848908594687,278.7308221652048,45.06253816870608
2025-09-16 06:00:00,1114.3573555372338,343.203035260919,67.90594307508557
2025-09-16 07:00:00,1588.2966880780482,550.6915177801438,119.06294293278194
2025-09-16 08:00:00,1899.768329646273,606.8960538427712,168.89305323913229
2025-09-16 09:00:00,2160.399280125996,719.7782108896098,118.86736237873461
2025-09-16 10:00:00,2131.5186282249733,720.7700363189584,146.3798567883829
2025-09-16 11:00:00,2160.6649228995852,813.1578828583157,160.7095778424141
2025-09-16 12:00:00,2068.390780300956,732.2985333354796,182.33469133735377
2025-09-16 13:00:00,2050.8329126586477,686.3412806490686,139.52299178669125
2025-09-16 14:00:00,2133.7035150583556,690.1480934750741,159.9091948756678
2025-09-16 15:00:00,2105.0043001774243,689.5446242210381,143.36056416474676
2025-09-16 16:00:00,1907.1548151231605,675.0943297479308,184.1597707541668
2025-09-16 17:00:00,1865.021228663125,655.4009999272594,139.88776185211788
2025-09-16 18:00:00,1824.460046757413,621.065931893415,138.4264626556415
2025-09-16 19:00:00,1868.5612286898167,582.9467297717047,135.25898645409225
2025-09-16 20:00:00,1796.3490947803248,631.215889614108,131.55626068003184
2025-09-16 21:00:00,1804.6227944576115,660.6133535564915,151.88577086287063
2025-09-16 22:00:00,1709.427090377505,554.3110415874834,107.53294397322121
2025-09-16 23:00:00,1354.830117888052,502.58490879723394,81.8409824327568
2025-09-17 00:00:00,1105.1185748891176,424.563430389204,79.97853364343777
2025-09-17 01:00:00,833.8014182799005,311.1120872532739,65.62073501606156
2025-09-17 02:00:00,644.7500655134373,255.37737185814856,43.393646298460574
2025-09-17 03:00:00,519.6704623932209,181.01834676879096,38.667710742609906
2025-09-17 04:00:00,506.86971522397664,187.64875105715163,32.290935725037755
2025-09-17 05:00:00,751.0036163148852,294.49667900406115,59.42853045080631
2025-09-17 06:00:00,1079.439918354366,441.57669368527615,83.28565788391333
2025-09-17 07:00:00,1429.9796365911889,612.6527026218865,106.02294390162828
2025-09-17 08:00:00,1776.1073926659387,673.7255245405806,131.2476096033498
2025-09-17 09:00:00,2007.4551282507555,769.0457552431061,122.54321534094782
2025-09-17 10:00:00,2182.4832388923737,820.070493579841,129.2187407449812
2025-09-17 11:00:00,2118.434726834078,833.6599248044572,148.6061169398847
2025-09-17 12:00:00,2103.380750367181,782.3000820106109,156.00622350504247
2025-09-17 13:00:00,1952.328808658128,786.0879153862227,153.10249326759117
2025-09-17 14:00:00,1928.6421437649935,757.9216203947635,136.6118527527032
2025-09-17 15:00:00,1906.1441563788787,745.1940984065919,150.63289460365442
2025-09-17 16:00:00,1863.0839103443507,677.1060605229615,156.7791002175066
2025-09-17 17:00:00,1743.0155220536235,668.5682684113636,129.04539238159762
2025-09-17 18:00:00,1797.066317001022,640.8631137160024,130.31899996240767
2025-09-17 19:00:00,1788.3928110565257,623.116634449566,123.94461673561285
2025-09-17 20:00:00,1778.1960435145695,625.1086764460235,128.51492629737007
2025-09-17 21:00:00,1825.650673832014,665.4654170200561,132.68479756476432
2025-09-17 22:00:00,1610.780155677921,598.6543307394438,137.72223973082902
2025-09-17 23:00:00,1387.2888130147358,517.771469734236,108.57899832034785
2025-09-18 00:00:00,1132.9693943171337,430.5694530657253,99.32126088014013
2025-09-18 01:00:00,869.239745706811,313.7104197460954,64.28775107920264
2025-09-18 02:00:00,668.7877932741314,235.6386438940408,46.846969189869824
2025-09-18 03:00:00,557.6704480235331,186.5947407209683,44.24625991382167
2025-09-18 04:00:00,528.5355248573111,199.7536296512234,47.27756920059862
2025-09-18 05:00:00,717.4781419303961,273.38940415406023,70.88463014136516
2025-09-18 06:00:00,1092.4063496252909,392.80877042458576,64.1054363867816
2025-09-18 07:00:00,1529.6572160280298,540.8602821044531,150.0958136846556
2025-09-18 08:00:00,1870.413529752184,641.468016289675,151.14619381655868
2025-09-18 09:00:00,2188.5856308015314,725.4329082953064,177.83128583263695
2025-09-18 10:00:00,2227.4202686149033,759.4435921018896,137.81995684037477
2025-09-18 11:00:00,2186.5707760044024,766.269750062107,164.6554090549496
2025-09-18 12:00:00,2139.08303301307,786.8062479220414,180.60287008069344
2025-09-18 13:00:00,2154.7514281664494,759.2085109135364,141.3387132801222
2025-09-18 14:00:00,2025.9049826474595,788.6008304995245,109.70706354884148
2025-09-18 15:00:00,2011.3585234355462,761.4079574110918,162.08770971899165
2025-09-18 16:00:00,1908.6550522994087,767.5383413486842,151.66092597031772
2025-09-18 17:00:00,1962.1666211535514,690.4522568274326,168.9873221098803
2025-09-18 18:00:00,1846.520852596285,667.6773209559118,139.03225697521762
2025-09-18 19:00:00,1800.3525988974416,638.774340612936,140.93097640770674
2025-09-18 20:00:00,1881.3408804595304,699.1304295661504,157.22753932638358
2025-09-18 21:00:00,1914.2384234876474,650.9314912540056,162.53835626469606
2025-09-18 22:00:00,1672.6623433975851,557.3129567569866,120.47433119222869
2025-09-18 23:00:00,1409.4536853217044,547.2731479909962,122.1525373322657
2025-09-19 00:00:00,1155.7800061654411,382.1026766999807,63.13639345007995
2025-09-19 01:00:00,880.8112360255761,307.8075306583524,49.68089934112397
2025-09-19 02:00:00,662.6962538630191,221.38334712170024,40.80580571256642
2025-09-19 03:00:00,540.5552582275982,199.43035557092364,33.96192142384546
2025-09-19 04:00:00,517.2852366548835,196.95383139620972,31.59149730154282
2025-09-19 05:00:00,772.6423401275227,273.1369060139708,38.69730575554434
2025-09-19 06:00:00,1120.8007159822105,412.5936203794593,51.07347290704502
2025-09-19 07:00:00,1519.0546259248713,529.6778252285436,85.34834148128566
2025-09-19 08:00:00,1878.4099811684112,715.0239565127797,117.3262958572267
2025-09-19 09:00:00,2135.2098524414923,748.5591707479488,124.65562456994515
2025-09-19 10:00:00,2236.068163222135,724.5688610615964,127.91002180387008
2025-09-19 11:00:00,2216.6370602847273,756.6009044839309,123.97514494199145
2025-09-19 12:00:00,2127.907487357649,734.5669158717606,125.83105717721236
2025-09-19 13:00:00,2058.396870347323,713.7293815658664,106.09121734196273
2025-09-19 14:00:00,2000.953081048761,654.8831424756943,127.02709355166321
2025-09-19 15:00:00,1986.940501543564,710.9797495148039,125.34391642647311
2025-09-19 16:00:00,1970.701221130538,634.766143226587,107.6434379485647
2025-09-19 17:00:00,1846.8880377873734,572.6155094668046,112.3997946878616
2025-09-19 18:00:00,1832.3100614443326,620.7443630595077,84.57798225592063
2025-09-19 19:00:00,1788.0180303225775,611.5479273074999,106.47378291569494
2025-09-19 20:00:00,1800.75700864149,625.1175966218905,105.78104362316405
2025-09-19 21:00:00,1931.570497196447,554.3870084364148,121.94512087871875
2025-09-19 22:00:00,1662.8666506020654,558.1647326695199,93.72169548435056
2025-09-19 23:00:00,1397.7854344748382,490.2477228981698,88.98942068353414
2025-09-20 00:00:00,1277.8284089987992,402.74908339996,78.4569425599049
2025-09-20 01:00:00,986.4991247514755,313.0953950971275,45.61311386763382
2025-09-20 02:00:00,774.8910494270689,251.0783833900551,45.24915660963486
2025-09-20 03:00:00,602.1344843729053,196.7631529023656,38.655957357309966
2025-09-20 04:00:00,593.9553639544121,197.71507765570914,37.74550463764404
2025-09-20 05:00:00,886.3653020873638,285.83908949536067,54.44930595368841
2025-09-20 06:00:00,1197.1542549406672,377.87896208690177,74.07583531263954
2025-09-20 07:00:00,1812.791446451676,553.18553236867,103.06323013612302
2025-09-20 08:00:00,2238.8851635065257,692.4567820752688,114.39115386704542
2025-09-20 09:00:00,2170.0134509073223,724.3641935614364,114.39056342109099
2025-09-20 10:00:00,2455.110329291421,746.3428041777369,151.24657539285187
2025-09-20 11:00:00,2401.175592741531,792.2352132487657,140.02155099481774
2025-09-20 12:00:00,2386.8467683991184,703.6689329258514,166.91081892537593
2025-09-20 13:00:00,2320.012746572293,701.0243120452261,111.46502078320592
2025-09-20 14:00:00,2365.5721654601457,705.6358999279961,148.2930142242714
2025-09-20 15:00:00,2260.2535412253424,730.3086154855735,173.26241109501285
2025-09-20 16:00:00,2153.968099905289,704.0839351045202,134.65287826918834
2025-09-20 17:00:00,2108.5100164268447,701.2166913755004,131.64379567502152
2025-09-20 18:00:00,2079.549671435684,617.4141457649379,133.29388163799257
2025-09-20 19:00:00,1993.359978613773,619.1736386145137,135.12092983860774
2025-09-20 20:00:00,2021.2875718384441,684.7899361208136,125.864287728217
2025-09-20 21:00:00,2236.6132000531393,642.0614501254587,117.32108237692567
2025-09-20 22:00:00,1856.045274090554,578.3661552591509,125.75927907386362
2025-09-20 23:00:00,1597.8720622054964,460.2121807719418,79.11877135975286
2025-09-21 00:00:00,1262.6228206258993,456.72343949923726,120.65451768393143
2025-09-21 01:00:00,958.5616759845218,357.85939350851396,78.37902510580741
2025-09-21 02:00:00,758.0738770407881,242.1051066984069,62.6402023485113
2025-09-21 03:00:00,598.7756900398941,218.12089065671253,48.17808594050307
2025-09-21 04:00:00,553.6256760689836,203.35042847633272,57.878243284680394
2025-09-21 05:00:00,801.0016386817662,268.8106101160368,74.17907925934158
2025-09-21 06:00:00,1207.7493042594228,412.18059222832767,102.19829667674588
2025-09-21 07:00:00,1652.4828202340725,560.1305359519977,138.87698567980695
2025-09-21 08:00:00,1933.253247946736,705.4276605315742,173.24518062410482
2025-09-21 09:00:00,2326.9583425913233,818.7434908602188,248.35043981252713
2025-09-21 10:00:00,2313.4177168070923,916.8478487557528,177.3658535211733
2025-09-21 11:00:00,2473.7501406494916,779.6747953401208,229.98473192479955
2025-09-21 12:00:00,2448.8441017858804,802.7417720202085,214.43951833655066
2025-09-21 13:00:00,2259.1292073390205,767.6788875290873,230.06584479827
2025-09-21 14:00:00,2269.1141334534736,742.2228227536392,207.55696740298595
2025-09-21 15:00:00,2121.6720932841636,778.6541300870005,190.55734376266653
2025-09-21 16:00:00,2179.1296685836924,755.5700268572965,206.16766574602573
2025-09-21 17:00:00,2024.5368476421954,660.6774877384235,182.4132309312732
2025-09-21 18:00:00,1926.24196336035,701.3644369040308,186.284830255295
2025-09-21 19:00:00,1981.5111510874863,663.5728069418651,199.93670224488338
2025-09-21 20:00:00,2026.3972121066763,724.6350068129847,179.7708448120314
2025-09-21 21:00:00,2034.4585701359772,768.6950691966938,169.81912227250294
2025-09-21 22:00:00,1879.8764745289682,660.4525738292404,147.70526268766952
2025-09-21 23:00:00,1519.9719923334849,552.891956612619,141.29138393689644
2025-09-22 00:00:00,1277.8996071369334,388.45009293265457,49.64946747340798
2025-09-22 01:00:00,868.9209328382449,296.0748870960774,39.07687447979529
2025-09-22 02:00:00,722.4841358655491,232.26314086522595,27.859060053446505
2025-09-22 03:00:00,548.653670842019,188.83896823824105,26.814314787026998
2025-09-22 04:00:00,554.1182935303171,180.37124796145898,22.91264382046148
2025-09-22 05:00:00,785.8954255511889,263.35184609057694,30.87289131486259
2025-09-22 06:00:00,1154.8903160306984,357.1027262029896,46.17995041867798
2025-09-22 07:00:00,1623.662580289641,500.9763569755254,67.06646278437667
2025-09-22 08:00:00,2017.4055595748155,654.9831766578066,82.62595713489578
2025-09-22 09:00:00,2240.516191332658,738.1146012233647,100.25626486398932
2025-09-22 10:00:00,2248.214684234551,747.1025519948528,100.56130784070464
2025-09-22 11:00:00,2275.0224011049168,793.2462839627835,105.95638108328406
2025-09-22 12:00:00,2172.6562801709033,744.3337743072096,104.84907928575045
2025-09-22 13:00:00,2108.3684202735694,701.2282196100721,105.41924487989169
2025-09-22 14:00:00,2068.357358116796,657.6374811018384,76.32958379321732
2025-09-22 15:00:00,2068.9640773467827,732.748696951453,82.78228823278985
2025-09-22 16:00:00,2056.0404962682287,692.7005155670216,97.41884049593651
2025-09-22 17:00:00,1852.886285017545,695.9008373242536,90.11834499616016
2025-09-22 18:00:00,1891.6425716005908,684.4384979647061,94.26314888595786
2025-09-22 19:00:00,1985.288735784305,584.1729120508171,71.41140413495793
2025-09-22 20:00:00,2018.7316137727232,600.4338986567634,83.57545637522432
2025-09-22 21:00:00,1925.409496256494,551.5377359463845,85.27915416458397
2025-09-22 22:00:00,1678.2516346522464,596.5658030076148,80.02181513474082
2025-09-22 23:00:00,1501.6508814588203,500.31815483445894,66.99207132803053
2025-09-23 00:00:00,1166.807505396944,393.9969724238883,77.89097594598049
2025-09-23 01:00:00,951.8436985263155,272.9827821809017,54.17751830554907
2025-09-23 02:00:00,702.7803226874101,221.27300846437242,48.24591092363208
2025-09-23 03:00:00,606.78913573302,183.0724760752425,40.57595424693816
2025-09-23 04:00:00,539.1326803060613,184.79465283260723,29.58878309679113
2025-09-23 05:00:00,836.0098845967764,259.59591019381236,48.670220260310685
2025-09-23 06:00:00,1190.1462345419834,387.1972240259263,77.03911761272063
2025-09-23 07:00:00,1610.9067810785484,508.0117447408816,102.73050543852582
2025-09-23 08:00:00,1906.8519073605444,658.841263856718,112.6153875857633
2025-09-23 09:00:00,2257.4956357943533,719.3135619573535,135.58287163275298
2025-09-23 10:00:00,2372.6334615822257,689.9395719248546,114.66986267005797
2025-09-23 11:00:00,2433.407616790889,777.5289005368777,137.44182230006325
2025-09-23 12:00:00,2338.6424707179085,757.3625298325563,113.80847975213872
2025-09-23 13:00:00,2183.7180433390236,713.7001242049843,139.1953358364744
2025-09-23 14:00:00,2126.76933986694,697.1288360700852,114.32381989084429
2025-09-23 15:00:00,2062.8950534176797,728.2888997727323,129.6961678519397
2025-09-23 16:00:00,2176.842857204915,605.2797687829221,128.5260928746414
2025-09-23 17:00:00,1960.7672163709788,667.8469130843604,120.0747976891696
2025-09-23 18:00:00,2019.639653094322,595.5862825773639,107.3655370930949
2025-09-23 19:00:00,1978.8720016416632,645.5045868795945,113.24855721936589
2025-09-23 20:00:00,2022.7949681153868,633.6876427552088,134.31248590108996
2025-09-23 21:00:00,1987.1499004562997,592.1393070186868,113.627531805333
2025-09-23 22:00:00,1821.0994493694805,548.5545624716611,106.49585188961788
2025-09-23 23:00:00,1517.173142637232,500.67861133728314,84.75789828344455
2025-09-24 00:00:00,1193.6934603884604,474.82215591696456,73.47817153247628
2025-09-24 01:00:00,909.5727662116619,344.1875746714901,49.36410775669821
2025-09-24 02:00:00,680.2156530744851,263.37240025639034,34.37413887098851
2025-09-24 03:00:00,544.9733120005262,228.575969062662,30.605288837879364
2025-09-24 04:00:00,556.1003508142581,235.94828048300744,29.225300978773028
2025-09-24 05:00:00,786.1880918374354,280.8011191979891,49.72023443949292
2025-09-24 06:00:00,1169.5684431692362,521.0629460667471,62.99778437358542
2025-09-24 07:00:00,1552.4182032274148,631.5149967444459,73.36396823175137
2025-09-24 08:00:00,1852.8834421550625,784.0867464729612,110.8855693535744
2025-09-24 09:00:00,2251.9140443090528,836.2053262709986,140.60672584349712
2025-09-24 10:00:00,2349.762333570313,895.6950601315725,139.5810485495715
2025-09-24 11:00:00,2297.3436001612195,899.9897733434836,108.33235679629092
2025-09-24 12:00:00,2176.3214543182116,830.633056053547,117.20214079086712
2025-09-24 13:00:00,2129.819535697516,820.9400687297256,117.44943577645253
2025-09-24 14:00:00,2198.1522977807854,889.9818588543512,115.88534659183658
2025-09-24 15:00:00,2054.0897359991927,763.1433154107883,118.5123395078219
2025-09-24 16:00:00,1986.5476761083205,821.4542922073218,106.82203651741585
2025-09-24 17:00:00,2039.9319065961763,757.1843110489368,95.82532100790671
2025-09-24 18:00:00,1873.2888436724757,711.3640110280764,113.51005589630698
2025-09-24 19:00:00,1979.4107639748177,821.7564777820489,90.91153498510144
2025-09-24 20:00:00,1862.8561765465479,735.4038901424512,97.13116528303638
2025-09-24 21:00:00,1966.6219920387596,728.8547058114793,93.36155026935242
2025-09-24 22:00:00,1829.3257796922026,681.5530957194417,101.16057533882758
2025-09-24 23:00:00,1468.9344524701824,562.0347227561515,81.45329764021737
2025-09-25 00:00:00,1208.58164908085,357.3530188725234,85.08191553638211
2025-09-25 01:00:00,870.9804628097147,266.1547939238324,52.54977025092121
2025-09-25 02:00:00,709.6903036009745,204.41410628775398,37.983256163564874
2025-09-25 03:00:00,549.893661208391,163.90209129823316,34.12404780077717
2025-09-25 04:00:00,549.9471473236908,156.2925324620213,34.47645061052142
2025-09-25 05:00:00,767.2092500823136,240.40070007677824,51.82908468353804
2025-09-25 06:00:00,1215.3325105128952,339.88409703508216,60.769251891060684
2025-09-25 07:00:00,1638.8515021242492,454.6606876125998,106.50937521410151
2025-09-25 08:00:00,1934.8717292711383,608.8895757931771,111.5741266668019
2025-09-25 09:00:00,2099.2831321648337,632.7291241311433,128.67047707660802
2025-09-25 10:00:00,2372.527762476008,702.7476022459149,163.52583231432087
2025-09-25 11:00:00,2241.2273379863736,703.8152263974481,110.32268480232078
2025-09-25 12:00:00,2153.4855863747985,692.5875288484843,146.67597138485365
2025-09-25 13:00:00,2062.450794819658,657.7434634739332,143.1296778369088
2025-09-25 14:00:00,2098.9209872326783,627.1374833506264,124.2616671893209
2025-09-25 15:00:00,2010.0688496232017,612.8424266678568,127.17701612655058
2025-09-25 16:00:00,2006.793413287635,592.1582350745294,147.47149070239325
2025-09-25 17:00:00,1998.4292493275489,514.2044807629701,151.38379306946211
2025-09-25 18:00:00,1874.4243057179078,575.1259982558038,134.7393073877163
2025-09-25 19:00:00,1923.7813165097832,565.5119961449601,146.28299242251748
2025-09-25 20:00:00,1918.1783849104825,597.3533144995653,115.53316098807439
2025-09-25 21:00:00,1961.2908975548198,571.163834354034,103.52891858435734
2025-09-25 22:00:00,1839.933515020135,528.8433689652863,110.74815863117405
2025-09-25 23:00:00,1467.4820501499635,405.83109599637123,102.75010172589184
2025-09-26 00:00:00,1217.0305823331837,406.31825039118297,59.67024417724841
2025-09-26 01:00:00,851.1425684952543,280.21889067752073,49.64790446817678
2025-09-26 02:00:00,709.5939744880972,241.88584890959874,38.47647443592368
2025-09-26 03:00:00,547.679951731684,191.11843741566133,35.73805944934178
2025-09-26 04:00:00,560.588439182028,186.28111908665528,34.593187723391665
2025-09-26 05:00:00,782.6750977693051,285.4575834900498,44.605506230955875
2025-09-26 06:00:00,1171.4346331986615,403.47763299981193,72.78979875892058
2025-09-26 07:00:00,1599.9191995920894,522.7841510001819,85.30316559576093
2025-09-26 08:00:00,1891.7266977111742,769.6415421412161,113.29601759342316
2025-09-26 09:00:00,2211.6856280839493,766.2815568999024,114.8489143199232
2025-09-26 10:00:00,2203.2036390210774,762.9136400367479,137.27326116890814
2025-09-26 11:00:00,2289.1260019783426,775.3879875671969,126.86582921919685
2025-09-26 12:00:00,2174.616538741948,779.7905795311185,146.47412552172463
2025-09-26 13:00:00,2167.1884453667285,761.1482926466579,132.674515933751
2025-09-26 14:00:00,2087.5439662370004,804.0706578471046,127.88907348202515
2025-09-26 15:00:00,2075.851896319124,738.5976625159471,153.0862772798454
2025-09-26 16:00:00,1959.9698848425483,787.585093703592,130.45729859248056
2025-09-26 17:00:00,1950.2640259137452,678.2806623569924,115.2908627250105
2025-09-26 18:00:00,1876.3766235661974,684.1339961983972,108.84308040221575
2025-09-26 19:00:00,1856.1025625591913,707.373883629373,101.90133693244282
2025-09-26 20:00:00,1933.8960226066094,732.823697317028,119.21669172025445
2025-09-26 21:00:00,1944.1215266639474,736.7351959004912,124.06760669854931
2025-09-26 22:00:00,1697.7726337849099,609.7577035341999,84.91739024908543
2025-09-26 23:00:00,1460.5351848912612,524.1438035400136,77.46293717120425
2025-09-27 00:00:00,1281.1278645296495,364.46526188905295,91.3169757638459
2025-09-27 01:00:00,1036.373005728132,302.6909962996882,62.88891968126358
2025-09-27 02:00:00,764.2800310666673,245.5347772574974,54.72117735133745
2025-09-27 03:00:00,608.7325022615655,198.03868550861125,45.199720730226446
2025-09-27 04:00:00,612.00753779326,185.40717323944463,42.906132838599035
2025-09-27 05:00:00,810.0874142618852,291.5493482525638,66.66047221023047
2025-09-27 06:00:00,1170.5189845202992,388.68803196264787,86.63945137798733
2025-09-27 07:00:00,1702.0282298510213,522.0413469775674,125.6639609460415
2025-09-27 08:00:00,2020.364919524319,645.2265703603032,137.44399524012326
2025-09-27 09:00:00,2339.069122174045,699.6107242779107,178.0846840374024
2025-09-27 10:00:00,2483.979004787138,799.3237208126802,182.7037367732565
2025-09-27 11:00:00,2521.4687549906002,783.1212048514811,156.98730422387925
2025-09-27 12:00:00,2335.526801764717,780.2326033377059,174.02230864991694
2025-09-27 13:00:00,2380.9087773047263,724.9503816653363,172.05906191900795
2025-09-27 14:00:00,2321.011566266604,726.8765041039316,175.40521958116923
2025-09-27 15:00:00,2296.083502043352,639.1638579659713,172.59218286985967
2025-09-27 16:00:00,2184.256228334901,709.0332180132883,149.93974660747656
2025-09-27 17:00:00,2206.3583954814076,670.6049934241345,168.74057485268912
2025-09-27 18:00:00,2049.2590487812035,611.3293643458817,159.32754568981883
2025-09-27 19:00:00,2169.1230310314927,646.0353133796298,139.75604258743232
2025-09-27 20:00:00,2077.406606155868,659.0891694336132,136.60064974755323
2025-09-27 21:00:00,2168.3699286597916,724.3750015477484,144.93842680164707
2025-09-27 22:00:00,1890.8134831147893,564.5046651589574,116.84495976793269
2025-09-27 23:00:00,1591.357072910575,512.6822138090497,120.49242328713876
2025-09-28 00:00:00,1302.6673081510423,423.04667655325824,103.65115089259011
2025-09-28 01:00:00,936.3358615336036,320.54857287252304,78.2020706174822
2025-09-28 02:00:00,666.7812265039644,254.68902712152632,45.615446566938495
2025-09-28 03:00:00,535.8724344350751,202.36402975293458,45.64520513872851
2025-09-28 04:00:00,595.2317577482511,200.49056583218066,41.63875984358766
2025-09-28 05:00:00,860.8762662042054,295.0549415987162,44.26079015052648
2025-09-28 06:00:00,1288.6115780032173,416.8836404868111,84.71034214085141
2025-09-28 07:00:00,1671.0528647776948,608.2615307871756,114.2534545568764
2025-09-28 08:00:00,1967.5982581308756,701.6795101475342,165.72264901919792
2025-09-28 09:00:00,2260.7652361475402,794.3642045406898,148.74038086576013
2025-09-28 10:00:00,2400.2829300550343,851.8206117883567,182.73679927068733
2025-09-28 11:00:00,2321.151073668721,842.4326601132223,169.45672266365827
2025-09-28 12:00:00,2451.4464623898575,843.1406934250061,141.9193538943359
2025-09-28 13:00:00,2430.650039855112,810.3681577270321,154.4023794556435
2025-09-28 14:00:00,2284.096106915742,804.2560507379959,188.60511149335838
2025-09-28 15:00:00,2208.539607964977,758.658519437763,155.61129373867277
2025-09-28 16:00:00,2075.36216642922,712.4210851908559,169.71249332799243
2025-09-28 17:00:00,2152.810135016584,670.2911435538791,161.77559054118862
2025-09-28 18:00:00,2000.768209972879,640.2843987952651,136.36804829212667
2025-09-28 19:00:00,1991.493835022119,760.2165791894274,124.11335470318969
2025-09-28 20:00:00,2091.4133903703773,642.9451463913072,129.68228100005143
2025-09-28 21:00:00,2029.9229413978649,761.5924021999745,171.39959303271257
2025-09-28 22:00:00,1847.336435719996,616.4112924364553,134.23447842287155
2025-09-28 23:00:00,1497.0827442950429,575.4921010633577,90.97685079067534
2025-09-29 00:00:00,1259.1705686917317,428.4743188350491,69.27136280451947
2025-09-29 01:00:00,899.6921164784925,350.0673619261938,37.847393980963176
2025-09-29 02:00:00,711.4640590970757,289.4657860789705,32.63000487827855
2025-09-29 03:00:00,558.1097660634406,227.85233592957354,29.438654346086643
2025-09-29 04:00:00,548.5100537676623,212.5458237176122,36.432571041767645
2025-09-29 05:00:00,768.7994833044588,282.91924377451073,45.02524706354128
2025-09-29 06:00:00,1193.5771219125443,429.3154278008678,57.598063594341575
2025-09-29 07:00:00,1556.0852789199669,668.0213882483445,83.18909530370873
2025-09-29 08:00:00,1920.3741086190782,751.1117625417996,111.29197628822189
2025-09-29 09:00:00,2181.3647888872465,853.0229889408228,130.85641691169866
2025-09-29 10:00:00,2295.6283372993616,910.1364584557367,115.76880613173728
2025-09-29 11:00:00,2168.717553046585,837.3199607398099,115.60118757766497
2025-09-29 12:00:00,2220.1874242057547,894.1866071161515,105.75296139020425
2025-09-29 13:00:00,2229.7467538775413,838.6217780930267,121.57349831648403
2025-09-29 14:00:00,2126.6158947019458,855.4327456613921,124.15283813990237
2025-09-29 15:00:00,2093.471475035621,803.6023533361955,86.56505457750393
2025-09-29 16:00:00,2062.7169595992777,744.4871305728136,102.18134174307876
2025-09-29 17:00:00,1961.21436947373,756.3794577455261,88.89920593131548
2025-09-29 18:00:00,1849.3852089796694,770.4137615971368,100.62166827795865
2025-09-29 19:00:00,1912.9035674991503,765.7578642535317,86.2282629348951
2025-09-29 20:00:00,2022.7793733593485,773.5021967601792,87.71822657178882
2025-09-29 21:00:00,1910.3579517475598,805.9018171396451,114.76646345657598
2025-09-29 22:00:00,1736.6203298773205,681.9134466829163,89.61301966181847
2025-09-29 23:00:00,1431.084053162053,585.723204449166,76.89204424685768
2025-09-30 00:00:00,1234.3253138880978,367.74877700137597,76.42727646632602
2025-09-30 01:00:00,885.4054880363128,290.7367497331615,59.55248395442349
2025-09-30 02:00:00,661.5974279894988,215.1306997563233,39.28051983737442
2025-09-30 03:00:00,553.1068759453491,168.04294916829394,32.057745186004645
2025-09-30 04:00:00,522.9931777395173,157.20632460640076,31.462682508594007
2025-09-30 05:00:00,760.100525225844,258.1044259335013,53.07711256504984
2025-09-30 06:00:00,1103.2985252914075,347.0921986616545,69.31570722437301
2025-09-30 07:00:00,1523.433208693535,493.24281136944444,92.32820578315396
2025-09-30 08:00:00,1989.3856871189726,668.2804866795796,121.2871833094154
2025-09-30 09:00:00,2103.7580062105208,698.378039162114,156.2197410862518
2025-09-30 10:00:00,2282.0684655990935,760.1404094245903,137.86548894284377
2025-09-30 11:00:00,2189.864318718011,683.6227800259122,132.16158251542117
2025-09-30 12:00:00,2246.906867804474,724.4278167632118,161.6531201246755
2025-09-30 13:00:00,2086.1851938237014,673.1786120700475,149.1472449010783
2025-09-30 14:00:00,2118.550134332462,674.1794881633756,144.9449299076705
2025-09-30 15:00:00,2077.292077887137,712.7754343982089,119.10926113274236
2025-09-30 16:00:00,2153.1656068461575,624.3374655364172,114.77819396370568
2025-09-30 17:00:00,1971.8435497852313,607.1373571593448,94.30246953211672
2025-09-30 18:00:00,1843.6810931701796,561.210221707931,125.69629138691506
2025-09-30 19:00:00,1921.2936247895186,615.5008276653925,115.40773783870733
2025-09-30 20:00:00,2053.439545814244,590.1224450144139,94.72578410494631
2025-09-30 21:00:00,1849.5341090623922,636.5808199976593,132.9353573970355
2025-09-30 22:00:00,1687.0681799564427,497.66841550887204,101.06465943889079
2025-09-30 23:00:00,1455.5182251508625,470.8325274580654,86.89511611883344
2025-10-01 00:00:00,1299.8866130167478,372.02641343752407,67.5960840811796
2025-10-01 01:00:00,961.3520840419567,293.3168924881127,62.80659577679837
2025-10-01 02:00:00,713.5067516076093,216.04555675318636,47.97414089598283
2025-10-01 03:00:00,626.1700812001624,171.3608818616114,36.83574445008912
2025-10-01 04:00:00,567.5663835030514,169.3337943019207,34.678407627685374
2025-10-01 05:00:00,850.6412603812568,239.47279316238087,67.50250455266112
2025-10-01 06:00:00,1294.470650362766,382.0847821372452,67.23059022296248
2025-10-01 07:00:00,1716.0687777875748,476.0033738633547,97.30966586254026
2025-10-01 08:00:00,2039.4824676535547,604.2753778025206,138.72787902745213
2025-10-01 09:00:00,2261.212064546432,697.4712605056592,128.5520214001552
2025-10-01 10:00:00,2448.8314036929833,775.7366263328963,133.63212780344216
2025-10-01 11:00:00,2401.302101497825,715.8955152380947,169.20488414163395
2025-10-01 12:00:00,2420.987940298687,694.549496562212,157.61188092736418
2025-10-01 13:00:00,2257.7487235101153,695.0950613210202,151.95810093896583
2025-10-01 14:00:00,2367.805599272493,608.1487619299074,145.07552231696576
2025-10-01 15:00:00,2276.578840447827,624.1082340202505,129.01136073885183
2025-10-01 16:00:00,2223.509384912129,634.0183137570668,132.20519049155266
2025-10-01 17:00:00,2205.1431915274597,597.551316468196,129.15476350090384
2025-10-01 18:00:00,2025.7832099500174,552.3940522603837,137.56664162817606
2025-10-01 19:00:00,2020.5476687847786,627.1009074229506,132.57508678465942
2025-10-01 20:00:00,2087.3968221709188,626.6729888622301,117.19498061256415
2025-10-01 21:00:00,2108.4281094470853,623.095627684539,141.39422503643394
2025-10-01 22:00:00,1885.133710067132,533.254531492559,95.05510528100976
2025-10-01 23:00:00,1565.3911997999696,469.67737286843254,95.0689780945572
2025-10-02 00:00:00,1217.6104062153647,415.3585679911033,79.4401283687154
2025-10-02 01:00:00,936.8968858548476,295.07251653609205,60.65013699744852
2025-10-02 02:00:00,733.2905488222174,232.8920681472895,61.61376375921106
2025-10-02 03:00:00,592.7540808814521,178.29987323600434,34.87523945144576
2025-10-02 04:00:00,598.6210099924853,182.7529654738998,37.07504235423843
2025-10-02 05:00:00,884.7168365733563,278.0056232943848,62.17065605720987
2025-10-02 06:00:00,1260.2451855875704,410.6412070953043,82.26548959404883
2025-10-02 07:00:00,1750.7879962578108,563.3682045080075,120.38251441279024
2025-10-02 08:00:00,2102.3697793222686,655.3083485778003,166.91137084367472
2025-10-02 09:00:00,2416.841689529139,725.492040604431,173.47496541187837
2025-10-02 10:00:00,2544.665125985811,743.3452776994772,161.31845213517354
2025-10-02 11:00:00,2472.277602291339,690.1691071178433,166.69394082251875
2025-10-02 12:00:00,2409.759723746516,693.8326108345906,175.4940787492137
2025-10-02 13:00:00,2293.46463636267,718.4954346652564,173.13083973687398
2025-10-02 14:00:00,2270.190258186462,710.0083951944473,159.98309025850966
2025-10-02 15:00:00,2206.633058567519,747.3547084215221,162.55547690386868
2025-10-02 16:00:00,2208.869939953093,725.2018898971949,158.45204342436787
2025-10-02 17:00:00,2039.009619800128,631.7703503219205,144.68641343364706
2025-10-02 18:00:00,2002.3844909409609,657.2222741697329,132.13044425666823
2025-10-02 19:00:00,1891.2609532760537,621.0709024909416,153.59991056947842
2025-10-02 20:00:00,2181.0115369689433,675.0486286618011,150.75700488760074
2025-10-02 21:00:00,2068.0600769392777,678.9494319636079,113.248351401
2025-10-02 22:00:00,1878.6632071917352,617.5596620206591,118.6469069930658
2025-10-02 23:00:00,1636.8280712884646,482.14460552569204,104.71764272810931
2025-10-03 00:00:00,1242.2024470861638,400.04078583370506,110.5598878729919
2025-10-03 01:00:00,944.8458739891654,255.67031181961494,94.17527159224684
2025-10-03 02:00:00,668.4226975070796,227.7864915759628,85.53304312848722
2025-10-03 03:00:00,600.6657696295595,174.05932439428176,37.913178866457294
2025-10-03 04:00:00,568.9482611640368,170.89970813447846,52.3284265669015
2025-10-03 05:00:00,804.9992948771776,223.32617573926328,73.97876473049965
2025-10-03 06:00:00,1224.8094585207832,357.7766975759984,105.95977430214892
2025-10-03 07:00:00,1556.9450386859503,530.887489199108,156.33409435170228
2025-10-03 08:00:00,1949.6592898532947,595.8704918961151,183.24775954556074
2025-10-03 09:00:00,2291.7073584152513,705.4364766616275,194.200827462628
2025-10-03 10:00:00,2190.2490161601513,716.4946753986902,212.67073937899596
2025-10-03 11:00:00,2335.9524690226426,748.5576532807765,223.71357343374157
2025-10-03 12:00:00,2290.339636657821,705.0721378305617,217.3862027818293
2025-10-03 13:00:00,2324.0050825648414,651.165415152644,206.22564809759925
2025-10-03 14:00:00,2074.531330590071,673.7178476750069,186.56541479776516
2025-10-03 15:00:00,2222.9660900424437,709.5314083163522,254.6888655660511
2025-10-03 16:00:00,2040.9922697484662,657.2765528104875,197.62154989832624
2025-10-03 17:00:00,1962.2724706591555,611.6436389097961,197.341023704446
2025-10-03 18:00:00,1856.7403138667783,660.0034793877819,166.6794913932927
2025-10-03 19:00:00,1874.4036311497498,631.9661459831312,180.99344055362593
2025-10-03 20:00:00,2009.4736837904945,639.4103972557721,185.8869209046624
2025-10-03 21:00:00,1925.3496575187228,624.5510149207374,144.60326011012287
2025-10-03 22:00:00,1807.9276246645777,567.684551478529,149.91190478055702
2025-10-03 23:00:00,1473.785594192405,481.9728441574852,126.8093464343171
2025-10-04 00:00:00,1244.6934847024486,424.5535679789136,92.66700749199343
2025-10-04 01:00:00,934.4104419291556,356.0996172553329,64.51134634833166
2025-10-04 02:00:00,728.5447607694896,263.8550638229809,55.783545877417666
2025-10-04 03:00:00,581.240273279085,210.60561808205514,51.870839888465184
2025-10-04 04:00:00,574.9949354870869,209.64740869353406,44.81214538739154
2025-10-04 05:00:00,851.3112608318426,284.51771393330836,56.029083664764755
2025-10-04 06:00:00,1268.916078423657,414.18499397982515,84.18038178370747
2025-10-04 07:00:00,1670.3554342623559,658.2333569222561,124.3260718999684
2025-10-04 08:00:00,1998.8478226477896,775.5351067711916,134.12642392884348
2025-10-04 09:00:00,2313.094097845689,751.1598318123969,183.40135468865137
2025-10-04 10:00:00,2453.3347827334537,867.3014534436352,213.53344532061323
2025-10-04 11:00:00,2311.8485386696007,925.8267032419027,173.84999476801997
2025-10-04 12:00:00,2306.0253502655232,859.4997758055667,183.41056050472477
2025-10-04 13:00:00,2261.8269179119234,901.6439073333088,169.31576158931583
2025-10-04 14:00:00,2260.993994535691,880.45046106008,163.0249465414176
2025-10-04 15:00:00,2181.4936669321746,767.3069647670403,174.96819900983436
2025-10-04 16:00:00,2215.1025945364363,794.7776965171956,155.10550084985914
2025-10-04 17:00:00,1988.241786904505,750.3026154695993,146.11945184929272
2025-10-04 18:00:00,1924.7290001259812,692.020283594485,127.76109095456266
2025-10-04 19:00:00,2006.0152640760195,693.5676397778141,156.8505518115218
2025-10-04 20:00:00,2071.3441823856315,737.0237120737568,178.6009926797653
2025-10-04 21:00:00,1996.9904369206167,743.1486042512882,172.37108514792857
2025-10-04 22:00:00,1823.4899508363997,692.7893192658183,165.7146942971985
2025-10-04 23:00:00,1554.0282704718657,608.2994347027183,112.07497009249575
2025-10-05 00:00:00,1256.6411022897335,440.01465151287687,81.29866279430811
2025-10-05 01:00:00,938.9798846290048,327.4182292894791,48.25062428499908
2025-10-05 02:00:00,698.1486806763164,237.25200692559605,44.87356146549242
2025-10-05 03:00:00,600.8748872048415,200.68092300277496,39.8243618386907
2025-10-05 04:00:00,573.5869954035452,189.8408028085669,34.943122770879135
2025-10-05 05:00:00,804.5973756143378,272.2107832378713,56.90000286567651
2025-10-05 06:00:00,1217.8731587289053,448.1138007951958,66.5610495583256
2025-10-05 07:00:00,1667.868983807276,498.3272151650487,95.97311640948861
2025-10-05 08:00:00,2100.165407673445,624.181141701816,107.22793331094238
2025-10-05 09:00:00,2239.1632298970803,783.7835944395267,133.93744924264576
2025-10-05 10:00:00,2440.41281871831,796.9879210620232,144.07298953009195
2025-10-05 11:00:00,2380.8042125967686,747.6997244790111,139.72649894039307
2025-10-05 12:00:00,2430.477821022594,748.2146564704855,129.70099970789067
2025-10-05 13:00:00,2359.4537419130884,735.1262531937473,126.35270247596787
2025-10-05 14:00:00,2256.134746938696,790.9257801660378,136.3775696590365
2025-10-05 15:00:00,2182.9380323375317,786.6587082021671,126.62738752212591
2025-10-05 16:00:00,2173.4381116291815,781.614400140454,109.925891205361
2025-10-05 17:00:00,2043.277048888614,640.5991200192578,95.63305267322883
2025-10-05 18:00:00,2079.7337015913467,626.8679798945044,108.89716319227904
2025-10-05 19:00:00,2002.0741031280354,628.1610019529502,99.54904699967666
2025-10-05 20:00:00,2030.361200773406,737.2043136075481,109.45165027898568
2025-10-05 21:00:00,2027.2656283792487,707.945075626318,114.81741683691263
2025-10-05 22:00:00,1767.9101751775638,620.7404771483481,105.52406229386516
2025-10-05 23:00:00,1574.3477298227303,529.6630146161748,84.28933007363541
2025-10-06 00:00:00,1248.3894343148345,426.04836968475894,99.0897128028678
2025-10-06 01:00:00,969.7767275530252,297.5621686746833,50.94507872420413
2025-10-06 02:00:00,690.5618588641811,245.5080974897678,50.79269894141751
2025-10-06 03:00:00,583.8070617173966,192.77118771269335,35.83157557580541
2025-10-06 04:00:00,588.8426391600515,179.6926910874824,33.22521528269787
2025-10-06 05:00:00,778.8647076587065,284.7910533723041,55.256940621944786
2025-10-06 06:00:00,1290.3819454234626,400.0428054280233,72.83366340483167
2025-10-06 07:00:00,1650.660649501827,564.73089600679,95.59240689195008
2025-10-06 08:00:00,2048.948208753729,678.3142660241198,152.72945652463676
2025-10-06 09:00:00,2324.3549440048596,797.9973311061055,109.39145347215825
2025-10-06 10:00:00,2448.7581667073487,811.0899557332683,146.49077115521834
2025-10-06 11:00:00,2407.1336339554273,764.6431848890469,152.8519749615285
2025-10-06 12:00:00,2409.255553710425,795.9852205660487,169.3396510927852
2025-10-06 13:00:00,2321.008169696259,778.1364281205811,137.25742532398752
2025-10-06 14:00:00,2365.0257519839056,772.3951106212413,182.00687714353958
2025-10-06 15:00:00,2241.4996139563236,775.7556122745024,149.8866212687209
2025-10-06 16:00:00,2271.2911691066115,698.5189829511398,100.4275584090728
2025-10-06 17:00:00,2115.2804569205528,712.2389645249858,109.02341588450979
2025-10-06 18:00:00,1895.3460273514868,611.7400980320447,128.3495352920491
2025-10-06 19:00:00,2153.608496416655,667.2848597175937,110.27538196034635
2025-10-06 20:00:00,2030.2572074818447,680.7796877796826,137.0304921213708
2025-10-06 21:00:00,2149.5373192647507,738.2685701308826,123.01568911781752
2025-10-06 22:00:00,1840.2434984643935,610.2322462503064,100.37509281886788
2025-10-06 23:00:00,1604.4370381440815,536.3764668177427,87.5037025978919
2025-10-07 00:00:00,1208.1998462598626,337.55114906652574,91.56309418086745
2025-10-07 01:00:00,922.7328114479616,267.0250993159438,48.213994185134666
2025-10-07 02:00:00,685.3348483639024,198.28215966230835,52.28447103477195
2025-10-07 03:00:00,584.9194014025163,187.90089658210695,42.55744176200239
2025-10-07 04:00:00,556.1116434417493,159.253215515843,36.048523866668816
2025-10-07 05:00:00,819.4234261600134,240.04492562728788,46.0903486402143
2025-10-07 06:00:00,1106.5390057288885,354.93330483542627,84.97033385271111
2025-10-07 07:00:00,1607.2063642274607,445.4702116954149,103.87441040857722
2025-10-07 08:00:00,1991.1313497938843,574.6563303559556,112.01663924755483
2025-10-07 09:00:00,2220.677587810698,673.9951492271433,181.2085943593143
2025-10-07 10:00:00,2377.37851192238,696.3778640011515,142.49243855934813
2025-10-07 11:00:00,2280.846893246445,613.4459447279397,131.85554343851314
2025-10-07 12:00:00,2264.1429680096703,658.7010064539895,158.62394774200573
2025-10-07 13:00:00,2279.7002091662443,693.6950022950174,149.09074006120207
2025-10-07 14:00:00,2036.0155784869587,669.8494954873103,171.76996608994992
2025-10-07 15:00:00,2166.1376057029784,675.9476717933519,139.0625507307247
2025-10-07 16:00:00,2057.5271124500528,592.449518361819,135.6893817710945
2025-10-07 17:00:00,1939.5162384818927,633.0904016629016,140.35872098311071
2025-10-07 18:00:00,1943.321504092231,575.442059081519,133.851285373607
2025-10-07 19:00:00,2002.4291658118786,624.592580336467,135.03945082474945
2025-10-07 20:00:00,2047.9863038275096,596.246326025742,139.43166179891153
2025-10-07 21:00:00,1982.7164079927568,537.1060581432249,137.85910776422054
2025-10-07 22:00:00,1816.9359135700831,553.0748404363869,115.26413881422756
2025-10-07 23:00:00,1539.1541284339996,440.46727728124404,111.48084421454224
2025-10-08 00:00:00,1241.5277187168335,348.82978603069125,71.77026348501293
2025-10-08 01:00:00,898.1529817942319,243.08544836025771,59.736785235247375
2025-10-08 02:00:00,684.3979686752564,214.5182871263209,48.08321019494879
2025-10-08 03:00:00,578.5136427662488,157.3088878561796,31.432931671942733
2025-10-08 04:00:00,553.6773604451864,170.30607277308093,41.91211133679342
2025-10-08 05:00:00,782.761042269096,225.3849691637867,44.652194261056245
2025-10-08 06:00:00,1133.798027174017,324.4141163988417,65.9433389863465
2025-10-08 07:00:00,1665.8504162235636,494.43273680896095,103.39202050234712
2025-10-08 08:00:00,1959.1976968124661,565.9667227159453,125.08225453726416
2025-10-08 09:00:00,2251.1967099839544,634.83339848182,134.88280775085786
2025-10-08 10:00:00,2421.199595692619,626.6508241589739,152.84503504902187
2025-10-08 11:00:00,2244.071719703075,650.2215129759422,143.57877806809267
2025-10-08 12:00:00,2282.513850490454,665.9601072550503,167.77101980232902
2025-10-08 13:00:00,2219.9804761639098,596.771889356466,133.07255105541523
2025-10-08 14:00:00,2221.0545063966824,611.0471772744504,119.68240722828797
2025-10-08 15:00:00,2228.464176262648,602.3914717718299,121.52866515056023
2025-10-08 16:00:00,2021.2008313200424,601.184914304239,132.37569269910728
2025-10-08 17:00:00,2043.502234350659,615.3361105794087,127.0393564762887
2025-10-08 18:00:00,2001.8105849562364,547.4109313246616,119.35827573442447
2025-10-08 19:00:00,1946.5265028830395,539.9401420564484,106.61979756637666
2025-10-08 20:00:00,2003.7706852710699,650.525438988442,135.1687697264799
2025-10-08 21:00:00,2034.9997860903572,562.2041022043989,145.98292961871158
2025-10-08 22:00:00,1809.6309312972955,506.9633357734188,107.88720531182622
2025-10-08 23:00:00,1543.1640207529058,425.98542401973145,108.95635557204093
2025-10-09 00:00:00,1150.0444259331503,397.23155358714087,96.11797187560033
2025-10-09 01:00:00,810.113029235769,297.29724133300397,80.16536322531633
2025-10-09 02:00:00,650.9158432401869,235.25600935820773,51.674674232545854
2025-10-09 03:00:00,530.4014347647077,186.21790713761223,40.4571479305344
2025-10-09 04:00:00,506.30268960545163,188.43223746558718,42.65581886491598
2025-10-09 05:00:00,702.5824009375707,273.87003706726244,54.23688783606613
2025-10-09 06:00:00,1078.9364704169775,388.76503182870954,87.71066915649915
2025-10-09 07:00:00,1489.5664686573593,536.390174671676,131.54005378964104
2025-10-09 08:00:00,1752.9088680237821,678.4169035971696,153.00363518599724
2025-10-09 09:00:00,2009.8879214384503,683.1318059419809,157.0551917309405
2025-10-09 10:00:00,2046.2447661396075,848.9497920071353,168.91127396125808
2025-10-09 11:00:00,2156.0690592500055,735.1772757048319,178.0387988939082
2025-10-09 12:00:00,2089.840132419224,727.1202435820558,174.10683024134647
2025-10-09 13:00:00,1936.9874161799303,679.615401254448,170.36786366544843
2025-10-09 14:00:00,2020.010628502987,670.6191495888311,160.96003804473625
2025-10-09 15:00:00,1957.369428395088,729.9482789483095,138.59076698062296
2025-10-09 16:00:00,1938.1293451438194,753.9685520567847,137.6205630956037
2025-10-09 17:00:00,1810.731220672548,633.1166104253343,149.18213273873997
2025-10-09 18:00:00,1731.2430785555923,640.2707451956226,149.8089284010636
2025-10-09 19:00:00,1742.521339342478,639.9834523888521,148.71651895659332
2025-10-09 20:00:00,1803.2336200787508,682.4769654835281,131.71611774945583
2025-10-09 21:00:00,1831.7128313087624,720.8467869068301,139.77066439527977
2025-10-09 22:00:00,1637.9321152471628,622.6948150736148,110.52418232814851
2025-10-09 23:00:00,1374.3833783430614,485.6487492780812,91.10338807957409
2025-10-10 00:00:00,1255.6234685627987,372.5800654445289,52.081946365223175
2025-10-10 01:00:00,925.2215356011318,275.26642988062537,43.54207337917668
2025-10-10 02:00:00,759.9642162995713,202.86088722669976,29.168191679435292
2025-10-10 03:00:00,563.3282793508392,155.87682038799517,28.219790667009025
2025-10-10 04:00:00,555.7153337680862,155.16217139804957,22.529266701780045
2025-10-10 05:00:00,897.9530622554227,248.1618703828055,33.52354141960687
2025-10-10 06:00:00,1228.8851753339313,368.2848155247037,44.0599098433873
2025-10-10 07:00:00,1598.8512728355934,470.674559671894,65.02833396556106
2025-10-10 08:00:00,2080.6642467834113,588.5394105647985,71.96364518520346
2025-10-10 09:00:00,2221.474729379289,689.4447512032838,77.13274218959806
2025-10-10 10:00:00,2452.20978171925,627.3776808640183,84.83965647271636
2025-10-10 11:00:00,2366.2601095282052,665.8481939102742,97.60413922518559
2025-10-10 12:00:00,2306.764582197789,732.9014523919304,87.32892143754357
2025-10-10 13:00:00,2381.848269297519,661.1366093887447,87.60586418484726
2025-10-10 14:00:00,2281.3081938751275,607.0136490825209,95.29259025874853
2025-10-10 15:00:00,2260.757726812224,632.8388431315157,74.44428492554097
2025-10-10 16:00:00,2170.9599570577966,643.5465811862638,87.91245332538594
2025-10-10 17:00:00,2029.727799301592,515.2245708662061,91.16554448493702
2025-10-10 18:00:00,2021.9312646694143,573.2284675302158,88.93806138176998
2025-10-10 19:00:00,2066.7123891143574,561.2890128087342,85.766944687961
2025-10-10 20:00:00,2062.9727022056895,540.9357340554874,83.03398360571207
2025-10-10 21:00:00,2158.652516141514,589.9378578852245,77.87140907766852
2025-10-10 22:00:00,1874.5624369492316,520.0610078267322,73.73444629031445
2025-10-10 23:00:00,1560.0392619248398,442.8858115293152,74.28174749345358
2025-10-11 00:00:00,1378.8216179205465,491.52078911521414,100.76276883891646
2025-10-11 01:00:00,1009.4076120503552,349.021810110492,71.04686336504854
2025-10-11 02:00:00,736.4519351787702,259.0316862377822,57.87440120980369
2025-10-11 03:00:00,616.1049922013841,217.99301952668105,44.38825498458082
2025-10-11 04:00:00,609.2776973144689,230.2922464716606,44.34146286271239
2025-10-11 05:00:00,874.0598541000062,326.54174944106734,61.52620104404808
2025-10-11 06:00:00,1320.9373851175872,476.2140547342301,89.3413284963939
2025-10-11 07:00:00,1794.531958245621,621.9173936187524,142.00974581223977
2025-10-11 08:00:00,2240.877968719054,786.4277694681587,123.7147211107151
2025-10-11 09:00:00,2505.7202313705748,930.3193975230085,184.95805451009736
2025-10-11 10:00:00,2593.4266168773447,965.5632161610141,175.00360264203445
2025-10-11 11:00:00,2471.1493143238763,916.4664439993362,145.80538218718866
2025-10-11 12:00:00,2646.83636052882,804.1479497181032,161.19135881472545
2025-10-11 13:00:00,2450.40966034293,868.9630434193523,175.16865432434682
2025-10-11 14:00:00,2418.31820908356,864.3446362303254,175.15665490139537
2025-10-11 15:00:00,2352.5844121521473,829.2478103175741,183.37955761570083
2025-10-11 16:00:00,2283.1243879736726,828.2825372025317,179.91766152131362
2025-10-11 17:00:00,2313.3599324520414,841.7517878267607,132.00323714095262
2025-10-11 18:00:00,2228.0272689672806,781.7971525434451,159.58687655509735
2025-10-11 19:00:00,2183.888479641472,825.344407960797,166.34354574875195
2025-10-11 20:00:00,2211.0662550399566,750.6816173499486,162.27878248639993
2025-10-11 21:00:00,2256.071294189461,797.8167286089437,167.14030577331184
2025-10-11 22:00:00,1979.3614998158919,653.5945837841432,111.68081717215777
2025-10-11 23:00:00,1663.3635421805955,597.9946710820739,106.73069063087398
2025-10-12 00:00:00,1294.971654703703,380.60834706394274,95.24337732013156
2025-10-12 01:00:00,930.2225751796999,312.55696837668336,59.07904119214297
2025-10-12 02:00:00,719.5062703657898,227.69375071158692,57.32910415207378
2025-10-12 03:00:00,581.3570841418639,189.50839757914193,32.221280964239
2025-10-12 04:00:00,576.2349471306023,173.41028306097277,42.856995288218464
2025-10-12 05:00:00,813.8296313149225,246.02665471615828,50.03036677646622
2025-10-12 06:00:00,1250.3350468516471,363.6355968143523,86.70344063869445
2025-10-12 07:00:00,1638.185233377107,531.9620577849181,105.2446048575063
2025-10-12 08:00:00,2022.9868606262992,698.7006001044039,134.64780554016704
2025-10-12 09:00:00,2271.8878463827123,734.9719063548961,158.76956555915524
2025-10-12 10:00:00,2347.1830409989184,742.4130158551714,146.13033920265943
2025-10-12 11:00:00,2476.5733903224086,745.6961738069363,169.2775281593973
2025-10-12 12:00:00,2298.8431305448594,737.2409243969889,148.4421490146316
2025-10-12 13:00:00,2260.9401154384254,791.2415321134489,152.0336346794441
2025-10-12 14:00:00,2351.5031164400166,752.305094522882,104.90835628686985
2025-10-12 15:00:00,2190.8991250055346,704.4796404834286,138.75885345377768
2025-10-12 16:00:00,2158.1391190799054,681.5677446719875,159.51735156659365
2025-10-12 17:00:00,2019.847017208765,658.9562317943244,144.55751081992318
2025-10-12 18:00:00,2057.1590020198,643.2572026431147,142.51292982253082
2025-10-12 19:00:00,2069.569523938428,619.1604112631753,131.53209801627432
2025-10-12 20:00:00,2121.494727708764,623.0283888974215,158.83334847906477
2025-10-12 21:00:00,2109.8021084044,681.9836772383138,138.64939110190463
2025-10-12 22:00:00,1855.0479865613538,579.1184887024659,111.19794238391803
2025-10-12 23:00:00,1544.1010544927738,512.168394843375,110.74100142000214
2025-10-13 00:00:00,1176.1273172363856,410.8191989239612,88.65091752357489
2025-10-13 01:00:00,915.9143387048414,286.5553239752922,63.24338132737238
2025-10-13 02:00:00,685.430475784495,215.86124154173612,42.98825244153808
2025-10-13 03:00:00,532.7939544100607,198.37298094495426,37.49682247414688
2025-10-13 04:00:00,533.2581785042553,170.09998608781987,41.05246875958025
2025-10-13 05:00:00,771.0633877026472,232.87915699024776,54.769293261963256
2025-10-13 06:00:00,1114.0336704661665,358.7370853297443,64.72630551851611
2025-10-13 07:00:00,1584.0380663162407,535.7610876072479,98.38868853381335
2025-10-13 08:00:00,1905.2495428932993,571.3028037382751,119.67396868994955
2025-10-13 09:00:00,2104.372143347008,658.6455556415646,132.9799587470406
2025-10-13 10:00:00,2174.6632721726724,755.5781664311673,117.23060747920718
2025-10-13 11:00:00,2159.1157684252303,704.4468440095238,182.13540165174186
2025-10-13 12:00:00,2192.1486673548156,696.6240080783837,134.29773018166554
2025-10-13 13:00:00,2156.746667702819,719.0158690642301,132.2027398489194
2025-10-13 14:00:00,2077.8709655222774,650.0739191220571,112.69307891255549
2025-10-13 15:00:00,2125.280867298973,613.0736616668073,152.90376093078083
2025-10-13 16:00:00,2030.379008636422,599.9158303039171,134.8967776315817
2025-10-13 17:00:00,1980.3147487232122,633.5317195336686,125.57569114135818
2025-10-13 18:00:00,1875.3943181711888,603.4607583538566,122.1815420963274
2025-10-13 19:00:00,1853.9997392023013,579.2770992170255,135.03676949663662
2025-10-13 20:00:00,1955.1261957088223,581.6499392612707,123.75281605390117
2025-10-13 21:00:00,1880.1870903665715,608.1253479921115,102.4489390162032
2025-10-13 22:00:00,1762.0981787402338,578.4991573027659,100.02387671410929
2025-10-13 23:00:00,1431.2651745560195,445.89894341084135,84.13193621584827
2025-10-14 00:00:00,1274.7784301014688,410.78319096357853,104.7415995917666
2025-10-14 01:00:00,904.0386029292602,293.6814985296078,82.20097352330421
2025-10-14 02:00:00,713.0565676789528,232.2525931712533,65.65623987160022
2025-10-14 03:00:00,542.8403308238622,194.48072664944337,37.75090841592725
2025-10-14 04:00:00,539.0033357592871,206.78685760742152,47.97666664128019
2025-10-14 05:00:00,811.1247100082281,276.92859473354235,61.309656382828265
2025-10-14 06:00:00,1226.6960968297801,404.5411115343306,127.94770204769775
2025-10-14 07:00:00,1703.9680207572549,579.146971430203,153.1818811101639
2025-10-14 08:00:00,1993.7461609447957,702.8760691117897,192.9698290475963
2025-10-14 09:00:00,2348.2620809782065,741.3542676220263,198.65286980945325
2025-10-14 10:00:00,2324.739817185999,889.3674438676477,199.7183690409507
2025-10-14 11:00:00,2404.2752499973303,795.5541806048393,182.5822174069054
2025-10-14 12:00:00,2228.4372249629805,790.3945080367799,175.15015093030235
2025-10-14 13:00:00,2259.833310914951,783.0066427849697,166.9681773019272
2025-10-14 14:00:00,2056.6777864491855,763.9614371859187,192.11480595286415
2025-10-14 15:00:00,2089.0118648906714,790.6901299020998,206.26878284086587
2025-10-14 16:00:00,2128.9154117069556,697.0857130823352,165.34004817604387
2025-10-14 17:00:00,1939.659107257704,713.5453918564793,151.89660963377094
2025-10-14 18:00:00,1970.63469061312,670.2344132265032,133.79311227396767
2025-10-14 19:00:00,2008.0009794775394,700.4881391545666,164.50849755095072
2025-10-14 20:00:00,1985.2706745396322,680.343208356748,186.67965748405743
2025-10-14 21:00:00,1958.9743207553254,675.8392880057484,187.57185841380675
2025-10-14 22:00:00,1769.5529616312722,634.0039878179683,168.63535674584702
2025-10-14 23:00:00,1477.154467722667,527.330253083457,129.8155660028674
2025-10-15 00:00:00,1230.0911787536102,379.31551536489286,66.073038379018
2025-10-15 01:00:00,908.0722545837403,308.80848873829854,54.69320891847375
2025-10-15 02:00:00,680.895986334081,227.69266068072483,32.055103831548806
2025-10-15 03:00:00,581.5081556396729,177.24101148691148,28.062730533407933
2025-10-15 04:00:00,533.6521165146078,170.4280934747403,34.23366113704531
2025-10-15 05:00:00,827.0659415716777,259.4085329692656,37.32161276796012
2025-10-15 06:00:00,1144.6143095453092,389.5405619455425,62.30107050848442
2025-10-15 07:00:00,1619.6324982619321,477.6417537229296,91.59352144062824
2025-10-15 08:00:00,2042.5763793765343,644.6143493504666,105.820348550342
2025-10-15 09:00:00,2287.9185966374034,732.5644559675875,132.27114191759142
2025-10-15 10:00:00,2299.8890675578396,660.3682619174314,143.817572430136
2025-10-15 11:00:00,2352.1749524627007,748.7022144047618,129.2402657042573
2025-10-15 12:00:00,2299.253995257243,752.1062544007276,138.67007162553975
2025-10-15 13:00:00,2184.3969377252592,730.1022028132153,105.82698151730318
2025-10-15 14:00:00,2222.6206272981444,726.8005776207358,113.92917563078547
2025-10-15 15:00:00,2252.669921745516,674.771038455917,143.13389822371306
2025-10-15 16:00:00,2114.09490209163,634.5170819272547,133.9444502711222
2025-10-15 17:00:00,2030.7371097530252,584.3841847158475,91.39557944937212
2025-10-15 18:00:00,1969.7947569022353,651.811858731494,102.42013336479758
2025-10-15 19:00:00,1865.0963657336224,643.7781627143138,104.6599417438781
2025-10-15 20:00:00,2024.8115351191718,676.2940611189229,110.82002267656983
2025-10-15 21:00:00,1942.3481437740954,617.6587348222162,120.65594500934871
2025-10-15 22:00:00,1751.059701921403,592.2442125275506,113.2276827500791
2025-10-15 23:00:00,1597.9759491026502,447.45766628208156,80.26096009554644
2025-10-16 00:00:00,1208.727363838115,352.0923574131665,96.46341965280921
2025-10-16 01:00:00,874.7825301580932,271.3425053434273,67.547230842105
2025-10-16 02:00:00,698.9861698897175,211.02331961992917,47.74425972002308
2025-10-16 03:00:00,533.0593748393313,178.75012624065243,31.58561304028197
2025-10-16 04:00:00,530.0414450535509,160.17892291704823,42.10796426295102
2025-10-16 05:00:00,812.6092699893819,227.15254935491097,59.1199214297649
2025-10-16 06:00:00,1164.7123366903072,335.6598091664553,85.67073383042857
2025-10-16 07:00:00,1525.86093241319,465.68504454517773,100.77590268894319
2025-10-16 08:00:00,1981.597692258519,652.6707254310022,167.1646303395948
2025-10-16 09:00:00,2165.3634836760402,685.3151470724587,157.28109023493727
2025-10-16 10:00:00,2396.449964687149,731.0621677344524,142.3180701449006
2025-10-16 11:00:00,2248.1195364830655,682.4837972247219,138.83565524748042
2025-10-16 12:00:00,2309.4942245109596,677.364919592974,170.16446922858484
2025-10-16 13:00:00,2298.196591562254,683.4727948835756,166.56614444509438
2025-10-16 14:00:00,2105.932290527957,635.3887193986097,144.80456520647402
2025-10-16 15:00:00,2102.5799150960747,629.2834747854595,156.86079275786133
2025-10-16 16:00:00,2082.330620596299,601.6693027382086,156.080362231888
2025-10-16 17:00:00,1926.292872482535,582.9761591004731,141.57207541698537
2025-10-16 18:00:00,1923.1390619017511,577.6698116677842,124.64862650723084
2025-10-16 19:00:00,1907.475305570802,556.5289571742612,149.74949446219276
2025-10-16 20:00:00,1960.0405451989902,604.1181755674328,152.09700367947605
2025-10-16 21:00:00,1976.2456254524825,604.0779008899362,148.02477642139385
2025-10-16 22:00:00,1760.9860768386293,526.0386338013205,112.99336209152723
2025-10-16 23:00:00,1494.2207881107151,431.11972756383534,89.97563040900549
2025-10-17 00:00:00,1208.0746399732989,477.2090760904355,93.87742763249162
2025-10-17 01:00:00,887.2308038048728,339.7621105415855,75.16143079322514
2025-10-17 02:00:00,680.6632782603025,264.50966869585477,57.576982848536886
2025-10-17 03:00:00,551.2677769992838,224.63349813055933,44.472118324203
2025-10-17 04:00:00,534.4125369962053,196.41264336436257,39.003325185708306
2025-10-17 05:00:00,799.2305064811015,338.2737541114081,54.80240760109769
2025-10-17 06:00:00,1114.547616404911,452.1182532135868,88.80905876261629
2025-10-17 07:00:00,1577.7529145666444,634.8166297463728,121.95687261588355
2025-10-17 08:00:00,1955.3635566465687,733.8675885509448,167.23554449441278
2025-10-17 09:00:00,2158.0157375603508,901.5959908085247,158.84978114815436
2025-10-17 10:00:00,2425.5804599853027,891.1168812290516,168.27103143796583
2025-10-17 11:00:00,2310.31974434998,875.3351179965663,213.88348078128135
2025-10-17 12:00:00,2276.631864053783,851.1039391154128,200.48487102317685
2025-10-17 13:00:00,2181.040033048086,843.2918842454419,151.54517842128348
2025-10-17 14:00:00,2177.176109709881,858.7697541102248,191.2856321295296
2025-10-17 15:00:00,2062.0355354630774,831.7603489165446,142.1250800464359
2025-10-17 16:00:00,2070.045984808339,802.2267621458861,150.2182674279679
2025-10-17 17:00:00,1940.4540981754974,743.535236191686,145.77131021717315
2025-10-17 18:00:00,1912.184922291593,717.0195687560322,144.8138328925142
2025-10-17 19:00:00,1799.470543229104,732.2497469891638,156.7120708508669
2025-10-17 20:00:00,1929.8251894875266,787.1801739860223,152.74102939845628
2025-10-17 21:00:00,2074.066739982959,794.7039495673059,161.04252531018244
2025-10-17 22:00:00,1815.4694780862865,712.1188608106766,128.61605057286437
2025-10-17 23:00:00,1556.7835445111805,580.1988923993383,118.38938799067523
2025-10-18 00:00:00,1394.064741179147,429.3843969444294,93.96473375031498
2025-10-18 01:00:00,1001.8199651775457,306.36727763418753,58.01447400421841
2025-10-18 02:00:00,734.7828805424346,214.06331325613746,54.363344392328464
2025-10-18 03:00:00,583.3082119522705,186.72303165371252,42.136264951973835
2025-10-18 04:00:00,607.6088710043542,181.58030893013247,37.716626437746754
2025-10-18 05:00:00,865.3241386836794,257.6873711298832,57.209466710358015
2025-10-18 06:00:00,1371.5806477823821,391.7277592734416,85.16382962877897
2025-10-18 07:00:00,1742.5981387542372,556.6346353844352,118.98437460765828
2025-10-18 08:00:00,2273.882338148916,639.8561813888401,178.08135155122744
2025-10-18 09:00:00,2407.601747349041,733.4803440632344,205.83394295535695
2025-10-18 10:00:00,2632.4555667330083,856.8463636104821,124.2294394269904
2025-10-18 11:00:00,2645.492740145255,731.889989167119,184.6075523692166
2025-10-18 12:00:00,2407.1820614906374,771.4801504193366,189.7974740077395
2025-10-18 13:00:00,2385.4358774106604,716.7423748530531,163.95388514588294
2025-10-18 14:00:00,2313.590745017892,721.121138243148,181.99022440691556
2025-10-18 15:00:00,2254.3002345677496,726.2918771637708,191.06480909662568
2025-10-18 16:00:00,2317.0837087765904,680.3916493916818,134.4836080233437
2025-10-18 17:00:00,2167.0823732040126,703.4820632539489,153.4643866479434
2025-10-18 18:00:00,2110.3879840862423,705.2077309623185,177.2590896326986
2025-10-18 19:00:00,2152.185704439315,692.8030169606901,127.4273441914938
2025-10-18 20:00:00,2066.012735309355,718.4044623365382,149.3901033344797
2025-10-18 21:00:00,2257.358072864212,638.7948655773861,143.93853785179613
2025-10-18 22:00:00,1920.9930288655373,602.1949368569598,149.9968477180607
2025-10-18 23:00:00,1665.3786843290302,527.1162668654307,128.60042410478817
2025-10-19 00:00:00,1390.565148473479,467.6409216773975,68.18469946935112
2025-10-19 01:00:00,1039.5253597528335,356.56039960297977,49.25266493309995
2025-10-19 02:00:00,755.194341121947,261.5098284150438,30.22607172529408
2025-10-19 03:00:00,574.8958345304175,209.33299493827002,34.57158347476566
2025-10-19 04:00:00,599.9091644525566,221.68076589589137,28.24086780199216
2025-10-19 05:00:00,884.2327639098744,290.01191174214114,42.442561851282754
2025-10-19 06:00:00,1268.2019130050219,422.7276332196784,70.74859533690727
2025-10-19 07:00:00,1800.8774949445942,593.8370075392008,89.80159328562969
2025-10-19 08:00:00,2173.592667219677,688.9302908075676,119.32943623011349
2025-10-19 09:00:00,2371.494123792631,811.5188366435691,128.67123850539733
2025-10-19 10:00:00,2634.2768474108225,777.9772573456445,129.55730360217444
2025-10-19 11:00:00,2533.076415975531,823.2451490080338,130.40210051790658
2025-10-19 12:00:00,2496.182691326252,824.2559458364796,108.74325337869317
2025-10-19 13:00:00,2432.061419238258,846.0298175907417,118.84112848645866
2025-10-19 14:00:00,2511.0802758339437,839.6972802305738,132.94799413779052
2025-10-19 15:00:00,2375.8506864149504,744.4626588664194,105.27043006786008
2025-10-19 16:00:00,2322.742961826674,837.2622892008317,104.82656280766767
2025-10-19 17:00:00,2192.7885182228424,734.0720077902665,98.48123696195762
2025-10-19 18:00:00,2174.729284408783,713.0157607257223,106.99748578223956
2025-10-19 19:00:00,2240.530935284117,653.3642506420742,121.90682622438949
2025-10-19 20:00:00,2260.280004254141,706.9797347621472,115.27802300478612
2025-10-19 21:00:00,2262.6985526568496,765.854097168357,83.20835093245263
2025-10-19 22:00:00,2009.788313941779,654.1377936761122,103.68305644079469
2025-10-19 23:00:00,1607.1614139446283,551.6318062525554,78.02823006799106
2025-10-20 00:00:00,1282.800415925646,413.3296195622851,106.49394566986972
2025-10-20 01:00:00,957.9939876224478,278.6498033933045,72.75956804986477
2025-10-20 02:00:00,714.4168298125,225.65455860871427,50.761330604498745
2025-10-20 03:00:00,571.1129460839084,195.47194766552332,44.83049127538011
2025-10-20 04:00:00,546.7331560719781,188.79082410507033,42.166030425691176
2025-10-20 05:00:00,814.5262655883386,261.54496377398027,67.12534245160276
2025-10-20 06:00:00,1247.3971507445428,420.17150196207695,87.1944322452856
2025-10-20 07:00:00,1721.6750990514747,503.6569743009528,116.29732954681545
2025-10-20 08:00:00,2064.8624332921627,625.6643170841288,174.91584392208333
2025-10-20 09:00:00,2374.5970287137275,803.0676274698277,203.67717802123195
2025-10-20 10:00:00,2456.402087391532,794.696770868129,202.83179353058577
2025-10-20 11:00:00,2550.19217061106,758.6874608527843,176.62727295146877
2025-10-20 12:00:00,2416.99230258042,752.8501814677176,171.442359904409
2025-10-20 13:00:00,2415.4526283553673,707.913798055875,168.43878493354805
2025-10-20 14:00:00,2347.475498953553,735.4406363501404,196.4224678850902
2025-10-20 15:00:00,2197.797557084517,717.9511404404819,159.90146641476903
2025-10-20 16:00:00,2223.144716400552,693.6149712553201,187.43224841828408
2025-10-20 17:00:00,2061.3844723780003,626.5680980444118,175.1695775044208
2025-10-20 18:00:00,2058.535504988597,650.1756731718284,179.70216208784564
2025-10-20 19:00:00,2033.2734827359295,629.0599683642637,177.71214843343392
2025-10-20 20:00:00,2157.8397070323017,632.1482766795186,173.49891728870986
2025-10-20 21:00:00,2055.0202463308024,704.4848760753293,137.8453706751003
2025-10-20 22:00:00,1901.5333441700022,652.9850827300089,155.5232127353206
2025-10-20 23:00:00,1633.56895566445,546.8744126152446,124.9552601719991
2025-10-21 00:00:00,1134.8782352673634,450.82644336984777,76.82157010392959
2025-10-21 01:00:00,793.4008013578118,316.0310086774521,67.27588457426062
2025-10-21 02:00:00,613.5936370692423,241.36187539634136,43.631535798607985
2025-10-21 03:00:00,497.3865793735096,199.24544926767658,33.7409323010007
2025-10-21 04:00:00,505.9260280869406,187.62024809596463,39.34150213636333
2025-10-21 05:00:00,682.5400183408933,299.10212655163303,49.24037958321805
2025-10-21 06:00:00,1030.561376770365,376.4688767959765,71.689868391634
2025-10-21 07:00:00,1566.0461368606727,565.3028913580237,92.2341897029919
2025-10-21 08:00:00,1764.4664880677253,729.3458692929277,117.19130539678855
2025-10-21 09:00:00,1889.8116996365825,755.6795805706213,132.84320103955872
2025-10-21 10:00:00,2059.822038431739,817.2645355720435,161.61916010080927
2025-10-21 11:00:00,1922.8603862231498,846.6052678555072,134.11657050106976
2025-10-21 12:00:00,2058.2925131548973,866.6780143393919,118.15940688351525
2025-10-21 13:00:00,2040.305598494743,738.5752387295171,149.03952357350002
2025-10-21 14:00:00,1915.5243817932976,724.829869319968,132.41605758042655
2025-10-21 15:00:00,1900.7662825582393,725.798487455465,139.06381753224107
2025-10-21 16:00:00,1925.147204001069,685.9951780301534,154.56835339826168
2025-10-21 17:00:00,1709.8926749924383,659.5749955958076,131.0342371929959
2025-10-21 18:00:00,1674.376404356685,654.2432693995979,146.27734218530736
2025-10-21 19:00:00,1737.276857821572,731.6416095890997,125.52623461383259
2025-10-21 20:00:00,1759.9952240820326,699.2160157322664,144.19050096847442
2025-10-21 21:00:00,1783.0144228110862,711.0108397225238,122.32859634093919
2025-10-21 22:00:00,1543.8719481587784,602.7660853541163,117.09790595629245
2025-10-21 23:00:00,1361.6911728575205,550.9095242898895,88.02177636951706
2025-10-22 00:00:00,1224.2763766134262,469.1689050645183,69.21159689214838
2025-10-22 01:00:00,913.9726203848217,301.4243879476522,54.220287700577565
2025-10-22 02:00:00,684.4857980182074,258.0227370045159,35.98227378904842
2025-10-22 03:00:00,552.1513716403479,195.46245428185057,34.47500337085115
2025-10-22 04:00:00,516.2760245269147,188.39026629345466,32.12562954684876
2025-10-22 05:00:00,801.295075067991,281.9030671812421,50.03388752329616
2025-10-22 06:00:00,1163.6745808038343,418.7037398097956,62.20887000078342
2025-10-22 07:00:00,1605.9998780866115,615.2438376002347,107.1687188313002
2025-10-22 08:00:00,2033.5056525203825,708.6353255413964,144.36140254161373
2025-10-22 09:00:00,2172.556171904155,796.0187358024247,158.87826252880225
2025-10-22 10:00:00,2414.6558871065185,797.512149496102,173.22759979644633
2025-10-22 11:00:00,2409.3012170021148,843.1599334433241,143.62408065421664
2025-10-22 12:00:00,2319.7425991886316,758.1194162325576,134.91268182629696
2025-10-22 13:00:00,2156.383491843889,779.8044756444184,144.0890128927849
2025-10-22 14:00:00,2050.8146931846245,870.7808746481147,131.36351871247209
2025-10-22 15:00:00,2204.7696621371374,658.1247238018881,107.25393275890045
2025-10-22 16:00:00,2091.8973888852825,737.8664982208019,140.1495473688471
2025-10-22 17:00:00,1956.039382157687,708.1031225347965,120.19376339750934
2025-10-22 18:00:00,1995.0825342742096,668.4241069148395,100.32744959780982
2025-10-22 19:00:00,1895.9954643299557,672.9964503357638,113.33918541271375
2025-10-22 20:00:00,1973.9504325737857,702.0102552124747,120.49711870585922
2025-10-22 21:00:00,2026.8979993609455,690.3997253008981,123.47832096112771
2025-10-22 22:00:00,1722.8226525754774,628.8056665040285,110.05365848074742
2025-10-22 23:00:00,1499.1644712919517,513.722140439656,106.5800195086893
2025-10-23 00:00:00,1290.561691103673,430.0175884637561,67.91786494613413
2025-10-23 01:00:00,922.1329275172251,283.2038551092128,56.81193000321489
2025-10-23 02:00:00,717.0435067055765,222.6707586088895,39.50857607040343
2025-10-23 03:00:00,576.2945156915906,169.04635199550643,39.980145338727525
2025-10-23 04:00:00,547.5361638837942,178.9282197266515,32.39775082175743
2025-10-23 05:00:00,752.292171299177,260.6297687599841,48.82501342017431
2025-10-23 06:00:00,1159.5570197509624,381.78703864110264,83.95140383575803
2025-10-23 07:00:00,1679.208154197561,488.6427886751737,118.44254433347758
2025-10-23 08:00:00,1926.2914168476027,606.776193205813,147.07597622740337
2025-10-23 09:00:00,2239.056181390593,764.3362064841156,117.07547227458727
2025-10-23 10:00:00,2394.004828126965,714.3013011393186,157.2379303748953
2025-10-23 11:00:00,2457.271800477604,761.079515484438,153.0726122796294
2025-10-23 12:00:00,2278.4418893541797,691.1001306600837,145.0980889193045
2025-10-23 13:00:00,2219.0634800493285,741.1657673575676,143.4059940420076
2025-10-23 14:00:00,2222.839227850294,673.0779599415177,159.77311484135615
2025-10-23 15:00:00,2202.713110129877,650.4088416847305,152.88534677100938
2025-10-23 16:00:00,2116.2230675478813,641.7900059248565,146.91124465446407
2025-10-23 17:00:00,2095.5087199718178,619.6380685732254,131.14875384214324
2025-10-23 18:00:00,1924.7627481668771,627.7475164877278,154.5129746121301
2025-10-23 19:00:00,1986.5375174749634,621.2731724305091,119.34598306888643
2025-10-23 20:00:00,2061.1632188397325,602.9648238995894,105.85569916235136
2025-10-23 21:00:00,2013.0927296130105,635.8339905859424,124.59738884143468
2025-10-23 22:00:00,1854.5202563988278,535.3486877625163,114.88775479689627
2025-10-23 23:00:00,1538.6190563496916,494.11457271518924,110.15509230453439
2025-10-24 00:00:00,1288.0213907968512,423.6462573117238,73.73421089287379
2025-10-24 01:00:00,927.1034172839927,297.70619680402274,60.14047999468876
2025-10-24 02:00:00,703.9938752029592,228.14349846105867,36.250889988809625
2025-10-24 03:00:00,551.4940467815408,196.84439753469903,38.83517837564762
2025-10-24 04:00:00,540.4462931564586,176.4651131370383,34.32194029877332
2025-10-24 05:00:00,837.0648601686441,249.66797615618,48.604409040237925
2025-10-24 06:00:00,1225.2655265296178,400.03799973071585,91.74869869596436
2025-10-24 07:00:00,1607.490208742647,505.5637140007451,114.33992985182377
2025-10-24 08:00:00,2036.9710479673224,648.4273187385711,111.39853526237295
2025-10-24 09:00:00,2123.9072670011947,713.9497501506924,139.20653844665588
2025-10-24 10:00:00,2349.159916986017,745.4890576233532,191.61560505184332
2025-10-24 11:00:00,2439.9331010061555,758.7526097125966,178.6534957670451
2025-10-24 12:00:00,2322.9226714721754,786.269987130114,158.77609928738804
2025-10-24 13:00:00,2282.2023408049063,774.5790787363711,112.72849400294884
2025-10-24 14:00:00,2052.1165717610165,756.7763788334033,158.77651406860116
2025-10-24 15:00:00,2171.7541813395214,721.2985504273122,126.64391053026554
2025-10-24 16:00:00,2159.6630704771733,682.9125684625316,151.4649755904806
2025-10-24 17:00:00,2075.907000137834,586.8374237137534,116.99167304238762
2025-10-24 18:00:00,2034.9076155199923,651.9185422530086,129.21287734862653
2025-10-24 19:00:00,1981.2155856270338,573.1443050062494,114.87406347926034
2025-10-24 20:00:00,2039.7959649317722,600.7583185271325,121.92523000311509
2025-10-24 21:00:00,1973.0356441785104,657.2067001393015,135.45351766260876
2025-10-24 22:00:00,1813.424767965431,597.0647695255865,96.83733918163193
2025-10-24 23:00:00,1487.717057221031,487.55977029684954,120.00621422204671
2025-10-25 00:00:00,1278.2233104237446,484.8412703834129,65.63811105637272
2025-10-25 01:00:00,955.4324406525382,337.31100226601217,47.65815234685114
2025-10-25 02:00:00,774.9704076134344,246.01014674997992,43.497743550070226
2025-10-25 03:00:00,594.1192322823964,213.90474103815038,37.38220993788224
2025-10-25 04:00:00,590.161910676284,211.28620969243798,31.01152267216694
2025-10-25 05:00:00,852.0681568346969,296.6524407920655,41.87358249184029
2025-10-25 06:00:00,1222.9877678399139,414.92083518577476,63.49575531640521
2025-10-25 07:00:00,1816.9727654819806,577.1472138594645,86.20436274172488
2025-10-25 08:00:00,2037.803862102939,675.6105411887346,122.82111738707123
2025-10-25 09:00:00,2397.5039409852598,813.7906198023917,132.41299192458087
2025-10-25 10:00:00,2552.1665130036,812.4484792167158,146.49354295987413
2025-10-25 11:00:00,2560.3586400267386,838.3177984391115,144.88194566693352
2025-10-25 12:00:00,2445.016288828244,846.229063787473,148.92456240491683
2025-10-25 13:00:00,2310.2324722589783,737.2127211768928,127.50675121663438
2025-10-25 14:00:00,2345.3148655515765,754.217013072236,120.94189843305388
2025-10-25 15:00:00,2301.500606665992,767.8422019081964,130.96629240990237
2025-10-25 16:00:00,2240.7931232713645,764.9623571860382,124.73264470256035
2025-10-25 17:00:00,2253.008690994087,716.9933537468039,123.47130949832241
2025-10-25 18:00:00,2049.1903831175678,700.9716099196345,107.26464800483073
2025-10-25 19:00:00,2151.0965425074373,689.9106965199088,124.99172825920832
2025-10-25 20:00:00,2203.277462308165,683.0418000167233,104.86439853979414
2025-10-25 21:00:00,2252.420347672948,715.5414996401075,114.4580867082657
2025-10-25 22:00:00,1944.664974441684,646.8811935050819,120.00330786366077
2025-10-25 23:00:00,1686.3047834927304,544.1743263815833,79.3314908471228
2025-10-26 00:00:00,1263.9307775471543,487.0739409199557,104.77780481899842
2025-10-26 01:00:00,939.4240270569848,361.22035027330645,58.281265923401534
2025-10-26 02:00:00,670.8536367244438,275.91613355581404,42.98157802312443
2025-10-26 03:00:00,521.9759054785362,208.3570189778387,35.00030587258861
2025-10-26 04:00:00,557.9216920445159,194.54432272747064,41.41837134811203
2025-10-26 05:00:00,824.0098912738742,329.680965936411,65.07955060300823
2025-10-26 06:00:00,1229.169672160583,471.34696782235545,102.4328547403836
2025-10-26 07:00:00,1644.4276950127032,607.1982543491631,139.85811158584679
2025-10-26 08:00:00,2130.03994571088,790.5239891521201,165.63502101886257
2025-10-26 09:00:00,2266.182206212518,920.9174893457225,154.7698884228732
2025-10-26 10:00:00,2437.9496288346318,996.0302447643422,162.2844026870886
2025-10-26 11:00:00,2438.057882958729,925.8900205147828,192.80935107928528
2025-10-26 12:00:00,2465.5776077881214,943.4136462953968,201.08804618696547
2025-10-26 13:00:00,2275.3408456100365,824.439326111754,151.10250214730223
2025-10-26 14:00:00,2220.2239953846133,861.1386597897779,190.9886210037862
2025-10-26 15:00:00,2123.1808701526525,831.5512273769766,130.062627565743
2025-10-26 16:00:00,2252.5170716095777,837.1612000220243,166.68622449070375
2025-10-26 17:00:00,2092.0859060272805,850.2127111781793,151.4664140193638
2025-10-26 18:00:00,2024.673333667617,771.8765067546366,144.84950770694036
2025-10-26 19:00:00,2185.7976325229993,732.2135244289047,149.4691019374456
2025-10-26 20:00:00,2086.5208457956915,740.5336802581286,139.0404540717249
2025-10-26 21:00:00,1992.541900572545,851.5323139125351,160.57782186908355
2025-10-26 22:00:00,1829.7663088977106,719.2430275497791,137.19597341484294
2025-10-26 23:00:00,1512.6041434119643,605.9834527309141,126.84958889696102
2025-10-27 00:00:00,1252.6344006864213,376.90025078507097,88.40001471031756
2025-10-27 01:00:00,915.3851457995152,283.76676580181265,55.88537793505287
2025-10-27 02:00:00,687.1125208303031,201.28760096478442,37.91387274665143
2025-10-27 03:00:00,540.3501978995558,173.311418228465,29.358444247834043
2025-10-27 04:00:00,575.3667023562742,157.21381141568392,38.82824193664531
2025-10-27 05:00:00,818.9586576269662,241.48688391800025,56.57816768841465
2025-10-27 06:00:00,1202.2126342143138,354.69891138085194,78.95706263303057
2025-10-27 07:00:00,1699.5053278204987,424.24644750422783,99.74556463141094
2025-10-27 08:00:00,2066.0460737353783,606.6979094373971,132.13682735578243
2025-10-27 09:00:00,2306.795627498982,662.5630266144537,155.5477080977458
2025-10-27 10:00:00,2448.752058085576,719.6609914301969,133.51558303531885
2025-10-27 11:00:00,2400.3683767852094,723.6829392815,142.86172893593172
2025-10-27 12:00:00,2389.8898155179327,770.5801264607954,122.98083762052931
2025-10-27 13:00:00,2337.3186375484283,702.8917985121342,134.41092408018267
2025-10-27 14:00:00,2265.3337045742705,693.3967277011698,156.71492348895762
2025-10-27 15:00:00,2196.0386945412884,684.6464692004851,146.92834000840682
2025-10-27 16:00:00,2244.8480264521136,678.8995814213215,130.06741880029125
2025-10-27 17:00:00,2034.419801311904,637.635097541652,87.01413793516883
2025-10-27 18:00:00,2015.5614085660918,611.5184560584927,110.30208657972868
2025-10-27 19:00:00,2028.3123537819804,627.6099648123704,120.72286225544141
2025-10-27 20:00:00,2026.838126556111,550.6849947228154,119.91545052147832
2025-10-27 21:00:00,2015.4206929614256,686.9748594789378,123.21825228086921
2025-10-27 22:00:00,1816.5798009884434,597.8596290500783,112.11889985221342
2025-10-27 23:00:00,1529.3579682488562,474.1484835864285,87.00813398251745
2025-10-28 00:00:00,1286.9153125487483,447.83641257261075,92.64822951181817
2025-10-28 01:00:00,962.3670120048333,371.78173810862944,66.65349308284985
2025-10-28 02:00:00,744.8018639264942,256.01043410283836,47.21184052914816
2025-10-28 03:00:00,615.7952410180071,218.61549554049725,49.318356894893945
2025-10-28 04:00:00,591.7443480418087,195.83869025815866,38.20029535192332
2025-10-28 05:00:00,797.3345099506301,341.2379353128408,44.934337082894906
2025-10-28 06:00:00,1304.2727065724189,427.0835733083949,105.6437914339058
2025-10-28 07:00:00,1735.6334663033163,633.8545878805375,110.70637035362714
2025-10-28 08:00:00,2187.9375432626393,694.6939896154751,163.87022329147095
2025-10-28 09:00:00,2424.6269034905063,867.3832392441759,155.3019313339034
2025-10-28 10:00:00,2532.3315948035597,893.5066778245103,186.81012244833087
2025-10-28 11:00:00,2526.7528807883705,957.9051147186756,174.22955671312164
2025-10-28 12:00:00,2484.251929654642,872.367469683002,190.40208740633875
2025-10-28 13:00:00,2516.6583415174973,916.9866080867031,163.77382608317342
2025-10-28 14:00:00,2388.1379092489656,813.7539719587623,153.44507549416218
2025-10-28 15:00:00,2412.251666291028,827.4633656898401,166.32040912398529
2025-10-28 16:00:00,2340.924013041815,806.9713050007116,151.1362944477817
2025-10-28 17:00:00,2225.387180448896,801.5663296971256,119.48979150295735
2025-10-28 18:00:00,2007.0137839138492,770.3928091939408,136.5046828843127
2025-10-28 19:00:00,2190.716324704495,787.8153615329845,192.40062236871717
2025-10-28 20:00:00,2156.748550616685,792.9040068296341,121.25049317491309
2025-10-28 21:00:00,2228.3574963436286,807.8418664970884,154.93613735004436
2025-10-28 22:00:00,1890.9943316145511,666.2333637416997,130.81919406801833
2025-10-28 23:00:00,1588.3010552295784,599.6581304044013,136.08913970213607
2025-10-29 00:00:00,1236.7782948445752,427.54709819009184,79.84941381779825
2025-10-29 01:00:00,833.2015833689481,266.1917111807367,67.01419796684945
2025-10-29 02:00:00,666.0745527913894,223.6056874260853,53.68493947127599
2025-10-29 03:00:00,520.7319452654912,181.40964319910802,39.40881284427279
2025-10-29 04:00:00,502.51588956274264,184.25798542416575,36.10374383636981
2025-10-29 05:00:00,749.8088612162001,263.0121577277749,57.9921380089074
2025-10-29 06:00:00,1078.7386993971438,380.70061718017973,83.77643775228314
2025-10-29 07:00:00,1540.1571487018211,532.3094714305488,115.27258473210401
2025-10-29 08:00:00,1831.2467640373561,616.3806410657592,160.93799821345934
2025-10-29 09:00:00,2096.6680007827426,704.0679830424932,171.3165346625909
2025-10-29 10:00:00,2282.925523709968,704.5186884779531,182.6019643307228
2025-10-29 11:00:00,2230.6063263712367,803.5412121685515,177.62922000443697
2025-10-29 12:00:00,2082.8087272121807,751.3720389011754,185.70731053902483
2025-10-29 13:00:00,2170.499690014711,685.7362627827629,187.3208962400039
2025-10-29 14:00:00,2088.0683731577365,716.117646096408,156.69938976519086
2025-10-29 15:00:00,2015.3624858420037,731.4205174816722,172.4972141839815
2025-10-29 16:00:00,2035.2577895288143,707.159608521332,132.73019263577186
2025-10-29 17:00:00,1900.499122432745,617.2362353944178,111.81755723920178
2025-10-29 18:00:00,1786.1119280525274,530.1217070787329,171.1972045137707
2025-10-29 19:00:00,1952.5694474319532,640.429106325875,138.5869822597445
2025-10-29 20:00:00,1908.4938860218188,618.5107011118021,151.88681101438453
2025-10-29 21:00:00,1905.0757395329347,665.689216499319,128.25512066167136
2025-10-29 22:00:00,1679.5294535553617,601.3640565913012,113.44837102571316
2025-10-29 23:00:00,1482.7192688954049,511.98205468367183,102.57532312185342
2025-10-30 00:00:00,1280.453839818407,455.5188583618606,113.30668697236325
2025-10-30 01:00:00,907.8775615911543,325.04946152011445,73.0288769848789
2025-10-30 02:00:00,701.4749167228665,250.6946544741766,56.174127282201816
2025-10-30 03:00:00,596.051137911201,198.18370308721063,43.08240331526363
2025-10-30 04:00:00,576.1499623232824,194.92036262601968,51.69109421931894
2025-10-30 05:00:00,825.9978388871846,268.388206472342,74.19250787033373
2025-10-30 06:00:00,1288.6539132968724,376.1515598286971,95.87642485722172
2025-10-30 07:00:00,1744.327676771779,618.6384508271957,149.60095517531292
2025-10-30 08:00:00,2078.796328402371,679.0751198463263,166.2121678401609
2025-10-30 09:00:00,2340.6629726018646,805.324247908594,184.70707691285833
2025-10-30 10:00:00,2491.1574972571125,776.6901642465697,200.15418181307788
2025-10-30 11:00:00,2399.6859189972474,831.1813846611407,214.21825891475123
2025-10-30 12:00:00,2410.309954047276,686.898946939966,177.5107120086645
2025-10-30 13:00:00,2371.8209423190965,745.0512677600342,202.1243518441555
2025-10-30 14:00:00,2207.3505785992193,745.2429900366807,239.87066873861562
2025-10-30 15:00:00,2257.7315654754457,750.1117101941862,188.70092884302812
2025-10-30 16:00:00,2192.5689755792264,751.8677160604868,180.96746393745593
2025-10-30 17:00:00,2178.5751753423856,648.3380613609647,171.0754565810015
2025-10-30 18:00:00,1942.1502301956905,683.0299848942296,175.56414004165734
2025-10-30 19:00:00,2037.3796165541903,705.1776332362635,138.63868471193555
2025-10-30 20:00:00,2089.275099449215,762.2558583747707,204.41442372184113
2025-10-30 21:00:00,2174.5534167635924,707.9707951493364,190.97058807736116
2025-10-30 22:00:00,1881.6875301062512,595.4610769732727,142.88054877015077
2025-10-30 23:00:00,1671.5862942487374,482.8778584957567,130.2065909415237
2025-10-31 00:00:00,1261.2908557114322,419.53381965554667,76.16396934184992
2025-10-31 01:00:00,893.5238756430153,291.3527106113753,61.07202463958851
2025-10-31 02:00:00,685.4316202587341,211.68644718927783,44.85770181484378
2025-10-31 03:00:00,541.6614225914179,156.9259964876786,36.69028352739265
2025-10-31 04:00:00,548.7839061386951,159.28386781451488,31.1736513431807
2025-10-31 05:00:00,762.8955497733424,254.14662989400756,49.15841919171017
2025-10-31 06:00:00,1155.4300147380695,374.3774530077869,86.99644517156058
2025-10-31 07:00:00,1649.3738262319057,459.167003210106,100.43750014803364
2025-10-31 08:00:00,2064.955902182906,640.4290897095308,93.30950080344392
2025-10-31 09:00:00,2104.0386132057088,644.820785014402,144.33829839442123
2025-10-31 10:00:00,2443.753664644247,780.439017375651,194.20333186615414
2025-10-31 11:00:00,2333.096117852546,736.3481018232508,167.37259801892236
2025-10-31 12:00:00,2176.7734793198315,699.0812801298955,140.87617370518848
2025-10-31 13:00:00,2053.963158021672,731.1812776767715,145.92586900130618
2025-10-31 14:00:00,2114.1291473964584,699.1030924245171,155.16884982855345
2025-10-31 15:00:00,2162.6681748438077,716.6315551265484,114.71728691691271
2025-10-31 16:00:00,2104.2278713840406,658.670463849135,125.19604033643938
2025-10-31 17:00:00,2054.6085986922926,632.5729999772518,137.8270437236176
2025-10-31 18:00:00,1922.0479284417088,599.14833373788,149.78904307344388
2025-10-31 19:00:00,1902.4027562707404,618.774090910048,122.37926218354644
2025-10-31 20:00:00,1995.613752577192,679.9638730765173,154.53020157757345
2025-10-31 21:00:00,2020.8007290477854,613.0716277720999,121.3525653568798
2025-10-31 22:00:00,1807.4752164869192,576.4660856143796,74.49593898678307
2025-10-31 23:00:00,1483.705769711399,452.0772615595482,107.28306924807006
2025-11-01 00:00:00,1413.0039059839355,377.57697965542394,85.02431673941199
2025-11-01 01:00:00,987.9113895213526,309.0750430016287,63.25909373908873
2025-11-01 02:00:00,738.3484470401235,234.45493251500235,47.42841306469802
2025-11-01 03:00:00,598.3481727823928,183.93780383594282,36.14308579728054
2025-11-01 04:00:00,612.9846783949478,168.03015924825124,33.71316974855663
2025-11-01 05:00:00,877.7765685668448,272.11348227664513,50.12235688492067
2025-11-01 06:00:00,1290.617343234271,405.7600906062,72.88628006054654
2025-11-01 07:00:00,1860.3090842119789,528.2213898556383,101.10982287682283
2025-11-01 08:00:00,2356.715979121734,632.5040094983348,104.20911072517379
2025-11-01 09:00:00,2511.761075664275,750.7816865438274,126.41981974332825
2025-11-01 10:00:00,2711.7859512424134,823.1005382433617,150.08007549120393
2025-11-01 11:00:00,2684.5157763126076,810.1209274554815,115.19979448676196
2025-11-01 12:00:00,2516.0055370311647,745.7885090744828,116.76381575790192
2025-11-01 13:00:00,2498.995046546513,765.0955018856862,140.27325274884842
2025-11-01 14:00:00,2371.7326794378305,780.8394900837641,141.37196788741602
2025-11-01 15:00:00,2396.3222836772266,691.9617865432244,135.70295291474721
2025-11-01 16:00:00,2306.8972975519378,716.8387983733927,101.61476134766974
2025-11-01 17:00:00,2223.207605326549,728.7353490746578,153.04991078475493
2025-11-01 18:00:00,2128.389559474023,620.8742491301664,107.01524790021973
2025-11-01 19:00:00,2168.819815979312,702.6634638214483,116.14597733693543
2025-11-01 20:00:00,2281.9306297492108,737.9900510835357,113.15998468997289
2025-11-01 21:00:00,2241.0040161289953,677.028654730432,149.45854636942568
2025-11-01 22:00:00,1895.7461810969978,598.6088147959362,121.8677744538048
2025-11-01 23:00:00,1653.8935686471748,539.8061619685895,93.40267500375477
2025-11-02 00:00:00,1265.5026139358217,430.07456105888593,66.23822700728577
2025-11-02 01:00:00,970.4366820119577,280.48632062948303,52.324777649733754
2025-11-02 02:00:00,735.5857101565047,237.0651271344931,33.41984044381467
2025-11-02 03:00:00,586.4745474409324,195.56782107513746,32.28571583063712
2025-11-02 04:00:00,557.8352654071299,194.00656378083758,28.571180152752696
2025-11-02 05:00:00,850.4509504720137,265.54394989480676,47.50610050187632
2025-11-02 06:00:00,1245.3948738197164,408.99570233658915,70.7326296423371
2025-11-02 07:00:00,1683.6410704295301,598.0117341644318,86.65488693994028
2025-11-02 08:00:00,2176.59326511757,698.2085024800905,88.34158103552028
2025-11-02 09:00:00,2449.443945136671,728.229968629202,124.11930924428607
2025-11-02 10:00:00,2580.595390711874,874.9632539743064,112.88435125926762
2025-11-02 11:00:00,2459.5377758000086,813.1137232918885,134.37197594754426
2025-11-02 12:00:00,2535.193624739439,848.5048191626759,127.07160135600952
2025-11-02 13:00:00,2361.7218166513126,733.300009709604,119.41327430256831
2025-11-02 14:00:00,2402.0156690360172,770.1030790759468,108.01525196290865
2025-11-02 15:00:00,2278.2865207185173,777.6889957467336,138.8789740747914
2025-11-02 16:00:00,2237.5614382467834,736.2796192108032,114.02025005512836
2025-11-02 17:00:00,2010.4498713777969,667.5517120338058,144.0536309858892
2025-11-02 18:00:00,2067.1339040387716,605.5383934717003,111.43421606897992
2025-11-02 19:00:00,2101.9698877828855,739.2263291786131,115.8958101184573
2025-11-02 20:00:00,2131.56190052043,716.5677778272083,115.31161517270642
2025-11-02 21:00:00,2262.014765966076,748.0371998904756,119.0669746352349
2025-11-02 22:00:00,1855.5153263456532,658.0513183384646,114.19561565923328
2025-11-02 23:00:00,1594.1868258778738,547.2272821865917,96.55283215623272
2025-11-03 00:00:00,1209.4432300998176,385.9814300884252,92.25773277972698
2025-11-03 01:00:00,890.8283451478754,292.7683190667478,90.89121648548087
2025-11-03 02:00:00,700.8894785985518,230.18802296321576,65.98770865222313
2025-11-03 03:00:00,569.5553701783161,173.5311633940937,50.47206477884813
2025-11-03 04:00:00,525.2994762101446,184.87536372924552,58.371028600800095
2025-11-03 05:00:00,777.1560216146034,232.4526530053479,86.72903598825636
2025-11-03 06:00:00,1146.5563450912985,345.29294419409433,119.56485814719706
2025-11-03 07:00:00,1692.031970106726,540.4952376691878,141.23150261277186
2025-11-03 08:00:00,2064.4396470484508,607.4797021563309,160.26477214633297
2025-11-03 09:00:00,2241.3101406806604,780.5369039351475,223.48884418694112
2025-11-03 10:00:00,2267.857410864592,793.9268827364556,248.81261052606516
2025-11-03 11:00:00,2262.969643086124,799.1453938846345,168.51308997975238
2025-11-03 12:00:00,2314.896579189225,759.1529252312604,236.6542054179296
2025-11-03 13:00:00,2282.4525643850443,678.6593276618474,200.93153662797639
2025-11-03 14:00:00,2086.611902164432,643.5524224631583,163.71417927170742
2025-11-03 15:00:00,2150.1593779392947,735.1624304096963,209.55298564165597
2025-11-03 16:00:00,2209.206268868088,619.4439802122793,213.39515891519403
2025-11-03 17:00:00,2011.85368987339,688.6398445262599,178.98446320679358
2025-11-03 18:00:00,2038.4235043956814,638.4175544207847,159.31023636222676
2025-11-03 19:00:00,2003.8735080649674,619.6290627642908,214.4155231274594
2025-11-03 20:00:00,1962.8539223776816,653.2805547992771,172.5990475715097
2025-11-03 21:00:00,2007.6046698347825,653.9996985868394,209.3896782685141
2025-11-03 22:00:00,1793.8648500920995,563.3113522469982,138.39968948044935
2025-11-03 23:00:00,1480.1175768189094,513.6151733590217,146.05644875556644
2025-11-04 00:00:00,1291.6490598369376,436.84602370632,97.1047378883841
2025-11-04 01:00:00,1009.0157271371007,300.7617286472246,74.39422904424691
2025-11-04 02:00:00,708.8178143961645,218.1378871470163,59.41653258898544
2025-11-04 03:00:00,602.5913492830218,191.73799851426114,37.45106965954735
2025-11-04 04:00:00,566.0094895729775,159.3688022240997,42.49009774573818
2025-11-04 05:00:00,847.8814489926091,267.203109982336,50.75942194191067
2025-11-04 06:00:00,1287.612210724428,404.8159426130461,75.72996303116331
2025-11-04 07:00:00,1717.6391140159967,516.9651553156,114.95713866176577
2025-11-04 08:00:00,2176.09098604324,691.5153815531839,157.0346483883618
2025-11-04 09:00:00,2268.1413323754887,740.7012085708349,199.5063293831481
2025-11-04 10:00:00,2556.425235397122,758.023240210585,212.93162679165133
2025-11-04 11:00:00,2340.1523192848645,810.9881725055258,169.6700511292794
2025-11-04 12:00:00,2449.901873421119,720.1918845734738,178.79985686915987
2025-11-04 13:00:00,2463.0249016259445,772.8311295359325,186.10110023555453
2025-11-04 14:00:00,2410.8827518294397,660.5129001304556,180.12510692203324
2025-11-04 15:00:00,2237.5918075828604,725.6910745884225,160.00199049029052
2025-11-04 16:00:00,2188.006523781172,698.8134142346133,160.09234784461654
2025-11-04 17:00:00,2124.4102965866077,650.3581399492728,150.24614643038376
2025-11-04 18:00:00,2105.0948107303793,657.8041356322594,143.6996693795652
2025-11-04 19:00:00,1986.6581735732898,646.8289564612525,142.3939409736228
2025-11-04 20:00:00,2165.271610040298,701.862524920199,150.09026292628485
2025-11-04 21:00:00,2184.9115183930194,685.8870138005101,145.38368262613554
2025-11-04 22:00:00,1911.2824266432779,606.9428229043957,118.63166177999923
2025-11-04 23:00:00,1650.9318116617194,508.69900543706234,124.87672010958867
2025-11-05 00:00:00,1298.4560783176003,383.2376777069868,78.91241246743434
2025-11-05 01:00:00,926.7631504451931,281.8267494133494,65.56517378445005
2025-11-05 02:00:00,669.779405767234,217.79059652037844,42.650090040130074
2025-11-05 03:00:00,570.4275324403384,171.28073008487192,31.43163849929008
2025-11-05 04:00:00,541.846250872647,178.28591726177234,30.056964994332144
2025-11-05 05:00:00,811.2150704572337,251.73724993204846,48.00117280504133
2025-11-05 06:00:00,1248.6486208468516,381.30758094596985,75.63393939379553
2025-11-05 07:00:00,1765.2354514436743,481.06984626174943,95.74519328512294
2025-11-05 08:00:00,2080.142264514563,661.7781766842024,101.428125898759
2025-11-05 09:00:00,2374.766462866917,690.7933799971804,124.62188542379955
2025-11-05 10:00:00,2356.0022510727763,708.5388739681393,142.47200454892374
2025-11-05 11:00:00,2460.1520244456497,801.7710397908608,152.852285743239
2025-11-05 12:00:00,2392.8013190131182,753.0580350901179,116.5110022409868
2025-11-05 13:00:00,2418.8633353837927,744.370952409,139.3329319212081
2025-11-05 14:00:00,2268.8677798786234,715.5497362589377,136.61673450610132
2025-11-05 15:00:00,2241.82142744545,682.9061383118777,124.34182849346321
2025-11-05 16:00:00,2263.842287253105,659.2593403202053,119.26932495182488
2025-11-05 17:00:00,2100.2364559619664,664.0999100058716,112.24457812768405
2025-11-05 18:00:00,1972.7254715017282,652.6385639914927,119.70648170256143
2025-11-05 19:00:00,2193.3217222954995,620.228770984092,133.03884638488572
2025-11-05 20:00:00,2042.2193213104567,704.142139457735,137.75889696953996
2025-11-05 21:00:00,2101.843885045615,633.8715231061241,107.13069976001732
2025-11-05 22:00:00,1890.851174833752,530.8026458852992,106.27309532248792
2025-11-05 23:00:00,1593.3767729710642,440.6600331271403,69.86874763058437
2025-11-06 00:00:00,1344.548713635206,407.48043649192607,108.64838495646848
2025-11-06 01:00:00,980.4942295740593,317.0454928568686,83.3560322360412
2025-11-06 02:00:00,736.6268334785136,240.66671139891363,68.9135798291151
2025-11-06 03:00:00,576.4940327349642,201.77421811390903,38.13580025748814
2025-11-06 04:00:00,617.8354333144675,191.05372898810555,40.85131543384365
2025-11-06 05:00:00,858.2303620740704,295.0243284498212,69.6689615051488
2025-11-06 06:00:00,1312.2073707970687,424.5955374880141,84.58372309035911
2025-11-06 07:00:00,1762.2397430682247,584.3035997709452,143.94571904764882
2025-11-06 08:00:00,2159.9952827537277,696.1188012737169,184.9863806381403
2025-11-06 09:00:00,2418.9424184726968,859.6058745053195,167.66173912284412
2025-11-06 10:00:00,2460.8162217358877,781.7715734639078,207.26253452937686
2025-11-06 11:00:00,2548.4633021612935,852.5635572502714,176.69758460916646
2025-11-06 12:00:00,2482.5851234805004,817.0478539595155,229.1628740538621
2025-11-06 13:00:00,2530.272232364747,834.6742858871303,198.9875153768939
2025-11-06 14:00:00,2332.8303862664097,791.4434666029858,178.45436503085955
2025-11-06 15:00:00,2326.5607909292266,776.5416605559063,162.6923760869134
2025-11-06 16:00:00,2245.8511841601367,746.4328077286854,190.70585005856273
2025-11-06 17:00:00,2294.894906316686,772.9415787758778,200.9873400107026
2025-11-06 18:00:00,2081.006223147115,700.1816390177476,155.29040939322834
2025-11-06 19:00:00,2178.682942933424,771.1928712209931,162.2956740289228
2025-11-06 20:00:00,2265.7918926573893,733.6736544540704,160.98912703206858
2025-11-06 21:00:00,2197.0167504286196,724.8993170609399,204.7321951532613
2025-11-06 22:00:00,1886.4909148842662,639.4865862729162,123.67951109818796
2025-11-06 23:00:00,1593.69885163796,558.704577037707,149.92078327867094
2025-11-07 00:00:00,1354.821533913415,387.23825583399156,98.62856491824796
2025-11-07 01:00:00,930.5941663090603,292.6298950072019,74.38154593625417
2025-11-07 02:00:00,733.4966246264294,218.66616542189905,54.31022645928063
2025-11-07 03:00:00,584.0119776602427,178.13875335613926,46.41578476082984
2025-11-07 04:00:00,576.2086173718108,174.68798814239,40.81632784031118
2025-11-07 05:00:00,856.182603566412,259.5312571886449,73.19362766792135
2025-11-07 06:00:00,1230.3606631323805,382.32991643498224,109.85134580077887
2025-11-07 07:00:00,1693.8605430348284,564.398567076986,120.93375391291512
2025-11-07 08:00:00,2178.294404772218,656.5384594843379,177.95980014526236
2025-11-07 09:00:00,2356.393617440983,813.6781902148248,179.22045594361157
2025-11-07 10:00:00,2324.6468523677945,760.4180523694179,196.78865204978388
2025-11-07 11:00:00,2551.5094932764755,790.00959839222,226.89773363648234
2025-11-07 12:00:00,2387.1558580792444,714.5778047417386,177.12287887139163
2025-11-07 13:00:00,2429.844558737291,771.5515505341923,205.09066596657505
2025-11-07 14:00:00,2454.609802799665,687.5382793036805,192.70166845444322
2025-11-07 15:00:00,2315.9858547447147,712.7668486472388,176.13168569667832
2025-11-07 16:00:00,2317.86844856822,670.6972267817439,182.22899412577448
2025-11-07 17:00:00,2168.8281957546237,664.8122328004179,172.34380022008327
2025-11-07 18:00:00,2180.416083012592,621.8426765167668,141.93120357383543
2025-11-07 19:00:00,2037.5157067954,608.4352141985521,152.48078645457002
2025-11-07 20:00:00,2159.0567244389645,642.0396692262111,148.85857192790402
2025-11-07 21:00:00,2200.1525975689565,699.1023822000182,162.81237413912177
2025-11-07 22:00:00,1910.338962751161,591.6641036901842,170.97521647405625
2025-11-07 23:00:00,1673.9915624989667,458.12302097021234,133.96321401400442
2025-11-08 00:00:00,1395.3131164888423,457.70310935426426,61.16099575417087
2025-11-08 01:00:00,1088.7933794780593,303.12090770249455,51.18718982922987
2025-11-08 02:00:00,819.8100879742316,246.7550309662232,40.662832170618636
2025-11-08 03:00:00,625.6090169638888,196.14634794073498,34.36897304141273
2025-11-08 04:00:00,617.3334640649485,192.68310101426306,28.961506675309675
2025-11-08 05:00:00,931.6295148501429,302.36151289856423,40.01942351568866
2025-11-08 06:00:00,1303.8011463705166,398.386962056195,68.6835731555406
2025-11-08 07:00:00,1791.1192545764695,589.1142765407699,101.14160283684366
2025-11-08 08:00:00,2360.626572974544,744.6515016955324,119.83843766072914
2025-11-08 09:00:00,2581.104451575033,763.803130434,118.7035278074338
2025-11-08 10:00:00,2672.1751555087926,797.7762868526207,163.96237005085658
2025-11-08 11:00:00,2677.2499381466628,812.2601977135796,135.6874197505462
2025-11-08 12:00:00,2450.396115306108,820.6770562798592,137.35506378583344
2025-11-08 13:00:00,2547.870997974284,734.5487267711967,121.8656619991586
2025-11-08 14:00:00,2470.132130479849,797.260948980578,144.77736083038647
2025-11-08 15:00:00,2535.5115305823188,708.9951103842475,134.52038669622712
2025-11-08 16:00:00,2475.209263159874,787.5518251864368,127.61327771897051
2025-11-08 17:00:00,2343.279422384386,727.3834224873309,103.45675139703829
2025-11-08 18:00:00,2254.1514621874517,749.668161833142,127.77273504357161
2025-11-08 19:00:00,2148.525928919573,712.421852768541,124.31430373895748
2025-11-08 20:00:00,2344.178726110148,699.2810474112891,131.1521089377646
2025-11-08 21:00:00,2346.674807159202,682.3234795142521,118.65162464476879
2025-11-08 22:00:00,2122.0891472294534,638.445544817142,104.24101990611315
2025-11-08 23:00:00,1833.999320184237,532.1316305175056,86.98640857225497
2025-11-09 00:00:00,1418.5472137490403,477.7182932177805,101.47779396156842
2025-11-09 01:00:00,1073.206918830988,314.4329552611416,55.84206475595797
2025-11-09 02:00:00,798.7682100038222,271.701873621481,38.875868127960416
2025-11-09 03:00:00,657.2482928274651,210.71588236463518,34.31979978508483
2025-11-09 04:00:00,640.8716797799044,192.4771265389194,33.007583378901366
2025-11-09 05:00:00,944.1151669111451,313.44209649076225,59.04142804141281
2025-11-09 06:00:00,1462.403895691132,415.0250617221311,66.32768876879247
2025-11-09 07:00:00,1899.9089880556596,600.713043461998,100.67015638526975
2025-11-09 08:00:00,2334.6360815333433,684.5758804792869,134.18191502318953
2025-11-09 09:00:00,2623.528095732201,892.7191417094826,167.92766543367637
2025-11-09 10:00:00,2806.900533392687,791.8105157608135,166.99026352523043
2025-11-09 11:00:00,2725.140327963161,796.6223426571543,181.31610690472027
2025-11-09 12:00:00,2764.354396256825,814.1556295279305,157.0114723921706
2025-11-09 13:00:00,2688.3014495574494,871.9365338819447,144.41697961723762
2025-11-09 14:00:00,2601.9504708224777,844.5451061304801,158.92201604805138
2025-11-09 15:00:00,2670.1358707965537,795.5849041676295,121.44042896911972
2025-11-09 16:00:00,2534.984059595554,808.4629673634329,113.15690767886365
2025-11-09 17:00:00,2503.6450890495785,733.6810209005357,146.98380221341327
2025-11-09 18:00:00,2337.8876660873366,727.8609813669375,131.45499530207428
2025-11-09 19:00:00,2362.5604621555117,774.6890720101738,142.74255727135238
2025-11-09 20:00:00,2393.2660044090476,728.9983079350344,120.68766099282747
2025-11-09 21:00:00,2431.004710299075,710.4482918681662,151.42038273271731
2025-11-09 22:00:00,2205.19140299191,671.0127178540152,126.79273092530896
2025-11-09 23:00:00,1804.584204268509,573.7762991317109,99.47898378355471
2025-11-10 00:00:00,1304.5209463632073,456.11400762123395,84.4412085499415
2025-11-10 01:00:00,915.8180085023297,346.66945768714515,62.44435143156472
2025-11-10 02:00:00,719.4817041940313,246.1566145836204,41.05708780124146
2025-11-10 03:00:00,555.8692333420297,200.5794043452205,34.77791462290027
2025-11-10 04:00:00,566.5561728688599,198.78496401961976,36.815434912585694
2025-11-10 05:00:00,822.2152031766809,293.6249663744384,50.29386973057384
2025-11-10 06:00:00,1279.9203522966088,466.9838404249771,66.32167422308872
2025-11-10 07:00:00,1638.2900776869026,607.9466653349062,112.19385712398253
2025-11-10 08:00:00,1990.9380706639565,721.8737964076174,145.4299039444666
2025-11-10 09:00:00,2292.206150524137,843.911166917429,167.11174827693372
2025-11-10 10:00:00,2353.929046172384,906.0774473858489,166.32090062459417
2025-11-10 11:00:00,2342.8792134002024,892.0167924658016,170.37309309712936
2025-11-10 12:00:00,2431.977852275692,872.7317851784403,169.93155798354556
2025-11-10 13:00:00,2332.073646526855,763.2623170414214,151.0888016757696
2025-11-10 14:00:00,2266.6858410442865,712.8534847460145,113.73817464903996
2025-11-10 15:00:00,2226.6291493554654,843.1704078327297,162.70707243685544
2025-11-10 16:00:00,2156.244033465169,790.0911957820664,127.2282286461725
2025-11-10 17:00:00,2196.5877601238703,740.0755263439604,118.36592199291435
2025-11-10 18:00:00,1988.3399674137208,740.2909495444873,114.8207899795599
2025-11-10 19:00:00,1966.2783408333023,787.4951177415898,166.36955012532871
2025-11-10 20:00:00,2146.4868412850356,791.5062074808682,141.28929155741065
2025-11-10 21:00:00,2087.1501660683775,775.3323712372278,119.6680212925521
2025-11-10 22:00:00,1973.5816756798918,630.5446921678993,111.06199279385288
2025-11-10 23:00:00,1553.4119688104952,535.8833069344474,101.25018634537575
2025-11-11 00:00:00,1337.9909349949269,380.3676847628246,73.87472825000192
2025-11-11 01:00:00,981.198694884884,322.9228743001933,52.38113944716444
2025-11-11 02:00:00,705.5252181844497,248.16135063672326,34.38226160858705
2025-11-11 03:00:00,562.1603266209282,199.72883177742722,31.698476257998326
2025-11-11 04:00:00,573.8898563349906,191.00966901709572,28.031594069505886
2025-11-11 05:00:00,847.5746821380229,272.3804399382292,49.576236028869005
2025-11-11 06:00:00,1198.8258620955091,399.35285818465843,67.03047192819243
2025-11-11 07:00:00,1666.6830436695775,543.5374437534421,84.32634264174462
2025-11-11 08:00:00,1961.5368749286652,689.0055836961766,121.10008728639838
2025-11-11 09:00:00,2410.6215605067146,743.1679065860815,131.83507525580447
2025-11-11 10:00:00,2471.2206792740676,888.5250976126167,126.07302793067512
2025-11-11 11:00:00,2466.3811671768326,763.7218076744825,142.71357945062354
2025-11-11 12:00:00,2315.5021318249537,791.8923367987577,138.57237861918549
2025-11-11 13:00:00,2298.47225270516,707.0034133930042,143.04346829325831
2025-11-11 14:00:00,2304.5444865286504,779.4200915671389,134.2720652254759
2025-11-11 15:00:00,2245.460676998962,752.7521548990181,119.3419506848822
2025-11-11 16:00:00,2236.6514177983377,720.733511301009,97.25062995722004
2025-11-11 17:00:00,2169.5156767604026,670.5868818826652,116.2645571431273
2025-11-11 18:00:00,2194.6075909001565,679.0185760873655,114.25005986793845
2025-11-11 19:00:00,2074.4532613421325,664.8432960646791,111.42145121078225
2025-11-11 20:00:00,2201.229480326883,697.625345196106,76.84850926236986
2025-11-11 21:00:00,2085.2466848129225,768.7718494115478,122.33173325853068
2025-11-11 22:00:00,1809.4677014087245,629.6853950778892,91.34249328829188
2025-11-11 23:00:00,1586.9177440681167,540.8363445875151,91.90656647523114
2025-11-12 00:00:00,1192.4959133383775,411.0962419092944,98.45582913104464
2025-11-12 01:00:00,909.7347109184009,294.75902663000414,58.927741291761365
2025-11-12 02:00:00,668.5773301799238,230.02277668433123,47.694810995209004
2025-11-12 03:00:00,518.0360895671249,206.97577644369875,36.63498399769534
2025-11-12 04:00:00,562.667505273953,178.2952805604968,37.78567507000217
2025-11-12 05:00:00,784.4616541052462,273.0233232298164,53.653445041641135
2025-11-12 06:00:00,1137.2161110800644,385.42844759037916,74.9561336282403
2025-11-12 07:00:00,1684.7214739779672,479.9288888229898,98.77666926172049
2025-11-12 08:00:00,1975.1807837338852,653.3530864461355,157.43451617116565
2025-11-12 09:00:00,2333.636729992542,850.8970599597922,158.03720527415368
2025-11-12 10:00:00,2328.9281670513737,824.1498298230301,172.63468583890685
2025-11-12 11:00:00,2330.5868887998768,860.557905065311,164.45721119324793
2025-11-12 12:00:00,2343.510562422514,768.8966905346409,170.9640540666867
2025-11-12 13:00:00,2302.205252341908,676.0334634274742,136.2576185377389
2025-11-12 14:00:00,2278.6803007510453,711.2981832971351,149.9597841119128
2025-11-12 15:00:00,2180.1462167193577,750.5299621225051,153.57432761771815
2025-11-12 16:00:00,2160.586005997695,725.6061386020839,161.68442394296395
2025-11-12 17:00:00,2081.2539880509253,686.5716325218671,175.1044172638161
2025-11-12 18:00:00,1982.072295366188,647.0522034666366,137.1042977168495
2025-11-12 19:00:00,1974.4277075582713,698.2519473801678,122.62429719330228
2025-11-12 20:00:00,1956.5016710067187,670.2589232050034,118.26389811381806
2025-11-12 21:00:00,2072.914796136244,697.1463433941808,122.53684576834566
2025-11-12 22:00:00,1815.0457512118337,616.5828033670285,110.66793456734425
2025-11-12 23:00:00,1512.871141236336,506.48583176346796,69.97170429219652
2025-11-13 00:00:00,1313.2786154464654,363.55461606492105,87.3956152238148
2025-11-13 01:00:00,886.8539691610472,270.9040525832517,74.00717586864825
2025-11-13 02:00:00,725.9995556049107,226.71510813820404,52.03404503423845
2025-11-13 03:00:00,556.0464002725466,175.59275812790068,40.21416947859755
2025-11-13 04:00:00,549.7467154615276,171.24368646753612,33.409524952855335
2025-11-13 05:00:00,799.9835480502009,233.0323378753999,66.98169686457808
2025-11-13 06:00:00,1154.2718974335764,337.3423102794525,95.00259487313758
2025-11-13 07:00:00,1663.246686236522,526.575314309743,123.9839906314501
2025-11-13 08:00:00,2067.6823296125353,640.3357200184889,116.03298964770552
2025-11-13 09:00:00,2344.503941424697,693.682910761388,162.01547532977335
2025-11-13 10:00:00,2402.4649914701245,710.5136458474664,188.06017289992138
2025-11-13 11:00:00,2257.1197731363864,669.0533982241986,178.22700769198067
2025-11-13 12:00:00,2256.8909808802186,735.9302545095519,179.00639412708728
2025-11-13 13:00:00,2432.9189844365696,728.6470968706166,183.78387865477472
2025-11-13 14:00:00,2197.4516822248734,656.497123846701,171.3587736558194
2025-11-13 15:00:00,2309.2073254608604,640.5128001788514,176.72777142522798
2025-11-13 16:00:00,2106.87502145612,686.7531672394421,146.1794982204067
2025-11-13 17:00:00,2060.9310511807826,601.0984593360588,133.65661793082216
2025-11-13 18:00:00,2037.5868001358176,651.3488510572297,156.59694547389893
2025-11-13 19:00:00,1967.9603446721082,599.9914151648467,160.81608821978426
2025-11-13 20:00:00,2163.601941206599,608.7598454129069,162.67545382460412
2025-11-13 21:00:00,2075.867908708671,621.7138312716958,156.2212747548291
2025-11-13 22:00:00,1865.6342165971155,541.2959242308093,132.15915100720457
2025-11-13 23:00:00,1543.3556778461586,491.0477352359908,118.26171010170725
2025-11-14 00:00:00,1250.7411208984386,405.52111594043953,68.41799738666509
2025-11-14 01:00:00,933.9586737018424,298.1314711122679,50.142662831521214
2025-11-14 02:00:00,669.6319668883547,214.7000683749902,46.108303200554836
2025-11-14 03:00:00,564.6651109261612,166.7818211393718,25.95345609565415
2025-11-14 04:00:00,518.5125520021363,166.95232964515333,38.07969313422208
2025-11-14 05:00:00,800.0221865618383,242.9050486483604,36.21849514978786
2025-11-14 06:00:00,1188.5589581698919,397.5911491852556,65.36355826271836
2025-11-14 07:00:00,1569.1132681312135,536.927571630547,75.36470119904348
2025-11-14 08:00:00,1996.2250403049527,625.5157972670848,109.70709631396021
2025-11-14 09:00:00,2229.4963770281697,674.1328706360343,131.95377405558648
2025-11-14 10:00:00,2284.4836583638316,796.2037501544281,125.67463266148032
2025-11-14 11:00:00,2352.414610541711,742.3293651017876,137.75690562476848
2025-11-14 12:00:00,2293.977114390576,718.8139533344797,116.65482860254609
2025-11-14 13:00:00,2224.519019027579,758.6685072719832,92.83407226417755
2025-11-14 14:00:00,2191.4694897916975,678.050282235242,125.46173169372929
2025-11-14 15:00:00,2145.782973626792,670.6068632529531,115.49778305941956
2025-11-14 16:00:00,2074.065508680541,656.1025453080676,106.32304401498303
2025-11-14 17:00:00,2014.4541529698724,594.8768141370363,102.61113621889308
2025-11-14 18:00:00,1905.0054084383069,623.593837119714,108.37443749663636
2025-11-14 19:00:00,2095.7789476521666,594.953604306213,95.20563126760436
2025-11-14 20:00:00,1927.6360581182314,617.799419433587,111.7381964217325
2025-11-14 21:00:00,1973.8479509817007,613.689909518222,121.18566364977877
2025-11-14 22:00:00,1758.996293092393,548.8737065466579,116.75273233622197
2025-11-14 23:00:00,1592.0056631685845,457.53489455161696,92.84441895588706
2025-11-15 00:00:00,1396.0923042354214,428.2782984255694,99.16174961509957
2025-11-15 01:00:00,1068.0495008216901,305.8503884724491,72.94189745174506
2025-11-15 02:00:00,798.2993906773613,232.00917833970252,50.99468163297616
2025-11-15 03:00:00,641.1008353958707,206.56853086113492,40.55433714119717
2025-11-15 04:00:00,643.5269235578531,180.25109443257858,45.76705178551641
2025-11-15 05:00:00,955.5273458223311,277.7166303866589,60.06650780240627
2025-11-15 06:00:00,1366.4330237871973,418.09058781270403,96.72567283529744
2025-11-15 07:00:00,1919.596600124683,555.7441568408074,115.00053910497552
2025-11-15 08:00:00,2220.732609957135,693.0503985585738,180.85259945286072
2025-11-15 09:00:00,2638.944121463842,769.1285540213004,170.76327271054592
2025-11-15 10:00:00,2701.738719493319,814.6128593849618,207.6268774293541
2025-11-15 11:00:00,2735.55934452449,780.0943991672721,170.80724915716124
2025-11-15 12:00:00,2570.3713769269275,768.7064193140837,166.50637957143448
2025-11-15 13:00:00,2661.4183757034657,768.9882090088726,202.35098201168557
2025-11-15 14:00:00,2469.4289539228457,684.659687076928,162.48392202369627
2025-11-15 15:00:00,2550.235778780068,795.1785449695592,141.794228162355
2025-11-15 16:00:00,2389.2972676017434,797.845351217764,147.62675657742992
2025-11-15 17:00:00,2312.7528269667246,697.3606033242114,174.03219621093118
2025-11-15 18:00:00,2364.015517210723,690.1761702509217,166.64233640574898
2025-11-15 19:00:00,2341.112115719086,707.6538559463754,142.0852009236722
2025-11-15 20:00:00,2444.99962104969,647.3400807710094,148.38958360526377
2025-11-15 21:00:00,2472.1605588301845,722.719420525209,170.8675374791814
2025-11-15 22:00:00,2060.809757903903,602.2770763228347,161.76779524901653
2025-11-15 23:00:00,1852.3340311789848,576.6105878082118,118.64434096544093
2025-11-16 00:00:00,1269.626215135829,506.3329469098905,117.3669948109264
2025-11-16 01:00:00,983.9103910865755,388.37853208524353,88.23493995319905
2025-11-16 02:00:00,713.8654335713018,276.9882618876561,74.64468341577535
2025-11-16 03:00:00,564.7802733565538,247.60217513273955,42.43761560533593
2025-11-16 04:00:00,577.5912749726949,213.754673418259,44.061372000529914
2025-11-16 05:00:00,866.1022924710483,344.0742041987418,66.71491591492722
2025-11-16 06:00:00,1296.1174481348066,502.6160286613964,115.17258341477125
2025-11-16 07:00:00,1754.2519777374234,686.2615048926244,141.88309364114525
2025-11-16 08:00:00,2147.6541998623998,835.0941373086436,185.02393208796616
2025-11-16 09:00:00,2439.125529488074,897.905042795844,203.70977891983017
2025-11-16 10:00:00,2545.159974442941,852.2957364976739,211.13640229543577
2025-11-16 11:00:00,2549.725680305739,1019.9166821574253,212.53364937527815
2025-11-16 12:00:00,2477.7892666748444,928.5130536946236,229.03563144625934
2025-11-16 13:00:00,2460.334074546553,980.3377962189901,179.95168748648013
2025-11-16 14:00:00,2260.1532955542843,929.4962498763626,194.8686375047266
2025-11-16 15:00:00,2311.2545785436023,947.4091583063658,168.52793061173216
2025-11-16 16:00:00,2172.4254702396497,906.0971329942461,193.64778874803423
2025-11-16 17:00:00,2180.488482456357,735.6293450349741,177.15855204171055
2025-11-16 18:00:00,2187.6922736795245,831.4338408456969,195.20000526041963
2025-11-16 19:00:00,2075.9152540177993,798.5490436779145,175.87615412891412
2025-11-16 20:00:00,2171.457110842575,882.2766224747164,172.2974643839647
2025-11-16 21:00:00,2209.482221259112,859.0938245537484,176.15659495237244
2025-11-16 22:00:00,1812.6839981692299,764.2323565168982,190.90961583593418
2025-11-16 23:00:00,1600.1162025491058,618.5254962832212,112.75431410565655
2025-11-17 00:00:00,1321.7743968915916,421.5063167051218,84.06268673806699
2025-11-17 01:00:00,875.5477193807749,314.3289957338607,65.91445399689887
2025-11-17 02:00:00,695.8859950368333,220.11190636994036,45.91410964442185
2025-11-17 03:00:00,590.6896868207621,187.6201406504165,41.594772241469315
2025-11-17 04:00:00,576.930146172937,175.7421235180545,38.444537918725146
2025-11-17 05:00:00,842.731848296661,261.52944785996203,59.075279788436035
2025-11-17 06:00:00,1279.925818341296,423.35864336574,87.19379264662213
2025-11-17 07:00:00,1733.9441608329953,595.8885077366459,117.4727945099689
2025-11-17 08:00:00,2147.809901604519,711.699621832768,125.42111689120865
2025-11-17 09:00:00,2355.000172856064,781.4179697962834,166.87918372325797
2025-11-17 10:00:00,2502.6246619550584,802.1828551801244,139.13988673147185
2025-11-17 11:00:00,2438.8478328028973,823.8765408196881,158.68013356228064
2025-11-17 12:00:00,2521.1840916980664,788.0819333830525,176.72931055071095
2025-11-17 13:00:00,2476.9113095172606,798.3046774082583,184.83335056268461
2025-11-17 14:00:00,2430.557730131209,730.6930240131386,202.30024182572348
2025-11-17 15:00:00,2266.784349138197,798.9726260247941,150.71669415591128
2025-11-17 16:00:00,2174.1158066990674,732.1217975975323,139.5436196247722
2025-11-17 17:00:00,2215.0007801685883,733.9096751802153,155.73749407003783
2025-11-17 18:00:00,2098.966547417655,726.7119120347331,171.32887281716626
2025-11-17 19:00:00,2098.5028590125285,711.9186548992456,167.08386712801533
2025-11-17 20:00:00,2100.877719123337,748.6539642038878,130.90564696333615
2025-11-17 21:00:00,2164.1508934331578,648.7327259715914,145.16939240138748
2025-11-17 22:00:00,1843.8700395112653,625.5644231579003,143.1145995926875
2025-11-17 23:00:00,1633.401027483681,569.7709348442509,121.62668160921282
2025-11-18 00:00:00,1305.8370553855857,408.0803233112687,89.0436169741594
2025-11-18 01:00:00,957.0365025753047,315.8461891648062,57.96265328252046
2025-11-18 02:00:00,700.8915120863383,235.63864268879462,48.62644430566829
2025-11-18 03:00:00,529.2154134378521,176.87853063678054,40.31828570681903
2025-11-18 04:00:00,542.0303946698867,168.6590186724127,32.25978850902208
2025-11-18 05:00:00,849.200950418468,242.03924910889253,61.00448948374544
2025-11-18 06:00:00,1171.2810041337505,371.46059582856964,88.46378684477203
2025-11-18 07:00:00,1653.761516955006,514.313445543111,101.39895227021556
2025-11-18 08:00:00,2113.0295045959047,625.3798800272916,148.8248758380875
2025-11-18 09:00:00,2322.9939330259117,691.1798823431958,165.35261014381157
2025-11-18 10:00:00,2563.7371885300186,774.1799304398022,174.2654311749999
2025-11-18 11:00:00,2337.4144134299554,817.8476410117659,185.88800201971284
2025-11-18 12:00:00,2275.945317038002,774.838724977644,155.60336735734424
2025-11-18 13:00:00,2361.7068984983466,712.0305382994625,157.43536768432043
2025-11-18 14:00:00,2174.2979896424736,747.4255514783833,106.97846477701768
2025-11-18 15:00:00,2191.706041396341,709.7357813615741,164.375753268433
2025-11-18 16:00:00,2142.868756055123,678.6339220786127,158.63608801470372
2025-11-18 17:00:00,2115.0606436804933,647.8323114520086,156.87426317961427
2025-11-18 18:00:00,2021.2614976803718,623.3231518855232,118.85469491225405
2025-11-18 19:00:00,2024.084941986592,652.9589159320652,146.854762411522
2025-11-18 20:00:00,2032.4818393773232,655.4790847169127,151.8831161536209
2025-11-18 21:00:00,2125.337755738328,628.1384501986155,127.17538283976415
2025-11-18 22:00:00,2033.0154820905052,557.0959873897735,135.52264363044145
2025-11-18 23:00:00,1572.2547140858487,495.78865376738696,107.79974165795059
2025-11-19 00:00:00,1334.0714943093697,416.08000454675414,61.69634230732935
2025-11-19 01:00:00,933.2188900935123,292.2005515069576,58.48740744677457
2025-11-19 02:00:00,714.0084017897113,210.54233753688877,37.870567198819266
2025-11-19 03:00:00,578.6563193789815,189.15972939769205,27.075526637811222
2025-11-19 04:00:00,561.551123522594,183.4438935378689,33.668975410121284
2025-11-19 05:00:00,847.253782773228,234.74874579661835,47.81338346821838
2025-11-19 06:00:00,1333.0925039803496,414.35520019597425,83.10513017228453
2025-11-19 07:00:00,1813.811424566111,531.6205474265921,101.53059608810908
2025-11-19 08:00:00,2141.473741414665,665.1329687886051,132.48833419754231
2025-11-19 09:00:00,2334.972663104221,781.1945113945442,144.8366129763675
2025-11-19 10:00:00,2631.968715662574,839.5494232109409,160.0547070510443
2025-11-19 11:00:00,2521.6747555362754,811.2407738630744,129.6974726572306
2025-11-19 12:00:00,2357.4302461307357,767.7641112467463,143.7308990615113
2025-11-19 13:00:00,2464.6008208988274,691.1552890112912,135.19136549614262
2025-11-19 14:00:00,2448.5002576897814,657.8470443909785,144.78566307172483
2025-11-19 15:00:00,2174.040443374734,744.8958509656314,136.14784347716503
2025-11-19 16:00:00,2219.3850411894555,741.2404351630954,120.48247397806125
2025-11-19 17:00:00,2168.4423034654715,640.2075544872599,119.0524196735278
2025-11-19 18:00:00,2145.877352792392,635.8767109404602,140.7561622748911
2025-11-19 19:00:00,2084.348751131356,630.5149135472346,98.12273411104471
2025-11-19 20:00:00,2124.6007051598913,647.6466703461704,133.05066984692508
2025-11-19 21:00:00,2219.326824342974,701.127666512067,140.16250377818534
2025-11-19 22:00:00,1908.492352068669,598.7750625493679,116.73558997916305
2025-11-19 23:00:00,1656.7843810247434,494.5279791569357,112.48451560119462
2025-11-20 00:00:00,1268.036528243795,451.1642432194847,106.00875289190084
2025-11-20 01:00:00,916.4200780313369,270.75029040981974,72.948875894731
2025-11-20 02:00:00,729.9560191679012,224.16985550065183,49.91796923677825
2025-11-20 03:00:00,576.4051063599809,165.9758228194858,43.92530620782225
2025-11-20 04:00:00,574.9326459055654,169.91632313620923,44.257909453371205
2025-11-20 05:00:00,821.2337521179858,256.4908833613945,61.32863887662189
2025-11-20 06:00:00,1221.5411001236043,397.2250806189475,84.49042484065701
2025-11-20 07:00:00,1789.8389931903548,520.090230744245,110.28850887779625
2025-11-20 08:00:00,2026.1974712977274,634.9877916752757,158.7470165018283
2025-11-20 09:00:00,2460.569281038738,716.4696637518454,146.84400373697872
2025-11-20 10:00:00,2588.2903599910564,722.7160527325757,174.20963590102923
2025-11-20 11:00:00,2544.0311384640872,782.1381551954212,134.64347759377023
2025-11-20 12:00:00,2390.041214948651,754.5444754315567,195.35341771186557
2025-11-20 13:00:00,2323.2567306676215,741.5631691931869,196.66447878006403
2025-11-20 14:00:00,2328.107673269643,712.9845912980481,173.69006785989663
2025-11-20 15:00:00,2211.3605088082963,694.3406291606397,202.15110495836987
2025-11-20 16:00:00,2174.936852799968,721.567026242508,188.31343547125616
2025-11-20 17:00:00,2178.4925547602347,686.0301239796421,165.53977250076883
2025-11-20 18:00:00,2106.2220092792377,675.2017497043969,150.26959552962043
2025-11-20 19:00:00,2019.5929030847403,647.034965490991,147.22336846033932
2025-11-20 20:00:00,2180.368462898462,696.4933618884664,166.9476206678598
2025-11-20 21:00:00,2167.111291535974,640.5608463238804,154.96861487464489
2025-11-20 22:00:00,1982.6696009285797,575.5158524173623,148.20231708650485
2025-11-20 23:00:00,1631.07391766715,518.8217552193356,126.0220745933046
2025-11-21 00:00:00,1406.5650701368695,414.3354334158268,66.94059131082152
2025-11-21 01:00:00,1007.3589066827908,285.60747101374756,55.871033229351326
2025-11-21 02:00:00,766.4907945794305,206.3972357460958,36.560637272572656
2025-11-21 03:00:00,575.7783675850529,172.31661163235867,30.078764611199574
2025-11-21 04:00:00,582.8571645077612,164.7739159801155,26.279163840365975
2025-11-21 05:00:00,869.1455183625851,274.68909236297856,42.43923004347105
2025-11-21 06:00:00,1295.286293044492,393.99607859587246,80.82697351253556
2025-11-21 07:00:00,1822.5641765390615,505.143014093514,81.64610707099298
2025-11-21 08:00:00,2248.6604812719224,611.2906141782348,116.2762637015158
2025-11-21 09:00:00,2509.5535953678796,696.1079370913709,118.59760226578284
2025-11-21 10:00:00,2593.4993332482322,738.9497168751102,99.59973280137761
2025-11-21 11:00:00,2540.676834468206,749.7711691825388,138.2182761657483
2025-11-21 12:00:00,2622.335676340672,781.3837701386735,120.15477329868263
2025-11-21 13:00:00,2506.6054515913092,689.5225800176784,129.03375012110217
2025-11-21 14:00:00,2375.592320531076,791.4115172955767,136.01262322787616
2025-11-21 15:00:00,2382.5862063054333,666.1921966439846,123.42169413573994
2025-11-21 16:00:00,2219.9199765075364,633.6276325194227,121.41521684423694
2025-11-21 17:00:00,2236.525209744083,704.2361868462302,101.7264609067087
2025-11-21 18:00:00,2147.938908509518,669.6071715953299,116.8247430423977
2025-11-21 19:00:00,2137.455324433588,627.4113359558087,106.91097064441864
2025-11-21 20:00:00,2333.1988502623144,663.0740209537566,87.99842661729807
2025-11-21 21:00:00,2162.1727473217793,663.8688360732873,122.31184956034745
2025-11-21 22:00:00,2025.4633241662132,582.6145512719218,112.03405696821886
2025-11-21 23:00:00,1778.5954265560786,457.80751099371156,97.71755104682622
2025-11-22 00:00:00,1482.90087170565,425.71315545044996,119.83285920859674
2025-11-22 01:00:00,1046.4329357530728,337.599161212282,76.51182785184062
2025-11-22 02:00:00,760.9760235372006,287.30668267403075,55.92206471649346
2025-11-22 03:00:00,605.0469717762898,230.34914554861192,47.40651218847202
2025-11-22 04:00:00,608.8197299370145,204.36186105851928,37.535510768881146
2025-11-22 05:00:00,899.0241423207814,293.76830287790426,50.615684545761184
2025-11-22 06:00:00,1346.6004859457278,468.04264151391857,87.85886007050685
2025-11-22 07:00:00,1879.904268704065,651.1242250560499,145.56281080637453
2025-11-22 08:00:00,2322.0011215428644,805.3245800852222,145.7536230212717
2025-11-22 09:00:00,2651.7424966344533,771.7685915916306,185.25180756716543
2025-11-22 10:00:00,2652.06869602008,1064.206831819199,196.6664708629865
2025-11-22 11:00:00,2681.8656097798134,969.127446804115,189.17109717992614
2025-11-22 12:00:00,2669.7021803650496,892.5927606261241,155.79338092701914
2025-11-22 13:00:00,2602.0046624000406,848.6906112517876,182.90712118707813
2025-11-22 14:00:00,2709.2391051241993,907.4304424666472,165.80360105543548
2025-11-22 15:00:00,2541.1438510937032,868.825193088246,201.5491283063733
2025-11-22 16:00:00,2348.562334344788,830.206694937322,186.18064679226296
2025-11-22 17:00:00,2382.3018211233043,808.9170323540297,152.10888951970202
2025-11-22 18:00:00,2311.043676548689,760.836645333521,182.76214489657755
2025-11-22 19:00:00,2281.42678851169,784.3586467584577,160.07275463098543
2025-11-22 20:00:00,2274.9994975998866,819.1775378082422,130.03884079036996
2025-11-22 21:00:00,2470.419899918217,804.5139871779786,157.3972080408671
2025-11-22 22:00:00,2030.7622543993068,713.3936670169471,166.07489048432336
2025-11-22 23:00:00,1799.0485153070597,633.644565600808,108.52001166288393
2025-11-23 00:00:00,1312.7952751122903,423.196109271972,93.10954378957564
2025-11-23 01:00:00,965.6216977169366,320.75233665815193,58.19931025692567
2025-11-23 02:00:00,746.4398749078448,250.61780862029437,44.541287038168576
2025-11-23 03:00:00,579.0933583319875,193.22469567476563,37.2693670765797
2025-11-23 04:00:00,549.5788464730865,192.37241193184937,34.78817002662466
2025-11-23 05:00:00,856.7522022386885,310.1498485021487,55.720753327752156
2025-11-23 06:00:00,1224.2337250713247,434.6406098677938,106.37681815181352
2025-11-23 07:00:00,1728.4785486679762,550.9754499338128,123.1462661247428
2025-11-23 08:00:00,2035.7424404965334,726.7666578856453,164.6448368050833
2025-11-23 09:00:00,2304.4680970684294,835.970681283904,190.63026656318908
2025-11-23 10:00:00,2495.1273061274965,876.9742364437482,157.55726353409767
2025-11-23 11:00:00,2505.1825270884488,894.558232854978,162.1441031504519
2025-11-23 12:00:00,2316.607314579619,874.0685265753181,189.23660025878686
2025-11-23 13:00:00,2405.9031478906945,828.0290054706909,158.80156920224965
2025-11-23 14:00:00,2283.8734719994004,773.7387475419986,180.65117858048134
2025-11-23 15:00:00,2371.7642648490983,787.2939224174162,194.3852738533642
2025-11-23 16:00:00,2208.693872652753,760.0199463405868,135.04214858949553
2025-11-23 17:00:00,2068.7147970015926,739.9465659720797,147.53071427003064
2025-11-23 18:00:00,2068.944382052011,749.544023639501,145.16082166453288
2025-11-23 19:00:00,2023.299988979051,743.7204028733705,140.69999059344926
2025-11-23 20:00:00,2211.426355623194,780.2010227298852,143.3637701316536
2025-11-23 21:00:00,2135.7681019143015,736.3541686884096,145.2867866999469
2025-11-23 22:00:00,1890.4840825169938,715.6258988873549,136.186500823739
2025-11-23 23:00:00,1628.4921126004788,581.1125968976197,117.15965516447544
2025-11-24 00:00:00,1232.0362539385837,493.0507849380273,110.84979970667135
2025-11-24 01:00:00,888.8275447100484,367.10420120118624,72.89253752945612
2025-11-24 02:00:00,699.5188416438684,258.8175931271083,61.45860623629236
2025-11-24 03:00:00,536.3991996408716,192.2476368390356,41.06080982646335
2025-11-24 04:00:00,525.2281978593686,203.47740640144508,37.373813804029766
2025-11-24 05:00:00,825.6826349181945,323.41454054193633,61.85084640380446
2025-11-24 06:00:00,1227.7596096041193,469.92234090539904,100.7194783499522
2025-11-24 07:00:00,1612.294567291238,642.0870521572509,144.7760614922293
2025-11-24 08:00:00,2015.4866039846834,760.888607639483,188.26377439407923
2025-11-24 09:00:00,2246.2208688258597,807.1298949779656,188.40825419511344
2025-11-24 10:00:00,2539.614834442483,1000.5533841038407,207.4290634201049
2025-11-24 11:00:00,2468.992406564571,922.2121475012,219.1557001012889
2025-11-24 12:00:00,2334.219757493714,894.7684876520597,171.4579045243925
2025-11-24 13:00:00,2341.465842169657,862.5084388626166,178.52189668476447
2025-11-24 14:00:00,2183.8518198563634,931.3911173656994,233.86454374795483
2025-11-24 15:00:00,2181.9702958099892,896.9539790311046,192.61122344902637
2025-11-24 16:00:00,2172.491189790196,798.785682107871,181.20152049625827
2025-11-24 17:00:00,2100.1847294782838,847.5409556258858,180.30341051225147
2025-11-24 18:00:00,1999.415012956237,770.1607536069754,135.9694710404737
2025-11-24 19:00:00,2030.3585227555677,757.0217289791354,148.66082530041126
2025-11-24 20:00:00,2078.5275054196018,790.9468056863351,146.40789463906978
2025-11-24 21:00:00,2064.5150348814336,771.9410813886074,171.854689356087
2025-11-24 22:00:00,1828.3486352433065,667.6416805293586,140.3137824734754
2025-11-24 23:00:00,1537.086011677613,624.394699491095,124.58902711130037
2025-11-25 00:00:00,1217.1772197385224,459.9626969699046,74.38237010350682
2025-11-25 01:00:00,889.6137086757067,348.2236415712607,46.131440695577865
2025-11-25 02:00:00,663.2962402001158,257.1195529520573,46.00360182055791
2025-11-25 03:00:00,510.3430854309798,208.26028140121548,27.18552857918037
2025-11-25 04:00:00,502.30377819133173,178.98961051488018,30.29944649033107
2025-11-25 05:00:00,778.1554991619913,283.45725048347265,42.01240571495643
2025-11-25 06:00:00,1201.8199316334158,456.0164046163076,66.48150799022704
2025-11-25 07:00:00,1600.9204193199664,575.0637539750447,103.67823036582136
2025-11-25 08:00:00,1934.4382188514735,765.9124212712208,141.19339533722442
2025-11-25 09:00:00,2212.582960565026,788.453167219135,116.31877771781068
2025-11-25 10:00:00,2235.4446822723294,888.2927590610991,138.08957150463837
2025-11-25 11:00:00,2381.7511200574127,952.1570425539502,118.57837577453934
2025-11-25 12:00:00,2265.5216099175723,898.9198620245159,134.05378067967985
2025-11-25 13:00:00,2157.6954536911867,769.6417466457283,141.03705231220425
2025-11-25 14:00:00,2155.7351161277643,866.8114071874751,149.28720380489716
2025-11-25 15:00:00,2090.615979244729,887.6399303105362,104.10270882541408
2025-11-25 16:00:00,2142.593819262248,902.1122835777936,139.3859215438779
2025-11-25 17:00:00,1967.748245515791,778.2723793514506,112.70264598028697
2025-11-25 18:00:00,1921.2621254059993,686.8893402432077,105.73836085644346
2025-11-25 19:00:00,1954.7837025920528,755.2082798179954,123.34908241484568
2025-11-25 20:00:00,1937.9847532695062,819.5259195784869,134.49812870343695
2025-11-25 21:00:00,1989.631739112067,753.9033939066123,124.58529487425608
2025-11-25 22:00:00,1772.527413950605,710.3796990996235,98.72096179120649
2025-11-25 23:00:00,1419.7757236687391,547.417136243848,93.43359377108638
2025-11-26 00:00:00,1253.5518379511127,475.3889187324116,72.04910764679171
2025-11-26 01:00:00,904.0074017693757,298.67989206273376,60.566293459714316
2025-11-26 02:00:00,681.226190531621,242.93350471841055,47.590753780785015
2025-11-26 03:00:00,543.4616080678933,203.61810779487286,37.83071271758484
2025-11-26 04:00:00,535.4491123306999,195.92626882930463,33.3176421680879
2025-11-26 05:00:00,821.5431552049982,278.41454814824834,55.78223135051359
2025-11-26 06:00:00,1149.0261269491973,434.9701882499374,66.38523768900028
2025-11-26 07:00:00,1625.2893864912453,625.4313322140101,122.94254271507667
2025-11-26 08:00:00,2052.0390191554743,752.6051858691914,112.47932449596937
2025-11-26 09:00:00,2293.978426945977,851.6895324215424,110.95175105990758
2025-11-26 10:00:00,2407.271282919515,923.2255737502949,171.3292564716002
2025-11-26 11:00:00,2547.367165705381,872.6762364177949,137.1581458047732
2025-11-26 12:00:00,2359.9709610245636,927.6487476506193,147.56637767347354
2025-11-26 13:00:00,2335.0710198728257,808.5488999319422,126.31933285142972
2025-11-26 14:00:00,2210.4935786095784,914.4566139214153,175.84087485456757
2025-11-26 15:00:00,2123.7617559141436,863.5799957052452,164.22978213346278
2025-11-26 16:00:00,2109.0559456373244,784.4790420012916,155.9952406437356
2025-11-26 17:00:00,2077.6804216393284,753.5550992954926,129.17424526473272
2025-11-26 18:00:00,1991.6276076774284,746.1586009215358,136.8057994966333
2025-11-26 19:00:00,2002.8784872197234,764.5349223579334,123.68254810405934
2025-11-26 20:00:00,2024.9781802388165,804.7160180500451,143.48269940248937
2025-11-26 21:00:00,2015.905779414332,714.6900421768989,122.2685123112134
2025-11-26 22:00:00,1801.6757640727647,693.6905901081767,133.2263945786856
2025-11-26 23:00:00,1558.6813691468842,514.466102708457,91.1730434112037
2025-11-27 00:00:00,1385.3760457775902,443.60745175047884,65.39317871918603
2025-11-27 01:00:00,956.5109887095138,348.20834649678966,46.9088243655626
2025-11-27 02:00:00,753.5962966874072,227.18972989097233,37.810290905641544
2025-11-27 03:00:00,579.3915657521256,179.9785992716248,28.377920246014146
2025-11-27 04:00:00,585.3690342741219,193.0387316222779,30.53223201512895
2025-11-27 05:00:00,856.4111673519855,303.72435895180575,40.97189243718019
2025-11-27 06:00:00,1348.5228772073506,433.8148101714266,70.40242676360602
2025-11-27 07:00:00,1763.7513602922108,535.5644651512264,104.29230322836332
2025-11-27 08:00:00,2201.8847279925153,665.2770435834307,110.9006683805328
2025-11-27 09:00:00,2503.5737681424102,817.6447854921043,153.22910782639883
2025-11-27 10:00:00,2521.912451295733,805.7582699154683,145.58365252539923
2025-11-27 11:00:00,2567.45918415766,856.0551176310461,159.00833993512794
2025-11-27 12:00:00,2504.649697599676,842.0583121221861,125.82908688985525
2025-11-27 13:00:00,2426.538869591555,794.5169636560221,101.36840858431823
2025-11-27 14:00:00,2395.14428589255,871.9531826548474,112.42535239984413
2025-11-27 15:00:00,2449.448510025924,807.7334430663427,111.45738891112372
2025-11-27 16:00:00,2275.4130847118813,809.7828758314902,104.18508616783839
2025-11-27 17:00:00,2250.631879660034,764.9997965868965,84.79839524238872
2025-11-27 18:00:00,2160.5161742238924,702.8223855102938,119.42078559979585
2025-11-27 19:00:00,2069.9730512116007,705.3350240616671,86.37016755018225
2025-11-27 20:00:00,2247.7088645528224,721.8412495573313,122.38854355557685
2025-11-27 21:00:00,2128.118546362641,756.5154982103709,137.50588878960215
2025-11-27 22:00:00,2003.8455687662445,630.4938915550075,90.52959149729301
2025-11-27 23:00:00,1637.9125167039751,595.0387426430832,86.8949878575128
2025-11-28 00:00:00,1307.9284697600121,398.8439133421485,87.24008545179983
2025-11-28 01:00:00,916.2558264596461,303.9262704441158,72.20938040535948
2025-11-28 02:00:00,715.0505454505537,222.99494247732468,43.266437384899476
2025-11-28 03:00:00,584.5644305346839,176.3748683755784,39.16266178564721
2025-11-28 04:00:00,545.338914862053,195.09280711782742,43.61678143444038
2025-11-28 05:00:00,817.5145375562898,257.56065628280163,57.6762120897575
2025-11-28 06:00:00,1263.9693439187693,389.12339467138247,71.69251909667658
2025-11-28 07:00:00,1747.2232440812097,528.041252152817,136.35626742573277
2025-11-28 08:00:00,1972.9252661096273,671.1625627209878,126.9022073298581
2025-11-28 09:00:00,2512.524287870067,748.987101342825,167.25791851655435
2025-11-28 10:00:00,2534.508357127996,747.5411544798153,185.1175753122843
2025-11-28 11:00:00,2534.120929985832,770.4190474060917,175.55972925746093
2025-11-28 12:00:00,2428.3639972263118,794.2572719762719,216.65164083900814
2025-11-28 13:00:00,2255.383027626885,790.0677939943978,179.00934285900786
2025-11-28 14:00:00,2387.087094581444,742.2396069001279,159.7809059140991
2025-11-28 15:00:00,2259.104717680483,728.3892832160369,170.47003440642376
2025-11-28 16:00:00,2269.8004260811463,695.1340069885355,159.42902578067282
2025-11-28 17:00:00,2127.553202218054,660.9006731129332,149.96753516877124
2025-11-28 18:00:00,2082.98960878067,625.644259322746,148.07737552295734
2025-11-28 19:00:00,2036.0883154101095,608.947810243863,138.28956186012707
2025-11-28 20:00:00,2192.311346925637,654.3472111120292,152.68831806176382
2025-11-28 21:00:00,2069.5873147151824,706.986570955132,141.0905922041646
2025-11-28 22:00:00,2021.9550826647112,589.6917640672801,105.44835606140202
2025-11-28 23:00:00,1705.451367929505,499.41108906367845,125.71665639695814
2025-11-29 00:00:00,1422.8211580263949,481.54769798726824,81.92095081336335
2025-11-29 01:00:00,1024.4090157529745,377.80293854835554,64.39956376849605
2025-11-29 02:00:00,739.6890523274648,255.10654402285286,43.63335138233622
2025-11-29 03:00:00,612.1135534940711,216.4168793051812,35.01010264959757
2025-11-29 04:00:00,578.8545334485469,208.4000477945376,33.035591180860884
2025-11-29 05:00:00,827.7628011264608,312.74869447626315,61.17822731352451
2025-11-29 06:00:00,1353.3664099870957,473.4339899574435,94.0044463740593
2025-11-29 07:00:00,1850.871669481284,648.1809713353612,115.38036841356575
2025-11-29 08:00:00,2201.134541464322,824.0932763405073,133.06835800713435
2025-11-29 09:00:00,2390.8608975113516,890.5553577257705,129.67175969650154
2025-11-29 10:00:00,2556.877952553126,1015.4584574541468,181.02716790946914
2025-11-29 11:00:00,2455.466458259945,933.9831150188794,153.75134083009075
2025-11-29 12:00:00,2604.4784628465222,838.8020906175592,143.05024116832254
2025-11-29 13:00:00,2364.7177813523253,919.3544792051265,159.24538115220884
2025-11-29 14:00:00,2457.9423344326233,895.0920612276644,150.70902999146742
2025-11-29 15:00:00,2332.573372446536,861.9365764226345,128.02990980620112
2025-11-29 16:00:00,2234.2111086234404,827.7448258959895,126.92715437625944
2025-11-29 17:00:00,2242.6665224397816,720.4759972056884,148.0577372691613
2025-11-29 18:00:00,2133.440063581846,702.7374609553117,128.29767837304158
2025-11-29 19:00:00,2216.6052479689015,842.4451256141517,146.55147035321772
2025-11-29 20:00:00,2148.96555609907,779.8413061416007,145.12160090076267
2025-11-29 21:00:00,2180.715876837827,840.06098209086,159.04436382220064
2025-11-29 22:00:00,1848.0636826988848,658.0127957258637,115.5430153353213
2025-11-29 23:00:00,1568.5316199803358,571.2971391253345,109.8111444062989
2025-11-30 00:00:00,1410.4130297292807,473.21692465611915,86.20312661571465
2025-11-30 01:00:00,1032.9145079177356,331.36583303953,54.63895805896068
2025-11-30 02:00:00,733.4370838203247,256.06910779580596,49.27959044512763
2025-11-30 03:00:00,571.3452264445542,199.3827944534778,28.784600952540256
2025-11-30 04:00:00,567.7994563320985,193.3800301003402,31.281593870344302
2025-11-30 05:00:00,874.6590562569984,281.71489759865244,41.81900199131283
2025-11-30 06:00:00,1263.4107315515764,412.0574515106786,70.83865576974023
2025-11-30 07:00:00,1782.7194460030273,645.1911453026289,104.5563562130788
2025-11-30 08:00:00,2173.7321393694183,798.1147612454704,142.30722981695604
2025-11-30 09:00:00,2404.7158885541126,791.7646196353227,144.25300592982975
2025-11-30 10:00:00,2528.112480951849,828.6196330465791,144.13845388404957
2025-11-30 11:00:00,2574.5096726072234,856.5435084884807,127.63220074487502
2025-11-30 12:00:00,2436.3415073161777,868.5840277433066,130.63757480070322
2025-11-30 13:00:00,2474.3619538679513,826.3199607447256,151.6403942062058
2025-11-30 14:00:00,2375.14915982045,840.9777862013758,158.29333665145782
2025-11-30 15:00:00,2366.322063614115,802.5319049381998,135.15782812001152
2025-11-30 16:00:00,2385.567460799895,779.2434972262594,155.9711503392696
2025-11-30 17:00:00,2188.6345446634655,837.7846520537217,118.46642520910336
2025-11-30 18:00:00,2180.1965759953755,706.7572518964207,122.23584688998162
2025-11-30 19:00:00,2030.8260001526062,787.2127402719317,124.11084435344836
2025-11-30 20:00:00,2170.077102046912,802.7202415641506,153.87504028969437
2025-11-30 21:00:00,2200.664304648994,768.5067011042671,133.94154378563456
2025-11-30 22:00:00,2059.3752646569537,604.6478799153216,94.52020466254928
2025-11-30 23:00:00,1558.4345897548612,563.3198139767144,109.18192450534472
2025-12-01 00:00:00,1273.7481363469947,466.1397811803362,89.55058830798397
2025-12-01 01:00:00,965.8747464693064,347.7267028499278,52.779408316790885
2025-12-01 02:00:00,680.1604959734102,246.90339644313303,36.69996800388843
2025-12-01 03:00:00,552.4776574230067,215.63630604740555,35.51990097281829
2025-12-01 04:00:00,549.1874016327649,213.37537653083925,38.560351459464584
2025-12-01 05:00:00,815.9445395937402,321.034859847466,51.79987534125989
2025-12-01 06:00:00,1272.3090945614942,447.831264242126,58.73835382477922
2025-12-01 07:00:00,1705.5187226334817,598.1597112139431,106.48424198085917
2025-12-01 08:00:00,2145.092706093123,787.3587599221571,126.17486237347474
2025-12-01 09:00:00,2301.0009874609705,943.9046417768407,121.82262341128099
2025-12-01 10:00:00,2390.2474690298377,916.6176349095706,162.53740595554405
2025-12-01 11:00:00,2413.7772474254593,929.0885912209593,148.7023692185305
2025-12-01 12:00:00,2305.420813628413,881.641512058276,159.0568925409164
2025-12-01 13:00:00,2355.759069278702,848.8117150425437,120.25258078602225
2025-12-01 14:00:00,2264.791426847506,884.2224803753577,139.58209385659524
2025-12-01 15:00:00,2200.841304579659,835.207203042072,118.39802893836102
2025-12-01 16:00:00,2215.1722783578393,833.7012733888401,131.11056199552775
2025-12-01 17:00:00,2024.8497584852332,802.1184788058008,141.78326368100645
2025-12-01 18:00:00,2065.3574644650753,769.4895759992351,99.93678110148447
2025-12-01 19:00:00,2006.3190332787638,781.6621683770967,101.25002257857795
2025-12-01 20:00:00,2159.373012055865,750.593728333593,134.88399586525023
2025-12-01 21:00:00,2068.7196102352523,748.2826677809442,122.06271638063195
2025-12-01 22:00:00,1891.7602472541564,694.3619708048789,122.41336682878521
2025-12-01 23:00:00,1575.9301251041973,586.3922272843063,83.64458942442796
2025-12-02 00:00:00,1236.1619985069678,429.10074993216693,93.23992412278821
2025-12-02 01:00:00,882.6102928767883,323.5934436161548,72.38948681688764
2025-12-02 02:00:00,628.5562948406223,250.15255586471682,51.620976610927485
2025-12-02 03:00:00,541.5821876980584,202.48072181759758,32.52897317856875
2025-12-02 04:00:00,514.4423854222151,200.27643933229905,51.54355317679423
2025-12-02 05:00:00,786.5122459861209,261.9524827524514,60.27727568360682
2025-12-02 06:00:00,1178.101223921555,396.5261027220784,75.66954384547066
2025-12-02 07:00:00,1562.781797584924,572.507355844661,126.46026292718227
2025-12-02 08:00:00,1911.3677562646249,715.8072860820719,157.16243330492392
2025-12-02 09:00:00,2244.6285854377784,792.0599747759873,186.92771522293398
2025-12-02 10:00:00,2295.044600292165,818.9274186836936,195.00666599557945
2025-12-02 11:00:00,2363.8580143030076,825.077749109809,172.30764449664926
2025-12-02 12:00:00,2248.2206269724434,840.5644639303785,140.78105945029338
2025-12-02 13:00:00,2267.2868725948983,749.7629322797808,177.2049848053437
2025-12-02 14:00:00,2196.8422160509704,878.7339376788253,136.71238921389846
2025-12-02 15:00:00,2144.135275685391,774.002884928992,184.27526718593413
2025-12-02 16:00:00,2050.2043250264674,791.4432127896208,146.06743677832935
2025-12-02 17:00:00,1996.4302014696902,700.831219622012,162.31223251504795
2025-12-02 18:00:00,1981.2107003737551,716.3548317214379,136.39051493098114
2025-12-02 19:00:00,1925.4521091201852,704.3961866289297,139.79703236410217
2025-12-02 20:00:00,2012.980075435854,750.9477343327262,138.7221629660802
2025-12-02 21:00:00,1986.1224960996526,714.1331098673918,163.64492586834865
2025-12-02 22:00:00,1768.959719741427,688.9191685750454,125.90775575404633
2025-12-02 23:00:00,1558.4821100336976,501.5102790937933,123.3175813074127
2025-12-03 00:00:00,1282.3909770574485,456.05128028748965,65.55250704441897
2025-12-03 01:00:00,903.4012035361887,318.59224380369847,49.62666216495177
2025-12-03 02:00:00,679.2153254460947,225.58250337824242,38.272561359929576
2025-12-03 03:00:00,528.8589522892041,207.46959227187594,30.967771831494552
2025-12-03 04:00:00,525.5702090535702,202.19107654417712,26.84094083056544
2025-12-03 05:00:00,795.0984435013974,249.23080021294615,47.902076203987725
2025-12-03 06:00:00,1212.3227203582367,419.71007667767225,64.90681885811446
2025-12-03 07:00:00,1670.898491796929,594.7896471845086,97.85642525915655
2025-12-03 08:00:00,1947.6653902582884,721.4278709787268,113.29859051214139
2025-12-03 09:00:00,2320.41923611931,851.9824243531139,135.64132053480301
2025-12-03 10:00:00,2366.0214765636306,886.2652766444382,127.9783201400684
2025-12-03 11:00:00,2295.5205504200903,840.2064245105893,121.91411247089268
2025-12-03 12:00:00,2401.7605290519514,903.290603230218,136.78061827767388
2025-12-03 13:00:00,2351.0969840639377,829.7619383610192,120.73833225739543
2025-12-03 14:00:00,2241.240550443024,768.5721517481144,145.4579986433587
2025-12-03 15:00:00,2222.752472955666,745.4968906636345,123.97971224702695
2025-12-03 16:00:00,2168.55309069373,790.9602921212546,102.07260465997487
2025-12-03 17:00:00,2111.788709085129,686.8873884021887,107.50683904830115
2025-12-03 18:00:00,2004.6364406602556,676.750433546354,98.95088190671316
2025-12-03 19:00:00,1902.727695238313,686.3628482999501,124.53106331388364
2025-12-03 20:00:00,2146.645176870108,726.5747058505808,124.37869867401172
2025-12-03 21:00:00,2093.0493198483337,707.6014967157497,114.01746659801948
2025-12-03 22:00:00,1780.6208315248512,594.3435287563069,105.2007992524226
2025-12-03 23:00:00,1479.7262013972615,565.5023805976203,85.21585487443595
2025-12-04 00:00:00,1312.1870181465029,423.5804431413184,77.96456465144944
2025-12-04 01:00:00,932.6197363932131,344.4937672059908,54.72499811793101
2025-12-04 02:00:00,710.3984244753651,238.48326478416146,41.739727929129025
2025-12-04 03:00:00,573.977700954803,199.25473316641097,30.352781457210103
2025-12-04 04:00:00,541.7935060195515,189.41514122769135,28.272486409398798
2025-12-04 05:00:00,796.2974598971332,291.88557862578097,48.56605754271692
2025-12-04 06:00:00,1248.247697884216,423.70740509227676,79.49701821606587
2025-12-04 07:00:00,1681.539116902171,576.4188273894476,105.3503754154921
2025-12-04 08:00:00,2104.942942146832,736.9747443887386,135.33012595813562
2025-12-04 09:00:00,2267.6134159128446,881.2381937841039,132.14682803513028
2025-12-04 10:00:00,2456.5857367684316,815.2607696365812,122.06696835846724
2025-12-04 11:00:00,2511.373948829014,853.7139939621753,122.78844975955637
2025-12-04 12:00:00,2455.8756959818384,806.136407871429,152.98818598535627
2025-12-04 13:00:00,2304.130121326592,805.8973697879809,103.71471080868382
2025-12-04 14:00:00,2244.885533389378,776.4003633548868,148.73986580626922
2025-12-04 15:00:00,2274.4000025412743,679.8309431732072,114.64073065766472
2025-12-04 16:00:00,2249.092722144564,732.1996042176178,147.4599037915617
2025-12-04 17:00:00,2143.980166008124,742.0640360939494,115.96839752088471
2025-12-04 18:00:00,2019.8752860234454,658.8719262129875,121.78644792495396
2025-12-04 19:00:00,2078.1300436871857,718.7943027030444,142.91731920406755
2025-12-04 20:00:00,2208.9421427707257,714.1255065975301,112.68762385299308
2025-12-04 21:00:00,2132.136740398042,701.2818440562177,112.47545139601523
2025-12-04 22:00:00,1798.046530959548,656.5995185441775,96.04573895491376
2025-12-04 23:00:00,1597.9781646376673,548.0121944841165,78.09766367565085
2025-12-05 00:00:00,1416.1799103008195,492.1830670265559,94.347151511394
2025-12-05 01:00:00,938.0496698301067,367.5654484574559,66.7953779115928
2025-12-05 02:00:00,729.1942367476184,264.9112678884998,46.012685076816325
2025-12-05 03:00:00,578.2435624304155,192.85580082842569,41.52981733474812
2025-12-05 04:00:00,571.2253082645839,201.37261706830304,43.62891986201225
2025-12-05 05:00:00,855.4280004503152,279.6020708358736,56.11297706627802
2025-12-05 06:00:00,1319.299462498579,475.0056565918285,91.73393271948736
2025-12-05 07:00:00,1771.6684762720183,663.9845525101098,148.7155760860552
2025-12-05 08:00:00,2248.255858643467,817.2246046600299,134.19122926606235
2025-12-05 09:00:00,2431.6920409946842,899.2181275039154,215.397415535292
2025-12-05 10:00:00,2536.879015204288,965.6328014342931,173.45548841022665
2025-12-05 11:00:00,2502.0571299535723,848.0262578458025,190.24988502802438
2025-12-05 12:00:00,2373.907373015581,895.7532912837041,207.90274543415663
2025-12-05 13:00:00,2458.4998036387833,818.310968619233,208.70370952499746
2025-12-05 14:00:00,2540.892698632189,850.2351878512312,184.41079327093885
2025-12-05 15:00:00,2384.2808417623137,913.9009201755104,159.00694640443896
2025-12-05 16:00:00,2337.021507814259,869.2885803964248,153.27976346575963
2025-12-05 17:00:00,2169.9400576848534,815.7433574201502,150.34925771446757
2025-12-05 18:00:00,2107.449719615023,757.3038951493244,186.63038189053563
2025-12-05 19:00:00,2192.839943081696,731.4840039943316,149.39639623704758
2025-12-05 20:00:00,2318.416895372222,797.5716661287769,165.930579795847
2025-12-05 21:00:00,2286.489786988679,832.8877655979092,142.2186262643668
2025-12-05 22:00:00,1994.6899697916376,716.3327028383459,124.64740617095364
2025-12-05 23:00:00,1646.8756502432932,546.9486743807993,120.49522199481457
2025-12-06 00:00:00,1451.1350690085058,424.5930471080182,88.28612866431402
2025-12-06 01:00:00,1025.7814506042253,278.4335414852472,64.64787408234383
2025-12-06 02:00:00,752.8640968258682,238.68778962868242,41.80073381319995
2025-12-06 03:00:00,606.9354181262652,177.34946839442043,39.428830998048454
2025-12-06 04:00:00,614.3476549721247,169.0177980966887,45.430496171472896
2025-12-06 05:00:00,908.7431539362292,278.9064969838579,52.74781227789638
2025-12-06 06:00:00,1320.3702867443526,414.0945639170902,95.80336801910207
2025-12-06 07:00:00,1901.3625490282147,563.6144691407554,75.48093350279194
2025-12-06 08:00:00,2316.894879075812,757.1088696059826,135.39685651350743
2025-12-06 09:00:00,2541.185526063011,792.9557922958243,132.19679694789502
2025-12-06 10:00:00,2730.3381902148953,782.6608421459232,198.37391134627438
2025-12-06 11:00:00,2721.087314502576,824.2045440684913,190.69492884783517
2025-12-06 12:00:00,2646.672953723262,777.6817822103854,151.69344316178444
2025-12-06 13:00:00,2695.237544211901,816.4666683186081,171.84293144792125
2025-12-06 14:00:00,2450.2311543214687,768.0614045232793,185.4585132480793
2025-12-06 15:00:00,2394.512773715005,755.9886072993282,184.3895156858235
2025-12-06 16:00:00,2469.5287210077868,672.6243613751485,149.7377432736081
2025-12-06 17:00:00,2370.3546846542054,694.296729777541,114.11095436568519
2025-12-06 18:00:00,2310.833572519162,667.29650225358,130.8396272929041
2025-12-06 19:00:00,2263.6051502440714,639.6295153469883,157.8392592856233
2025-12-06 20:00:00,2303.403841548335,684.8250498883892,183.9732664619875
2025-12-06 21:00:00,2363.525030460204,706.8339962316265,149.05274932418476
2025-12-06 22:00:00,2074.8649193856345,615.0308511941554,124.49299341792783
2025-12-06 23:00:00,1848.4786463060695,483.3689081816331,141.53262738353953
2025-12-07 00:00:00,1260.8931578728593,527.6050675164062,113.43615149845209
2025-12-07 01:00:00,922.6804840865746,379.4981912567436,68.4358669185774
2025-12-07 02:00:00,739.6398622072309,293.421978327781,58.322368397401824
2025-12-07 03:00:00,549.4618096111218,233.10827251927532,52.285048509853794
2025-12-07 04:00:00,549.2556960826174,222.7431606016829,45.838610756392356
2025-12-07 05:00:00,822.515908056723,332.09385208521763,74.9278796699693
2025-12-07 06:00:00,1239.160304918083,511.9337653593866,85.7039705107826
2025-12-07 07:00:00,1692.4107821411949,738.312835034905,121.134550548997
2025-12-07 08:00:00,2073.1989303318064,878.1508357195332,162.10465943183732
2025-12-07 09:00:00,2323.995295528421,1040.8555920413487,191.87853578290677
2025-12-07 10:00:00,2394.4731259304203,1078.66915168168,215.34428284690222
2025-12-07 11:00:00,2444.028929195862,1091.4174556336675,221.09178108380604
2025-12-07 12:00:00,2510.153750560072,1064.3033005688324,256.9962889473132
2025-12-07 13:00:00,2395.8617534534474,1047.444938929122,182.10857045930837
2025-12-07 14:00:00,2302.0402144472546,905.676067358833,188.3237988762429
2025-12-07 15:00:00,2289.6668630464587,969.0916999506587,176.29763409360322
2025-12-07 16:00:00,2125.282183943865,969.2066962775076,207.73791602057176
2025-12-07 17:00:00,2070.088124572947,935.5303496038005,199.929093160254
2025-12-07 18:00:00,2068.9441010448672,815.3776609139092,163.80065917071596
2025-12-07 19:00:00,2111.3978794180193,878.9217221549789,211.81177670606942
2025-12-07 20:00:00,2040.3660564988086,879.418226779469,164.43040810822325
2025-12-07 21:00:00,2057.096584507079,954.5208444589105,197.9251218748478
2025-12-07 22:00:00,1965.909044096501,726.3890279876128,183.1498325911066
2025-12-07 23:00:00,1566.9180569915873,632.2205821927073,113.80396042624211
2025-12-08 00:00:00,1361.9909465080668,386.04684305280324,85.5825105157152
2025-12-08 01:00:00,946.3510548384032,309.3310152145639,41.242899948560556
2025-12-08 02:00:00,709.0375771603902,255.07631334669847,47.669776257931176
2025-12-08 03:00:00,557.3680295496182,183.13703331595252,30.776760624847253
2025-12-08 04:00:00,564.8153115331248,180.54468533091335,36.30398996127999
2025-12-08 05:00:00,853.7474068849468,275.6887882557766,55.29920114903442
2025-12-08 06:00:00,1201.0628755150547,401.5132972871164,86.18540045595306
2025-12-08 07:00:00,1693.418101155807,568.2350949245138,116.53259130258589
2025-12-08 08:00:00,2154.5302513268075,698.8771586976882,131.3626073638691
2025-12-08 09:00:00,2352.6876497401754,739.3440465277384,140.71745277748335
2025-12-08 10:00:00,2445.422913873229,805.8330808338029,152.87354395147676
2025-12-08 11:00:00,2537.332765566257,834.5665474062669,134.86309897267148
2025-12-08 12:00:00,2495.0022884552213,825.6897456521973,146.99081221753727
2025-12-08 13:00:00,2331.5788988765557,819.2958703920951,142.1426539950851
2025-12-08 14:00:00,2339.5169558196153,771.6027865532369,132.22610928148907
2025-12-08 15:00:00,2201.4818036033007,756.6277738889637,114.93750933370079
2025-12-08 16:00:00,2163.6983608899423,750.7971943265005,118.87848189946953
2025-12-08 17:00:00,2131.8788074693744,673.6372350824395,87.05206090339067
2025-12-08 18:00:00,2055.2969707268094,649.7897303836177,123.3802273179917
2025-12-08 19:00:00,2009.5607864032327,670.2016369973086,133.37174918652943
2025-12-08 20:00:00,2082.0296729470015,650.813885525616,93.72991260135825
2025-12-08 21:00:00,2061.31779511106,707.2448374754764,135.42539147692992
2025-12-08 22:00:00,1911.7844681126774,647.5869878787352,115.77730326133874
2025-12-08 23:00:00,1504.4136026568804,501.8573418905408,86.3469702498665
2025-12-09 00:00:00,1247.8682266659428,393.4313467151437,81.57115644522946
2025-12-09 01:00:00,883.6903014761339,271.20011571960106,69.17099785793302
2025-12-09 02:00:00,705.7170554764529,199.01474528967435,41.580005633466676
2025-12-09 03:00:00,528.7392213806329,183.67642428258358,37.413718664231475
2025-12-09 04:00:00,545.5224341590095,155.61527526989934,37.67710218965579
2025-12-09 05:00:00,852.1851707136478,229.37854729863105,49.465744119817785
2025-12-09 06:00:00,1282.7633389556984,371.5385002059489,90.55872396514263
2025-12-09 07:00:00,1609.285923494005,515.1349850288713,117.85361727335238
2025-12-09 08:00:00,2099.266345891443,644.8610627961041,134.93688020947496
2025-12-09 09:00:00,2275.384354244447,770.1158420537274,195.7690399994624
2025-12-09 10:00:00,2375.4509764128234,709.6276406193774,181.66362292431168
2025-12-09 11:00:00,2437.8533776248714,713.2928748806829,133.22934412087127
2025-12-09 12:00:00,2480.9610080538378,775.758228778141,153.09471214012532
2025-12-09 13:00:00,2379.206276413352,734.0412745217328,197.51288147285882
2025-12-09 14:00:00,2258.7873432128276,718.3491648823732,137.25372414687055
2025-12-09 15:00:00,2302.352677972859,658.1700825411515,151.52142576704472
2025-12-09 16:00:00,2061.4227638162592,695.8409618711294,166.0448312706662
2025-12-09 17:00:00,2061.105911417501,656.2833990900697,150.17812537512276
2025-12-09 18:00:00,1988.1627395076937,616.2155290190747,147.27118191558006
2025-12-09 19:00:00,2051.196716426398,596.7602561115577,147.2517127945795
2025-12-09 20:00:00,2093.4528619903926,634.9991411897934,140.66535273751623
2025-12-09 21:00:00,2097.0606483900337,682.1154145159705,128.25778563663965
2025-12-09 22:00:00,1861.61303857137,531.6281487387138,130.50803906109547
2025-12-09 23:00:00,1578.4318325144393,455.0143337898832,100.5250532379033
2025-12-10 00:00:00,1322.7579085680807,393.547715157132,83.2185255068381
2025-12-10 01:00:00,949.7695458742527,288.7394514288034,73.93757611426352
2025-12-10 02:00:00,702.021365084769,220.239545162872,45.70883010372006
2025-12-10 03:00:00,571.0672349061375,184.0515752731692,45.06688360605964
2025-12-10 04:00:00,565.5765499662234,176.0293034770144,38.27775699626673
2025-12-10 05:00:00,813.8947010121875,258.25845287067216,54.73788982723072
2025-12-10 06:00:00,1241.491547981223,392.51692430980574,67.3071286246061
2025-12-10 07:00:00,1775.7341900435072,551.8700959465631,142.43929290452718
2025-12-10 08:00:00,2047.8506956702631,604.5708429340185,142.25504635575072
2025-12-10 09:00:00,2494.630157430414,778.0572018271014,120.69886679660054
2025-12-10 10:00:00,2400.741814939068,745.7524394008354,185.97230363523568
2025-12-10 11:00:00,2458.1691437507557,756.5109777162139,166.31095771028035
2025-12-10 12:00:00,2369.8690940009064,770.7468956923746,147.4874981277217
2025-12-10 13:00:00,2520.048737876719,737.0149738383179,176.1133989271986
2025-12-10 14:00:00,2306.3160753673783,745.7467022916536,114.14511578560275
2025-12-10 15:00:00,2259.50955248682,718.6447177535223,142.45709186569232
2025-12-10 16:00:00,2208.9060689883895,685.4711990871261,145.50034998482758
2025-12-10 17:00:00,2142.449055638264,714.7432980285279,157.2207973929517
2025-12-10 18:00:00,2046.3440789588713,665.3037460476392,172.85357160109916
2025-12-10 19:00:00,2069.488753941379,656.435278022198,136.23498536495492
2025-12-10 20:00:00,1926.134698895138,687.8215385863506,151.11326964767514
2025-12-10 21:00:00,2140.1549325249825,642.8193397975948,186.7460509270037
2025-12-10 22:00:00,1899.504245671173,653.5499018728767,127.9707809448983
2025-12-10 23:00:00,1647.2634496081316,472.3737559822629,113.30907327301378
2025-12-11 00:00:00,1418.2890418977097,380.1306235055808,90.89428101149399
2025-12-11 01:00:00,987.7864794280661,270.5689617340503,92.29679727059211
2025-12-11 02:00:00,759.7432617345589,202.02259605255782,52.57643684248694
2025-12-11 03:00:00,574.4664008569586,160.168677676618,46.77787049068597
2025-12-11 04:00:00,592.6257486517181,154.3264885478794,45.654227813189394
2025-12-11 05:00:00,854.0248058240946,253.59213715786916,67.17828532910418
2025-12-11 06:00:00,1262.517568153616,339.7545510071807,95.43791757698827
2025-12-11 07:00:00,1796.7223589641433,522.7764533437266,142.13374026541752
2025-12-11 08:00:00,2305.671340688192,632.326740648299,202.52619053273372
2025-12-11 09:00:00,2506.692310453028,676.4351401746983,238.4780837198154
2025-12-11 10:00:00,2728.642679395208,742.3413162524375,197.0726082783383
2025-12-11 11:00:00,2552.1581881268726,714.7383022093742,190.19934769779857
2025-12-11 12:00:00,2631.449177836238,668.7908672619421,178.92779434209092
2025-12-11 13:00:00,2448.6573453122155,652.7819865280501,246.86193192988836
2025-12-11 14:00:00,2472.0162180389925,700.2842874119174,191.03167807852213
2025-12-11 15:00:00,2421.0838418579083,684.352082317868,206.82943876313814
2025-12-11 16:00:00,2387.278656420975,655.238327465797,193.31838709669609
2025-12-11 17:00:00,2259.615792057183,608.2631407724306,213.20611215689786
2025-12-11 18:00:00,2124.0732399214603,593.7469931544457,161.88346488225895
2025-12-11 19:00:00,2234.9867214469955,593.2319131428987,147.2658376294334
2025-12-11 20:00:00,2352.422985698768,567.611342679406,206.7103790769102
2025-12-11 21:00:00,2207.315937195728,621.84255004951,188.91165248667986
2025-12-11 22:00:00,1891.5315645301462,564.8008069952112,160.45551223658032
2025-12-11 23:00:00,1704.4345056747202,465.9887561042328,150.33274382467508
2025-12-12 00:00:00,1160.4532137545393,488.6123838885013,109.62372669908866
2025-12-12 01:00:00,846.8149592609071,310.73254497715703,88.15965775129999
2025-12-12 02:00:00,645.5612874246689,236.46510789108487,57.86929314849599
2025-12-12 03:00:00,500.6788509497296,196.13513956192446,49.355064677013985
2025-12-12 04:00:00,492.7035599381149,193.01430408600072,46.52443731058884
2025-12-12 05:00:00,740.7299754199261,259.1888993374286,63.54667122102232
2025-12-12 06:00:00,1163.6073358553672,442.0340125212273,96.90610692340626
2025-12-12 07:00:00,1547.5052632286877,601.3018887399521,131.2748442078026
2025-12-12 08:00:00,1834.1429955231517,655.1617373190489,173.2822816031979
2025-12-12 09:00:00,2064.047330433557,815.9301408928669,180.00619427357702
2025-12-12 10:00:00,2251.206417201276,828.0221604805549,208.21467077228357
2025-12-12 11:00:00,2161.377228330999,838.8032823529398,206.4923345316064
2025-12-12 12:00:00,2093.417657280347,786.698209390366,198.3973435600868
2025-12-12 13:00:00,2173.26839003274,837.0827415789034,193.89846927101928
2025-12-12 14:00:00,2143.438053880718,877.0924671536122,175.07108892741422
2025-12-12 15:00:00,2039.198796283596,801.8987785027547,177.12024040834845
2025-12-12 16:00:00,2023.2814942284622,690.6130037202695,145.7882503547062
2025-12-12 17:00:00,1931.220155519508,748.435169020376,168.136058122546
2025-12-12 18:00:00,1888.0956127699283,706.8200360525615,147.08930505166688
2025-12-12 19:00:00,1899.109391094998,679.432390085329,167.3841498879271
2025-12-12 20:00:00,1781.3152842220532,750.8645166536663,157.17983259550644
2025-12-12 21:00:00,1908.2228825397497,769.6535889726895,132.55984804684246
2025-12-12 22:00:00,1731.5755951451401,634.6992801517317,188.22257200100992
2025-12-12 23:00:00,1422.5899245391788,509.03062499207255,124.40837835915077
2025-12-13 00:00:00,1378.2303456084219,394.9546871874527,129.56046382423344
2025-12-13 01:00:00,1020.1174411543184,307.29139713061596,76.66278854006883
2025-12-13 02:00:00,749.0786173015755,235.71882926107216,71.98072884622981
2025-12-13 03:00:00,621.4351437439518,184.76901710109738,42.47512751130213
2025-12-13 04:00:00,602.1057314962202,179.3673396754232,48.39949154742529
2025-12-13 05:00:00,870.3874879794321,285.1342354558184,62.65899880270046
2025-12-13 06:00:00,1306.6260507500256,426.8768844443342,136.9779592945637
2025-12-13 07:00:00,1672.7737179511312,583.1262805062265,143.88919091711344
2025-12-13 08:00:00,2212.5275726318737,737.5926913642936,197.95828810479847
2025-12-13 09:00:00,2414.9871265867705,772.2574087968408,214.16527731270907
2025-12-13 10:00:00,2652.021050268498,793.235959385549,213.86357132611548
2025-12-13 11:00:00,2634.346289072034,812.5213305055535,225.383296045804
2025-12-13 12:00:00,2622.791116460339,794.1958778686114,240.10963246898302
2025-12-13 13:00:00,2607.7473913083,718.4366016067139,218.97246427089254
2025-12-13 14:00:00,2470.2655087287744,764.845058975977,204.67406384383068
2025-12-13 15:00:00,2575.9593542592356,810.7055630025974,208.11095237639748
2025-12-13 16:00:00,2374.091626302941,778.6111092271235,231.6760335838654
2025-12-13 17:00:00,2175.438620964721,735.7982076783009,175.4432640592009
2025-12-13 18:00:00,2148.271740378196,697.9810432063446,141.9707723859707
2025-12-13 19:00:00,2172.269944661557,746.4569949174395,157.421677768164
2025-12-13 20:00:00,2295.4087139240714,680.7685440769436,163.41383591196768
2025-12-13 21:00:00,2198.3288734021585,684.0779488537853,166.21283552698534
2025-12-13 22:00:00,1989.5907146075965,672.2322017869024,148.28665277629227
2025-12-13 23:00:00,1683.954664517935,538.2625724702609,137.28189424728427
2025-12-14 00:00:00,1429.3620791184908,463.6547171019539,87.05211821922127
2025-12-14 01:00:00,1074.1081262323007,357.0065035050837,63.09450919443857
2025-12-14 02:00:00,799.5953272047861,254.54638985176302,42.37614787552179
2025-12-14 03:00:00,647.0739471790334,199.060801484677,40.651250318031146
2025-12-14 04:00:00,607.7470656553527,194.5819919051947,38.00685140208377
2025-12-14 05:00:00,948.7440859576358,308.6194787166069,62.96134021623194
2025-12-14 06:00:00,1328.6634562152776,461.851236114897,88.31613773818187
2025-12-14 07:00:00,1836.7503264103773,679.0347881070038,107.69231131038289
2025-12-14 08:00:00,2268.1452829026316,766.3519792034693,156.93209264262066
2025-12-14 09:00:00,2639.670403850505,860.7043279742065,159.14794156657976
2025-12-14 10:00:00,2864.446536663152,981.4116451095408,176.33945790646476
2025-12-14 11:00:00,2711.7593985820586,956.670129025705,174.14193915837143
2025-12-14 12:00:00,2669.171659361778,901.8780608541667,156.32018860345025
2025-12-14 13:00:00,2623.0702984143763,807.7119727557789,156.30031436135266
2025-12-14 14:00:00,2640.8581098433524,826.7411605201628,150.08382742507825
2025-12-14 15:00:00,2512.351957886955,800.0192654728772,135.38530976304463
2025-12-14 16:00:00,2443.175283289582,822.5370285602463,111.56831692089894
2025-12-14 17:00:00,2285.000049005806,766.6964616586081,128.62833365247576
2025-12-14 18:00:00,2258.135009990076,818.6347417182353,137.30759751725043
2025-12-14 19:00:00,2383.9138732208326,706.0253402577498,151.06164328110304
2025-12-14 20:00:00,2380.2397759743276,741.8676146406269,151.0380503116761
2025-12-14 21:00:00,2325.1523026313207,795.3264991104372,134.8586755782063
2025-12-14 22:00:00,2182.254975228872,715.9799266515746,114.46536687545026
2025-12-14 23:00:00,1749.3865125610391,515.1026952847673,102.1426269211992
2025-12-15 00:00:00,1246.4000034032222,426.64009691207985,64.47817966104805
2025-12-15 01:00:00,903.6778764467111,333.5147178879482,40.320667537371556
2025-12-15 02:00:00,651.0948621838902,269.1116543965646,32.55279827132299
2025-12-15 03:00:00,496.6760544102517,219.76885990923793,35.800982443586435
2025-12-15 04:00:00,539.8394706738263,193.16320895759452,36.6352548564966
2025-12-15 05:00:00,768.0520716226621,292.74729516656595,49.409770994277075
2025-12-15 06:00:00,1133.6307675034798,426.4275720190826,68.3478397310476
2025-12-15 07:00:00,1625.2730545537677,633.8093256055406,80.83568594346676
2025-12-15 08:00:00,1983.3493847007448,811.5546090162292,114.91439902108309
2025-12-15 09:00:00,2266.7175551412092,901.0970930767719,140.17124434322548
2025-12-15 10:00:00,2253.9343275905576,890.8709312654371,150.4632575107262
2025-12-15 11:00:00,2305.7664504492195,851.8446211412754,147.64738420610146
2025-12-15 12:00:00,2167.2976814538333,871.1485143823272,152.40252760465063
2025-12-15 13:00:00,2227.3515607095696,906.2240452485436,159.10060915219086
2025-12-15 14:00:00,2152.351586581559,820.4820135141726,123.81780219468327
2025-12-15 15:00:00,2126.387741551071,747.657574749568,165.34303832540138
2025-12-15 16:00:00,2046.5523267915958,784.415193861946,96.55695164394206
2025-12-15 17:00:00,1953.3577978167777,753.892210178273,108.31552607727326
2025-12-15 18:00:00,1855.1902446857957,673.5492590648604,116.7861776947342
2025-12-15 19:00:00,1954.483426731121,751.2263584786123,121.80091555432251
2025-12-15 20:00:00,2048.990462921987,782.9127484401475,115.9488796498792
2025-12-15 21:00:00,1936.5639396730269,832.9624742375219,111.93016869513062
2025-12-15 22:00:00,1774.653120723096,635.1718743964461,130.10830477068006
2025-12-15 23:00:00,1491.0285085035898,592.559075051006,83.36977086119335
2025-12-16 00:00:00,1364.2662722448886,428.6864338900475,85.8242733861546
2025-12-16 01:00:00,947.0397570515134,304.48098013667095,82.75279406188731
2025-12-16 02:00:00,712.5092833849446,211.191335324373,57.09288860429069
2025-12-16 03:00:00,576.6325294395234,167.8785757248822,46.62571595841508
2025-12-16 04:00:00,542.5294445368896,174.06038978784665,41.67036000607315
2025-12-16 05:00:00,898.2892569914615,260.64138856909113,52.02663188515268
2025-12-16 06:00:00,1314.8663636650856,380.204723567201,92.88564077690535
2025-12-16 07:00:00,1799.650059426795,574.5934229993551,106.52341819008608
2025-12-16 08:00:00,2077.9818109243442,651.6895905055205,160.63417141297884
2025-12-16 09:00:00,2361.441835064033,678.6489760232554,188.40307228197443
2025-12-16 10:00:00,2612.9280898331886,776.0879396467525,206.2972417298315
2025-12-16 11:00:00,2743.7262411191796,798.9819863951035,182.07909633501072
2025-12-16 12:00:00,2500.873601151495,778.5071321638372,194.97973846095724
2025-12-16 13:00:00,2548.211226370474,759.1643182675423,158.7629069081265
2025-12-16 14:00:00,2417.8638736041844,789.0124126438221,191.4376570721166
2025-12-16 15:00:00,2404.4487120237736,681.9598316171281,182.1710793194657
2025-12-16 16:00:00,2417.612626953554,687.688730753456,151.0513551290113
2025-12-16 17:00:00,2216.729829918544,722.3046665614783,167.37953995565584
2025-12-16 18:00:00,2121.7115225401085,587.7523740709828,171.03202227977408
2025-12-16 19:00:00,2262.0750908705686,651.6241564484127,155.1903940143906
2025-12-16 20:00:00,2241.204611879766,712.0269942481151,144.21481725215932
2025-12-16 21:00:00,2306.5720987820864,711.5424281047434,161.34199916849767
2025-12-16 22:00:00,1950.472005323697,616.1277614827048,149.03390988677674
2025-12-16 23:00:00,1742.0964342054124,519.9854721338247,107.90221340806748
2025-12-17 00:00:00,1314.944326227717,401.08153734413736,93.63667650475725
2025-12-17 01:00:00,957.8024505752846,326.615075368663,80.50734392443927
2025-12-17 02:00:00,709.8043883381789,215.59762411340992,62.0238879907328
2025-12-17 03:00:00,555.7820274849113,172.38775813837583,55.95530461996888
2025-12-17 04:00:00,551.7591579958939,181.9343491397988,47.63569153723818
2025-12-17 05:00:00,816.5385443669139,261.1963538999105,57.87232962518228
2025-12-17 06:00:00,1278.5645838679304,407.0331783736166,122.40174438434681
2025-12-17 07:00:00,1713.6351818631763,569.3989379636539,154.62581124960187
2025-12-17 08:00:00,2029.4156447746589,744.4225221879807,133.5648007547987
2025-12-17 09:00:00,2269.277053317876,786.7558421245018,170.37271450734048
2025-12-17 10:00:00,2379.9201634504034,785.0671377708492,190.66184503054868
2025-12-17 11:00:00,2531.5006180627865,831.7684938047261,218.57350347481747
2025-12-17 12:00:00,2362.236101724904,758.1518943287072,145.9660076341298
2025-12-17 13:00:00,2400.907288107102,804.6271521266427,189.2704892173424
2025-12-17 14:00:00,2354.0315444533185,761.3531377568868,204.80743690725905
2025-12-17 15:00:00,2293.113615141589,757.9090166476703,128.28810826307844
2025-12-17 16:00:00,2264.884333497889,661.7802019039777,194.74206019302272
2025-12-17 17:00:00,2151.31527457478,617.7286084496849,188.6600065604786
2025-12-17 18:00:00,1913.4503551827174,621.325614108244,151.4415642093159
2025-12-17 19:00:00,2063.2505844879574,730.7620051209727,146.75490925863753
2025-12-17 20:00:00,2167.2748256342834,654.7013898695316,156.3973894621761
2025-12-17 21:00:00,2239.9650482458246,717.7583365503174,122.63161657491403
2025-12-17 22:00:00,1992.3583019600803,596.6939055728752,147.8233877847045
2025-12-17 23:00:00,1542.795400713075,513.0559037665781,132.22826728576135
2025-12-18 00:00:00,1318.3434087160506,389.3344034473762,88.68361534927591
2025-12-18 01:00:00,923.089231180171,305.3994041898402,81.85853531328078
2025-12-18 02:00:00,751.9045055495395,217.36488011590652,55.96003735824467
2025-12-18 03:00:00,591.1346259029773,171.61622684125945,45.35194370161989
2025-12-18 04:00:00,568.1810289855301,175.2460931723377,41.29771395051547
2025-12-18 05:00:00,847.211088352373,239.57598987447471,69.90903000518406
2025-12-18 06:00:00,1319.3240781788365,391.53967994129437,111.08339081750461
2025-12-18 07:00:00,1817.8760730223062,537.7998734673055,128.97769508895223
2025-12-18 08:00:00,2230.9213358180846,660.5970280086323,179.4706744722717
2025-12-18 09:00:00,2460.44092641375,706.6622757410852,201.98485923412213
2025-12-18 10:00:00,2526.5812003031624,731.9410086426453,204.6290149907821
2025-12-18 11:00:00,2593.66834486566,712.871045916569,230.18847083713172
2025-12-18 12:00:00,2547.2203509361575,701.3813053026017,176.08181857301972
2025-12-18 13:00:00,2416.5198121270314,680.4175703210694,177.9174243816434
2025-12-18 14:00:00,2369.3776544028838,713.7185519181852,168.17823162491752
2025-12-18 15:00:00,2418.239468504511,679.3828042714912,193.96949658356655
2025-12-18 16:00:00,2389.1475121594467,683.0544897820527,170.01955725389067
2025-12-18 17:00:00,2139.6908799047624,655.6009899462174,155.07303474227706
2025-12-18 18:00:00,2096.686738000455,587.2962384797174,191.2326450119979
2025-12-18 19:00:00,2145.246385672785,589.7848317886169,194.917946311607
2025-12-18 20:00:00,2215.1307620474026,633.4006870297449,161.73098677507753
2025-12-18 21:00:00,2153.5477934691385,616.469958238582,142.88996155781504
2025-12-18 22:00:00,2043.5324053758993,544.7373421833518,178.99619205488784
2025-12-18 23:00:00,1655.667377211242,518.9114200285017,131.95624982450963
2025-12-19 00:00:00,1274.2204410526135,387.90938934839664,90.08656117887641
2025-12-19 01:00:00,954.9755039093058,333.47867034726863,63.17663890359758
2025-12-19 02:00:00,671.5147473834696,230.10057778681445,42.62840657059573
2025-12-19 03:00:00,540.5748607706279,189.46287547017403,35.52661501025899
2025-12-19 04:00:00,511.8365207748169,184.4289774197786,39.06746477085343
2025-12-19 05:00:00,791.3247393880412,273.260002284706,51.92608569581718
2025-12-19 06:00:00,1148.2139588421303,431.9194043430838,86.06615967624374
2025-12-19 07:00:00,1693.1059657223125,524.4500699628303,113.97775849015663
2025-12-19 08:00:00,2062.234429279989,675.0405604453795,123.89002187041966
2025-12-19 09:00:00,2273.8316634151033,733.1437949363857,184.83572889616158
2025-12-19 10:00:00,2399.922727383201,737.2119887946341,175.77149756501728
2025-12-19 11:00:00,2446.0987645546957,773.6960674703479,170.24800574112936
2025-12-19 12:00:00,2274.601853636296,854.9038821087738,170.88774932535662
2025-12-19 13:00:00,2304.6307952038833,758.274633430768,126.7623317849632
2025-12-19 14:00:00,2301.125411733472,825.4340633681935,146.62736979979366
2025-12-19 15:00:00,2100.933450894334,812.2467203256997,126.66403192944159
2025-12-19 16:00:00,2194.627376178246,822.7114845669714,149.7737073056616
2025-12-19 17:00:00,1964.9706071466758,751.2727542676635,146.4479928434256
2025-12-19 18:00:00,1985.7385745385118,740.6582139771238,138.81167361927393
2025-12-19 19:00:00,1938.685839454332,679.1801409009075,155.04188774839693
2025-12-19 20:00:00,2143.7441328937844,695.4657268112225,118.5495733835926
2025-12-19 21:00:00,1994.7310712566173,697.6788595650447,129.2314695863564
2025-12-19 22:00:00,1746.73783458083,611.046909426707,131.2943148356695
2025-12-19 23:00:00,1549.1060964779206,518.7447522519367,108.93757051822074
2025-12-20 00:00:00,1448.1609815849108,584.0474457163879,90.81906661715136
2025-12-20 01:00:00,1017.685969345347,399.41346729188916,86.71326608425927
2025-12-20 02:00:00,805.4754590991625,284.9919965012612,66.94749208427297
2025-12-20 03:00:00,597.5218881973176,247.65221839836744,47.83250581426737
2025-12-20 04:00:00,601.365108088544,230.22423348432324,37.45142992766223
2025-12-20 05:00:00,913.1627507404645,346.8047121624185,68.23251065269996
2025-12-20 06:00:00,1429.2828127535627,534.0090536164703,104.75297804169271
2025-12-20 07:00:00,2004.9866477013566,730.8857657007237,135.732817983831
2025-12-20 08:00:00,2451.2575141570755,963.8141941489815,196.90937539154174
2025-12-20 09:00:00,2661.932067958465,1020.0128415641645,190.78738165801406
2025-12-20 10:00:00,2617.2979985323195,1140.5704682483463,249.1045687473769
2025-12-20 11:00:00,2824.7060690045882,1085.4945023476319,219.0489057580727
2025-12-20 12:00:00,2853.057966728133,1049.6130329550551,203.97642900451044
2025-12-20 13:00:00,2765.4948976550268,1036.1773816384314,212.44628895546975
2025-12-20 14:00:00,2667.1443216809726,949.5334911872061,221.8113301672927
2025-12-20 15:00:00,2493.707907296896,1008.3844477097854,204.54709026482757
2025-12-20 16:00:00,2475.413439519683,1006.0339796988394,180.07762547860435
2025-12-20 17:00:00,2534.7510142598444,969.3634167844399,161.3983216459243
2025-12-20 18:00:00,2232.348820803655,835.5629562663337,147.5941830354639
2025-12-20 19:00:00,2262.7986246164483,833.1335340240656,124.34894188159153
2025-12-20 20:00:00,2468.1735386678683,901.0051347267403,177.08028985293822
2025-12-20 21:00:00,2375.9092142130326,986.98523663818,166.5165941884037
2025-12-20 22:00:00,2065.8497059960646,830.5289702974351,148.81886438836048
2025-12-20 23:00:00,1877.56804503672,666.6871296804269,144.62526815014786
2025-12-21 00:00:00,1500.0209651986822,466.6336375584325,104.92099006350796
2025-12-21 01:00:00,1062.2517997531895,351.84837496877395,92.7863432427466
2025-12-21 02:00:00,776.530226521419,261.9900190429783,53.96457359946553
2025-12-21 03:00:00,675.8560155774962,226.47157264166907,41.03311864008702
2025-12-21 04:00:00,625.2978920529748,222.45177097380866,38.770258913385284
2025-12-21 05:00:00,974.5543799839586,301.73681454594146,72.52516451676642
2025-12-21 06:00:00,1448.3435784514884,496.35434891845995,113.96296366975756
2025-12-21 07:00:00,1927.6200138434212,683.8035941778016,131.26351166666768
2025-12-21 08:00:00,2369.6129521665616,768.2639056910999,152.56779586212505
2025-12-21 09:00:00,2811.8743112037682,912.2601782281546,225.91147434729606
2025-12-21 10:00:00,2954.392329793879,977.8411083803248,171.62757586795843
2025-12-21 11:00:00,2676.7997267129413,964.9402660481508,224.7275264445529
2025-12-21 12:00:00,2813.1190183297426,861.2820176560621,186.42421921579748
2025-12-21 13:00:00,2693.553427241592,921.7866461453947,202.15352355986894
2025-12-21 14:00:00,2585.155546187089,929.9393496296054,213.14569925771204
2025-12-21 15:00:00,2626.7404517216146,951.2983936011467,196.6472595942839
2025-12-21 16:00:00,2444.0720678001785,832.9182030994237,176.32836685801038
2025-12-21 17:00:00,2399.5304201136964,802.2192079376036,200.68694695364405
2025-12-21 18:00:00,2297.352680585901,788.3094363638062,173.78546966834278
2025-12-21 19:00:00,2330.339255294882,812.2394174645499,237.001074109674
2025-12-21 20:00:00,2426.3492678464954,827.82672267417,142.1985622774149
2025-12-21 21:00:00,2362.2458751379345,848.0462241408432,141.91996243109836
2025-12-21 22:00:00,2254.592032972827,692.1062556343576,171.54341058543312
2025-12-21 23:00:00,1845.4048239157578,628.7709422296808,130.0989354247808
2025-12-22 00:00:00,1365.9348463854042,408.2498331688249,95.74632798820438
2025-12-22 01:00:00,938.4131506252058,304.74222525804703,56.31421866145803
2025-12-22 02:00:00,693.0957967256655,248.08045656091983,48.0003248954835
2025-12-22 03:00:00,588.1710251822486,170.1694079502171,39.88950782881006
2025-12-22 04:00:00,539.8425802199581,176.21334587593748,35.012240819831106
2025-12-22 05:00:00,819.1564480096187,251.48360525576237,57.213487103058995
2025-12-22 06:00:00,1266.0140053988362,407.01432407193454,71.74799782824411
2025-12-22 07:00:00,1659.136917499573,587.8360577959232,121.48706692305889
2025-12-22 08:00:00,2154.4346360912896,693.3529359194885,165.61013496379718
2025-12-22 09:00:00,2413.7821731586278,768.8380482945984,139.4674514415968
2025-12-22 10:00:00,2582.888294141638,864.2475518859269,145.37264579385956
2025-12-22 11:00:00,2544.231253404508,821.0993589103575,189.96901214268632
2025-12-22 12:00:00,2523.170977728724,824.0583203166489,141.57850618584234
2025-12-22 13:00:00,2367.7626896074657,799.9560078021068,175.66364556721524
2025-12-22 14:00:00,2282.915426752003,655.588395622589,159.54426393572834
2025-12-22 15:00:00,2426.5637829931175,743.2340069587061,148.33630097062536
2025-12-22 16:00:00,2136.6793856250697,688.679323278698,175.31340933100535
2025-12-22 17:00:00,2051.231281658516,667.580637239641,159.37752166227645
2025-12-22 18:00:00,2097.308801065956,720.1107230797259,144.2161620164367
2025-12-22 19:00:00,2170.9039167826954,663.7934376107236,108.00770886915984
2025-12-22 20:00:00,2147.6534765594624,759.1527314879218,155.99522004693807
2025-12-22 21:00:00,2195.967250718979,648.1225447231216,128.0600964124916
2025-12-22 22:00:00,1791.828891822791,585.3754491136633,125.57005416006541
2025-12-22 23:00:00,1576.8606317997096,539.8048686545499,108.50428893774277
2025-12-23 00:00:00,1233.32482296938,405.96200660057514,107.06518019978833
2025-12-23 01:00:00,963.5615781980221,303.5413953821068,62.605286631525885
2025-12-23 02:00:00,673.6315893558424,222.09277201625338,40.66194422486279
2025-12-23 03:00:00,540.6738992610789,176.60603966941616,44.35538246080369
2025-12-23 04:00:00,556.6132751108554,171.48169913583578,40.39626505812505
2025-12-23 05:00:00,847.9535222878875,263.46834206809046,60.85236777668705
2025-12-23 06:00:00,1236.1864636976356,406.05497272141275,98.40234352654717
2025-12-23 07:00:00,1746.9883133621952,588.0029663429872,139.25648684145614
2025-12-23 08:00:00,2145.627248217479,663.8928756591255,130.3728497766657
2025-12-23 09:00:00,2362.4262325739755,739.4745847712727,137.82296264464136
2025-12-23 10:00:00,2419.8848526497536,771.7137652429815,185.91438592392794
2025-12-23 11:00:00,2523.447738936556,843.9548247269814,164.75777904513407
2025-12-23 12:00:00,2478.183317379812,798.5816618050443,163.2196927337512
2025-12-23 13:00:00,2436.0697682009927,684.5797941378586,142.54902146928143
2025-12-23 14:00:00,2361.2850254890204,672.6723639296017,169.87733869856825
2025-12-23 15:00:00,2218.2586148607993,698.0993416496093,163.33178796726037
2025-12-23 16:00:00,2276.4135316276324,716.241451354891,149.881720263721
2025-12-23 17:00:00,2137.690479095219,676.9419818807332,124.00820654747463
2025-12-23 18:00:00,2038.2318040082775,671.6212199188745,159.4734224575785
2025-12-23 19:00:00,2060.9351038567233,653.4989307116272,145.76712569240627
2025-12-23 20:00:00,2096.561304645875,723.8739771134519,163.56542143546292
2025-12-23 21:00:00,2190.841130752385,703.3644020155075,112.72797199888163
2025-12-23 22:00:00,1823.6156989570027,604.5108395026564,130.40758607968345
2025-12-23 23:00:00,1555.7306884647303,535.6329839942338,100.75306678485447
2025-12-24 00:00:00,1292.01851853128,396.4533069729063,87.90164147051641
2025-12-24 01:00:00,987.314582244248,310.8400862971563,69.90828462342957
2025-12-24 02:00:00,725.9967217590586,234.54638316935777,49.249186541118945
2025-12-24 03:00:00,535.7963362221823,190.9224664770781,37.778965087786474
2025-12-24 04:00:00,570.2946177016042,166.499180747881,36.95196677573343
2025-12-24 05:00:00,856.075008036713,269.1271544507733,46.04928838572924
2025-12-24 06:00:00,1203.3234948806162,418.9971539166097,75.34694715732388
2025-12-24 07:00:00,1601.7809372532145,582.4312811330916,129.73591857261957
2025-12-24 08:00:00,2114.0333386080288,740.0078853750575,134.46024116245354
2025-12-24 09:00:00,2456.423109013345,815.8797078049922,179.65633313022087
2025-12-24 10:00:00,2612.68373309567,824.0246527602891,182.9834044019162
2025-12-24 11:00:00,2428.9897318812173,849.356161723832,183.06275971386685
2025-12-24 12:00:00,2561.106207443405,798.8176141788765,169.8526766771583
2025-12-24 13:00:00,2233.560879434825,792.4800731725402,152.38588272185623
2025-12-24 14:00:00,2321.721930198097,804.8215980951204,154.94071824039915
2025-12-24 15:00:00,2271.1584927936165,757.5346408557972,164.98771714083168
2025-12-24 16:00:00,2310.0855947685113,752.3640095794667,115.72690911962856
2025-12-24 17:00:00,2219.933855517323,740.677487491266,163.19869618704396
2025-12-24 18:00:00,2125.5815499079054,707.5913058374351,131.50118266443198
2025-12-24 19:00:00,2003.8355126086897,729.0331986438202,138.5208262390536
2025-12-24 20:00:00,2193.866930056946,787.4843883207511,142.63795244474426
2025-12-24 21:00:00,2172.71242605509,731.831269968616,143.22656239339616
2025-12-24 22:00:00,1813.9412790855167,614.6093350502051,109.61002300974118
2025-12-24 23:00:00,1510.8117699462828,542.8421944393882,109.42870505009125
2025-12-25 00:00:00,1279.3833863003795,446.3346799917824,80.03574996201947
2025-12-25 01:00:00,896.1457034839923,325.5379807019847,42.42886493223493
2025-12-25 02:00:00,648.1049942973048,253.0323668540815,34.93802739089708
2025-12-25 03:00:00,532.0567200716075,172.55082847892916,35.505240097054724
2025-12-25 04:00:00,529.071012654248,197.3082275969055,34.10989157301446
2025-12-25 05:00:00,784.6350229796845,300.77189093541745,49.10431023882021
2025-12-25 06:00:00,1134.812393576045,427.8322518027244,66.45293826072897
2025-12-25 07:00:00,1729.6414552006447,593.2863906572594,107.07322731067445
2025-12-25 08:00:00,2076.6985708081074,700.7870981689032,106.2814438939819
2025-12-25 09:00:00,2250.0559052808026,797.5261594546182,135.33637163874764
2025-12-25 10:00:00,2365.8910855079216,865.6480266857069,123.89531690786025
2025-12-25 11:00:00,2397.9657075699765,858.9071261502205,141.078502117044
2025-12-25 12:00:00,2254.9820363727245,845.8240016342138,125.1351664233413
2025-12-25 13:00:00,2291.799427936096,821.4512187530833,148.6081851864753
2025-12-25 14:00:00,2153.9229104000715,819.3798986797033,141.64439758963348
2025-12-25 15:00:00,2187.058843784198,798.4875013988975,124.3611431786161
2025-12-25 16:00:00,2064.610276798409,712.0471725692119,144.310717696955
2025-12-25 17:00:00,1979.0960811358195,745.9644676357219,110.77899102469974
2025-12-25 18:00:00,2065.1017393085035,755.3466447469289,118.95939187210696
2025-12-25 19:00:00,1989.0621428954244,696.1496424549341,112.11857649405414
2025-12-25 20:00:00,2054.7216209233156,769.1089812577825,133.48208320399425
2025-12-25 21:00:00,1928.1292996571374,685.2749140428248,132.15988486205507
2025-12-25 22:00:00,1784.1927867678314,635.9896120386356,125.19826247452335
2025-12-25 23:00:00,1548.5862528632529,520.0268567850337,93.30222503511779
2025-12-26 00:00:00,1289.580949939725,447.38918762336095,52.12209968140894
2025-12-26 01:00:00,873.1261563080801,327.8859170691623,52.940796877533685
2025-12-26 02:00:00,697.2837539043198,225.60622838487188,48.453918805126165
2025-12-26 03:00:00,557.4775995687473,190.66463336974567,31.824201582067918
2025-12-26 04:00:00,559.4036055140148,190.68857916171862,25.58403648282269
2025-12-26 05:00:00,796.3002210307933,264.8142963140979,50.839840297550104
2025-12-26 06:00:00,1147.0667101489953,402.647396613096,77.28817253237884
2025-12-26 07:00:00,1647.9833362652305,573.9775096333652,93.35342127853028
2025-12-26 08:00:00,2020.290457736626,653.721773588975,121.24810594087596
2025-12-26 09:00:00,2391.6800617769927,770.3721961018515,127.23514852192827
2025-12-26 10:00:00,2274.581613585019,888.2581268473275,155.43378686595912
2025-12-26 11:00:00,2418.8735562265506,781.6058247669871,147.3098418287768
2025-12-26 12:00:00,2498.062510533614,818.0081703485914,125.48827699396614
2025-12-26 13:00:00,2343.9349897417424,785.7075713931118,139.92807885366415
2025-12-26 14:00:00,2365.879899915267,748.7493698789026,127.02048332629654
2025-12-26 15:00:00,2157.2821036691703,747.238295976771,156.49833838042414
2025-12-26 16:00:00,2103.497315564652,781.0851981618432,144.3415870703457
2025-12-26 17:00:00,2192.3254753051974,707.6623367226206,124.31571789279077
2025-12-26 18:00:00,2042.7572896416634,688.9510168955034,122.8224251506784
2025-12-26 19:00:00,2054.6954939624416,721.8137697470254,135.88784435477476
2025-12-26 20:00:00,2041.9009588384592,679.5570305237659,123.6162277165539
2025-12-26 21:00:00,2113.654101046204,654.3023405649717,136.31666809462848
2025-12-26 22:00:00,1812.0687342001033,664.4820275034363,129.77202696372362
2025-12-26 23:00:00,1629.5870321170087,519.1699937705886,89.27216509428399
2025-12-27 00:00:00,1520.3205570054197,516.24463552838,99.21472874803995
2025-12-27 01:00:00,1037.321381129636,345.2972301012064,69.95963353467258
2025-12-27 02:00:00,750.4682466694463,272.65763625872364,46.77199615871504
2025-12-27 03:00:00,565.2872452824612,201.78620735937446,34.52488915644316
2025-12-27 04:00:00,567.3516726686936,209.19198964881065,36.399300628103056
2025-12-27 05:00:00,932.5635349858292,303.2605022883063,51.87258337430723
2025-12-27 06:00:00,1309.0859969213573,452.0867173421078,73.46147446896687
2025-12-27 07:00:00,1847.4368882830238,644.3236033473179,117.69631874200357
2025-12-27 08:00:00,2336.900671727606,714.699048302745,121.6654877517493
2025-12-27 09:00:00,2687.1378063322272,853.1462801149602,148.19434527450377
2025-12-27 10:00:00,2694.9470712032266,985.2353038212036,155.8752630277067
2025-12-27 11:00:00,2666.5980933338096,960.6501757708647,137.04392641067645
2025-12-27 12:00:00,2650.476525465694,878.4358999296263,168.92644881727804
2025-12-27 13:00:00,2535.0872492713943,927.81527516779,150.0282377703593
2025-12-27 14:00:00,2500.6686578534077,852.4081913061192,172.79272982547099
2025-12-27 15:00:00,2518.1397216960027,902.5043825566918,144.48603886120762
2025-12-27 16:00:00,2437.18188850356,844.5753583912225,138.18924920896475
2025-12-27 17:00:00,2459.0117521768393,800.184340997303,124.8202515695666
2025-12-27 18:00:00,2270.4956443553715,782.2420145905143,134.28289820962542
2025-12-27 19:00:00,2328.5072276698106,888.0909108657044,135.14177217205796
2025-12-27 20:00:00,2251.407753870206,783.1293959299475,149.46010261393286
2025-12-27 21:00:00,2354.8854846557206,821.8799194432553,139.36195605261193
2025-12-27 22:00:00,2019.7516349225216,749.3726684906934,150.72403720951004
2025-12-27 23:00:00,1756.2195043635193,580.1394180751099,108.66479036120677
2025-12-28 00:00:00,1473.133017918045,409.5568068941468,62.895485588364025
2025-12-28 01:00:00,1048.473889548529,312.1307806974772,45.09500089934903
2025-12-28 02:00:00,834.0061131652452,248.75839463488327,40.272236235486446
2025-12-28 03:00:00,646.9475814690454,187.86204337770474,26.96965570768314
2025-12-28 04:00:00,628.8769566674215,184.85560353523016,31.569701551596182
2025-12-28 05:00:00,933.7555435595043,293.0782573819449,48.85305992574267
2025-12-28 06:00:00,1446.8635358013912,406.88248836741093,73.86040149525881
2025-12-28 07:00:00,1833.397527988098,583.9496808408576,84.30205359301208
2025-12-28 08:00:00,2438.075411509852,668.2018011042716,125.79777621851383
2025-12-28 09:00:00,2567.2200496981604,823.2664929368595,133.11409386437398
2025-12-28 10:00:00,2729.3822356606215,860.9096953837382,126.21156372867142
2025-12-28 11:00:00,2803.0824183148206,879.9896561948344,132.12923124832326
2025-12-28 12:00:00,2799.9259487564223,785.0314552595624,138.5818332708846
2025-12-28 13:00:00,2555.249669738517,803.1641560817461,119.26451381334059
2025-12-28 14:00:00,2563.257048050284,749.0789242673716,130.82183727012418
2025-12-28 15:00:00,2554.3107911355346,772.8403508831227,143.502803084185
2025-12-28 16:00:00,2468.0711763555714,816.3711715647696,133.4674957958933
2025-12-28 17:00:00,2431.407036573442,717.840566803059,116.71529715485539
2025-12-28 18:00:00,2515.337952951891,658.1313547164679,114.64008084107414
2025-12-28 19:00:00,2335.4105200815784,685.4601451250211,105.91026703044885
2025-12-28 20:00:00,2326.0037362063877,672.3329630101047,109.30864639211786
2025-12-28 21:00:00,2288.7755301776456,683.4498822832858,96.45330735799723
2025-12-28 22:00:00,2090.0550121585457,668.6393935164484,105.54372387891588
2025-12-28 23:00:00,1730.6066981647007,507.52188109868825,92.97388069929632
2025-12-29 00:00:00,1364.1409495038185,409.13712195187145,87.71409836228588
2025-12-29 01:00:00,987.2476983577687,292.17951337837434,57.92432197281468
2025-12-29 02:00:00,717.787854167684,212.0652439350607,48.07632141544651
2025-12-29 03:00:00,610.6201939154513,175.07357885552997,43.48910579148752
2025-12-29 04:00:00,554.5312419917901,161.77496144295367,40.7739898427064
2025-12-29 05:00:00,848.228405660497,265.10034448489796,55.68808061546256
2025-12-29 06:00:00,1307.5529205515659,371.51992588779984,103.00085555436603
2025-12-29 07:00:00,1824.4610829348087,522.8595370339195,150.9611034399229
2025-12-29 08:00:00,2266.9928383945626,639.1565002314322,136.22204642509936
2025-12-29 09:00:00,2490.867613235562,761.3144626616429,157.27594572433634
2025-12-29 10:00:00,2661.163002071414,794.1994552290116,182.4315732380301
2025-12-29 11:00:00,2525.1038980341764,672.4455466320203,152.21279185592317
2025-12-29 12:00:00,2588.0478192086007,764.569941367318,180.8524695366977
2025-12-29 13:00:00,2523.6055023437802,674.5671505641559,163.34656107284565
2025-12-29 14:00:00,2526.6803941565663,713.6386071895461,165.53083258359933
2025-12-29 15:00:00,2264.0468044250547,707.0690022038051,146.17877219377914
2025-12-29 16:00:00,2254.1673672325182,680.4605671145029,138.88048456188625
2025-12-29 17:00:00,2264.556164879585,678.6401633269528,114.10356675898299
2025-12-29 18:00:00,1980.927182563463,662.6465281397565,162.98567835400604
2025-12-29 19:00:00,2181.296600904151,619.95215096925,155.6283496469225
2025-12-29 20:00:00,2279.1877238830366,636.6326416154353,155.89429281222138
2025-12-29 21:00:00,2178.0320158287163,661.4351526390803,150.78550915251557
2025-12-29 22:00:00,1942.3011208738853,544.4919049384449,96.88402236234565
2025-12-29 23:00:00,1606.553660737143,484.3023955546749,99.88688372828713
2025-12-30 00:00:00,1217.6924977163744,474.03534447414455,83.48233964539138
2025-12-30 01:00:00,882.2478853991668,298.68564178706146,54.886835138008934
2025-12-30 02:00:00,654.406280767575,236.3033505095748,37.863329535978714
2025-12-30 03:00:00,519.7407966182567,185.63828458568045,32.97510337470072
2025-12-30 04:00:00,515.3721353034202,205.16002906818005,36.274955887508895
2025-12-30 05:00:00,774.6675896211877,273.89148874330357,54.54578686442238
2025-12-30 06:00:00,1240.53752765455,414.6857792030747,89.95061741036473
2025-12-30 07:00:00,1615.700260856145,559.010689698434,138.8475330216322
2025-12-30 08:00:00,2028.2459528126747,723.8139388666972,149.94288892239263
2025-12-30 09:00:00,2222.7069752884136,824.2143530221108,153.99063989983833
2025-12-30 10:00:00,2333.744971528109,817.916551591398,196.978951021937
2025-12-30 11:00:00,2249.0397940722028,891.1131317636249,136.00581395037153
2025-12-30 12:00:00,2214.322772397012,844.9940335982923,124.73679758262128
2025-12-30 13:00:00,2182.9508868826724,847.1089085085256,141.9155908173112
2025-12-30 14:00:00,2236.4057277285337,788.5771200168489,168.18287555800643
2025-12-30 15:00:00,2245.01267177828,794.148929629723,154.2016253209736
2025-12-30 16:00:00,2016.7316987579059,756.5594976724611,129.48920333494715
2025-12-30 17:00:00,2000.5238176569208,783.2710423718373,130.06637718807244
2025-12-30 18:00:00,1888.4967267962152,711.0838155268317,118.10768778553303
2025-12-30 19:00:00,1960.2472205270544,711.50331652779,118.7913340810466
2025-12-30 20:00:00,2092.7203863925106,715.4591072884492,164.8532041993693
2025-12-30 21:00:00,2006.3225033718509,713.4161157881258,138.97871561598484
2025-12-30 22:00:00,1801.8599158705533,657.2464745505124,149.36291838270841
2025-12-30 23:00:00,1581.7481750999011,569.0970768418752,95.44619623012521
2025-12-31 00:00:00,1303.3202761191865,383.6713594356534,102.3218249035466
2025-12-31 01:00:00,911.7042281972326,288.9851825853683,72.05560086083302
2025-12-31 02:00:00,697.6368364886974,216.07775417694805,57.4297940627012
2025-12-31 03:00:00,539.632881973774,173.28851014623595,42.85548520701527
2025-12-31 04:00:00,546.9018272680635,152.9152376970993,45.161450951538505
2025-12-31 05:00:00,824.7174982316865,239.48372221173577,65.06379009385482
2025-12-31 06:00:00,1180.758043165878,353.53648525617166,81.74746876800674
2025-12-31 07:00:00,1709.8026321172356,525.4954675263496,138.6460678290618
2025-12-31 08:00:00,2085.5328339910993,617.0843632420816,156.21822649877728
2025-12-31 09:00:00,2388.8136738917847,708.1497099838107,162.73108375394892
2025-12-31 10:00:00,2528.8648144441,718.0678200226913,200.60824755060037
2025-12-31 11:00:00,2492.43300053478,743.6482704080144,204.21817180337428
2025-12-31 12:00:00,2391.824132339257,703.383874546695,172.6026172105323
2025-12-31 13:00:00,2414.3544702236045,752.1681576004208,170.92030040471866
2025-12-31 14:00:00,2260.9730995654063,731.174411781203,148.72066634385035
2025-12-31 15:00:00,2186.3747081106394,705.084008116265,137.93767925759389
2025-12-31 16:00:00,2013.5688262340248,671.7754672435796,162.54904319255706
2025-12-31 17:00:00,2111.9506161428903,588.1921480053448,173.45681123883526
2025-12-31 18:00:00,1998.0967934324542,616.6159944828088,144.82816379317103
2025-12-31 19:00:00,2079.7140478862084,610.8839379466216,179.2807347349361
2025-12-31 20:00:00,1999.5976579114733,660.3151836671703,156.22479666288478
2025-12-31 21:00:00,2077.8480735999215,672.0707432756889,156.2950407666205
2025-12-31 22:00:00,1903.8531927546362,588.5529485038364,137.44406296118527
2025-12-31 23:00:00,1537.4873966045814,517.9562460135746,132.21065981894947
